{"type":"FeatureCollection","crs":{"type":"name","properties":{"name":"EPSG:4326"}},"features":[{"type":"Feature","geometry":{"type":"MultiPolygon","coordinates":[[[[-71.0183115046171,42.2818147972482],[-71.03894147493,42.2819046753343],[-71.0388407376303,42.2822136970597],[-71.0384742107094,42.282717950353],[-71.0384710158509,42.2831563907511],[-71.0382867931703,42.2835268451814],[-71.0381034918581,42.2837959498175],[-71.0377421164851,42.2835920498987],[-71.037605917332,42.2836250624662],[-71.0375597341637,42.2837602012705],[-71.0378751163705,42.2839974911695],[-71.0373276639263,42.2844673013163],[-71.0368381497545,42.284056150373],[-71.0365471545084,42.2840549766793],[-71.0361913236868,42.2840535404774],[-71.0363546320655,42.2838113749315],[-71.0361297098823,42.2836164416021],[-71.0360645221824,42.2836645808521],[-71.0361279333983,42.283858999112],[-71.0357361290658,42.2843428079237],[-71.0352139744494,42.284971449467],[-71.034951098374,42.2854798488619],[-71.034754657117,42.28584303206],[-71.0347206296432,42.2860369194128],[-71.0347518046886,42.2862313310069],[-71.0344574049461,42.2866668660332],[-71.0341651388497,42.2867866982118],[-71.0339060047695,42.286834583504],[-71.0335512389533,42.2867117305906],[-71.0332276290038,42.2867104160992],[-71.0331321695307,42.2864915353723],[-71.0331336007706,42.2862973790819],[-71.0330039534329,42.2863210458795],[-71.0330028797054,42.2864666630924],[-71.0329369697557,42.2866120167013],[-71.0329038406294,42.2867332949225],[-71.0330324277176,42.2868310356808],[-71.0329989427631,42.2870005791443],[-71.0328678569187,42.2871940713121],[-71.0326083454448,42.2872902336876],[-71.0322858135798,42.2871675080244],[-71.0319953510253,42.2870448984121],[-71.0320272204337,42.287166454861],[-71.0322849169643,42.287288917291],[-71.0323150151849,42.2875558004463],[-71.0321502493385,42.2879918572334],[-71.0320196905412,42.2881854874868],[-71.0318558226104,42.2884275086681],[-71.0317897399958,42.2886454730953],[-71.0317886635383,42.2887910765364],[-71.031722385988,42.2889604996121],[-71.031494763245,42.2891297987588],[-71.0313316134769,42.2892988127959],[-71.0309439148109,42.2898514958754],[-71.0307441576996,42.290000176604],[-71.0305163472362,42.2901690622556],[-71.0303540964163,42.2902410112647],[-71.0303535560071,42.2903138826867],[-71.0301583223972,42.290458704593],[-71.0300605488214,42.2905551118092],[-71.0298655081459,42.2906513947819],[-71.0297695181564,42.2905298492202],[-71.0294460650198,42.2904799843015],[-71.0290590508134,42.2903571224846],[-71.0288656367827,42.2902349165674],[-71.0287381341207,42.2900161611373],[-71.0286426971385,42.2897730794957],[-71.0284822275153,42.2895783958579],[-71.0283543812334,42.2893593771284],[-71.0281939177151,42.2891888880359],[-71.0280975692306,42.2891158937543],[-71.0279356741782,42.289090622868],[-71.027902534178,42.2892118995861],[-71.027934045575,42.2893091101075],[-71.0277716106575,42.2894056467625],[-71.0276432107703,42.2893079146169],[-71.0276777974039,42.288992742017],[-71.0276475530946,42.2887257201195],[-71.0274865630028,42.2885793144738],[-71.0271647592992,42.2883594951701],[-71.027067862854,42.2883108159346],[-71.0269072281836,42.2881887427893],[-71.0268429522266,42.2881157413649],[-71.0267140093439,42.288066532739],[-71.0265843389384,42.288114675882],[-71.0262609063736,42.2881133425252],[-71.0260010340553,42.2882336834804],[-71.0260323606954,42.2883548285882],[-71.0261618544631,42.2883553627936],[-71.0264209922163,42.2882839572835],[-71.0265508339871,42.2882844924856],[-71.0265169805453,42.2884540313465],[-71.0262889832981,42.2886471165669],[-71.0261904511757,42.2888168005926],[-71.0263844028955,42.2888661409043],[-71.0266779629405,42.2885517758012],[-71.0267435220226,42.2884308931344],[-71.0269680880698,42.2886743837529],[-71.0270642401796,42.288795932402],[-71.0271933572318,42.2888936818572],[-71.0270935828581,42.2892327672496],[-71.0272207009535,42.2895490023641],[-71.0270582608562,42.2895966140836],[-71.0268304446378,42.2897898243236],[-71.0267328253219,42.2898622945871],[-71.0267647060171,42.2899592467833],[-71.0269265976064,42.2899358418571],[-71.0271214697072,42.2898152312844],[-71.0272516672502,42.2897188230504],[-71.0274440098476,42.289962043112],[-71.0275396160202,42.2901568585384],[-71.0277969754147,42.2903519417734],[-71.0279248229397,42.2905463553631],[-71.0279874925012,42.2908378558707],[-71.0284726531241,42.2908643170259],[-71.0289891577828,42.2910362522731],[-71.0292468783983,42.2911587214808],[-71.0295696142166,42.2912810592662],[-71.0297650155661,42.2911362377852],[-71.0301203326671,42.2911622973429],[-71.0305091545534,42.291139281303],[-71.0308010838746,42.2910436668528],[-71.0309948735824,42.2910686667939],[-71.0314159223004,42.291021967712],[-71.0316106146068,42.2909498893249],[-71.0318056523259,42.2908534801564],[-71.0318701185797,42.2908295342432],[-71.032129277848,42.2908305900041],[-71.0319036232064,42.2907328636472],[-71.0319045205923,42.2906114557452],[-71.0318416542793,42.2903441639834],[-71.0320384776,42.2899808506012],[-71.0322021774422,42.289714880067],[-71.0325603525728,42.2894252319831],[-71.0325617865416,42.2892309525892],[-71.032497862323,42.2891092795955],[-71.0326276921538,42.2890614042992],[-71.0327894201466,42.2890620621661],[-71.0329828412361,42.2891841245919],[-71.0331769829987,42.2891607050482],[-71.0333707545766,42.2892100328026],[-71.0336286391181,42.2893081610225],[-71.0337244680966,42.2895027119977],[-71.0336573176035,42.2898664178019],[-71.0336886547547,42.2899634890606],[-71.0337844655606,42.2901581631154],[-71.0337182165364,42.2903517960213],[-71.0336191682582,42.2905942196098],[-71.0336168463132,42.2909095110763],[-71.0336451689822,42.2915161697784],[-71.0339043184945,42.2914688179372],[-71.0343572478898,42.2914706546563],[-71.034485486487,42.2915923269992],[-71.0350230296695,42.2933173137145],[-71.035279522327,42.2936579977531],[-71.0355942709216,42.2948724802767],[-71.0358162261014,42.2954799204097],[-71.0361031810055,42.2960876224913],[-71.0371285162016,42.2974507251447],[-71.0377381170596,42.2982052064569],[-71.0383152911362,42.2989112738381],[-71.0388924862398,42.2996415468222],[-71.0392776499629,42.3000798183635],[-71.0394374399953,42.3003228869827],[-71.0394689904853,42.3004686345503],[-71.0393708493921,42.3006379201911],[-71.03917561777,42.3007584266397],[-71.0392066219179,42.3009285038752],[-71.0371343368731,42.3010902658523],[-71.035547468292,42.3012536767496],[-71.0349973745027,42.3012514518243],[-71.0304728520777,42.3003836840378],[-71.0306720565264,42.2997292778348],[-71.0305753448005,42.2996803423468],[-71.0306106316423,42.2993167826397],[-71.0287035579891,42.2989691928914],[-71.0283724799465,42.2999868954458],[-71.0280491783762,42.2999128326116],[-71.0280158381386,42.3000825117756],[-71.0278863410478,42.3000819797463],[-71.0278222149765,42.2999846354196],[-71.0274664773658,42.2999589780505],[-71.027467202847,42.2998617632875],[-71.0254308021092,42.29953793282],[-71.0251402764992,42.2994154582217],[-71.0248100536928,42.3003604036939],[-71.0247422879296,42.3007485714781],[-71.0248371941799,42.3010155992448],[-71.0249652540595,42.3012104136186],[-71.0252228104904,42.301357099366],[-71.0292631473191,42.3020528642913],[-71.0291973970091,42.3021982160492],[-71.025189660825,42.3014781148463],[-71.0249641615926,42.3013560303149],[-71.0247712698136,42.3011608108921],[-71.0246443063671,42.3008691801755],[-71.0246147942928,42.3004810086366],[-71.0249463012682,42.2994391236254],[-71.0246891141375,42.2991952209158],[-71.0242064216571,42.298829246638],[-71.0235958838182,42.2982443806178],[-71.0234035560573,42.298049558143],[-71.0232760679966,42.2977337285875],[-71.0233429094755,42.2974911667551],[-71.0236370698055,42.2971043370309],[-71.0237689510448,42.296764977364],[-71.0236454658251,42.2959882426014],[-71.0238410915168,42.295770422912],[-71.0237786208153,42.2954791950535],[-71.0234566118083,42.2952836979887],[-71.0232633756878,42.2951372885918],[-71.0229721453483,42.2951360797464],[-71.0228439185873,42.2949658541541],[-71.0227486659425,42.2947226328992],[-71.0227501272434,42.2945287372203],[-71.0228486720889,42.2943349983159],[-71.0228820079354,42.2942138485469],[-71.0230125919119,42.2940929765902],[-71.0230459251281,42.2939476304575],[-71.0229823790329,42.2937775502414],[-71.0228208225498,42.2937525337781],[-71.0225620212077,42.2937758041085],[-71.0224310700481,42.2939208812921],[-71.0221385501021,42.2941377479703],[-71.0217788327961,42.2945973118537],[-71.0214870388976,42.2947173850943],[-71.0212260257014,42.2949591233014],[-71.0209981752985,42.2951278666871],[-71.0208987230961,42.2954186811699],[-71.0205091043912,42.2956598813649],[-71.0198927637908,42.2958270005389],[-71.0183336078921,42.2966210431726],[-71.016775891503,42.2972213059445],[-71.0166117545708,42.297487252602],[-71.0165430178123,42.2980208948231],[-71.0164116513056,42.2983115847529],[-71.0160526133518,42.2986495686877],[-71.0151414303217,42.2993494884357],[-71.0150430413825,42.2995187662429],[-71.0150411816765,42.2997615838897],[-71.0151380863804,42.299786187781],[-71.0152342275651,42.2999322148022],[-71.0151675396644,42.300126232138],[-71.014843304272,42.3002216705515],[-71.0147775218039,42.3003912090199],[-71.0142905952309,42.300583450379],[-71.0138336934872,42.3010424400039],[-71.0134412384444,42.3016231134352],[-71.0134067616733,42.3018898645264],[-71.0134039645913,42.3022538306229],[-71.0134671388275,42.3024724684615],[-71.0136275979514,42.3026187569599],[-71.0138206514042,42.3027409987699],[-71.0141760274832,42.3028391719672],[-71.0144676631956,42.3027921381017],[-71.0147270551303,42.3027448303989],[-71.0149547711721,42.3026000337023],[-71.0151813651206,42.302600990016],[-71.0154394629591,42.3026991595861],[-71.0154696635065,42.302966047012],[-71.0153394139904,42.3030627154556],[-71.0150160921828,42.303037279566],[-71.0146599726486,42.3030598475685],[-71.0144650587523,42.3031317731182],[-71.0142054538855,42.3032519515791],[-71.0140101653704,42.3033725384278],[-71.0136199570124,42.3036134525301],[-71.0133277320602,42.3037578364467],[-71.0129706940325,42.3039019312336],[-71.0127109217154,42.3039735788906],[-71.012451872243,42.3040207465844],[-71.0122239573419,42.3042142148227],[-71.0119636222695,42.3043585937198],[-71.0115739395472,42.3045510859357],[-71.0113154921914,42.3044529062406],[-71.0108628245907,42.3044266483646],[-71.0103779163401,42.3043761796614],[-71.0100215993313,42.3044230643073],[-71.0097286336569,42.3046404451124],[-71.0094355072047,42.3048330818775],[-71.0093059737821,42.3048812061389],[-71.0090471315778,42.3048556317401],[-71.0086911898665,42.304829901787],[-71.0084329039157,42.3047802567129],[-71.0084659028811,42.3046592453627],[-71.0085322644581,42.3044653812134],[-71.0086308465186,42.3042958497125],[-71.008923055046,42.3042001549841],[-71.009117066227,42.3041769123071],[-71.0093112390877,42.3042018133326],[-71.0094077763343,42.3042506290411],[-71.0095382222672,42.3041297732314],[-71.0092475168031,42.3040317113204],[-71.0090540917823,42.3039580127904],[-71.0090872714067,42.3038610736915],[-71.0093478082221,42.3036194980432],[-71.0095106782905,42.3035231125368],[-71.0097702718615,42.3034271395052],[-71.0100622891463,42.3033315779975],[-71.0102573952885,42.3032351919555],[-71.0104199125054,42.3031146087521],[-71.0101957553499,42.3028222739072],[-71.0099071205702,42.3024573390278],[-71.0095534437276,42.3021647242059],[-71.0092964850503,42.3019451334848],[-71.008616306828,42.3019909040375],[-70.9998061326751,42.3029231369523],[-70.9990292091545,42.3029686897886],[-70.9981225866048,42.3030615541718],[-70.9974422235078,42.3031071072283],[-70.996793637045,42.3033226407732],[-70.9959810322758,42.3037315963328],[-70.9925294616172,42.3063610591951],[-70.9922673195836,42.3067240162621],[-70.991618524569,42.3069150356876],[-70.9905434493482,42.3078081837885],[-70.987896897641,42.3068502437027],[-70.9872846296228,42.3065562706176],[-70.9869327610065,42.3060937777572],[-70.9871926264594,42.3059493163196],[-70.9874546328305,42.3055379664928],[-70.9878479006243,42.3049573847684],[-70.9883036720904,42.3046195086295],[-70.9889194153594,42.3045497737296],[-70.9893734161188,42.3044303793082],[-70.9896983041125,42.304261869282],[-70.9902183659888,42.3039488630913],[-70.9923895059809,42.3036185683395],[-70.9929064021343,42.3037422634942],[-70.9937792394826,42.3038675249894],[-70.9944590755552,42.3038219775701],[-70.9950429356857,42.3037032689913],[-70.995497517877,42.3035109822584],[-70.9958548155028,42.3033185254804],[-70.9965691958306,42.3030062182396],[-70.9971209996112,42.3028389430214],[-70.9977365691293,42.3027202210508],[-70.998514414989,42.3026022057419],[-70.9991303370805,42.3024592708275],[-70.9999408066975,42.3022689128444],[-71.0004584891299,42.3022953595927],[-71.0010089667207,42.3022735565801],[-71.0016244735005,42.3022033419187],[-71.0021103106654,42.3021327127741],[-71.0025642876488,42.3020132662569],[-71.0030499019099,42.3020153675757],[-71.0035679602263,42.3019447210118],[-71.0039216165646,42.3019608311249],[-71.0044908037245,42.301963287146],[-71.0048558847394,42.3019478820801],[-71.0052200293114,42.3019578716972],[-71.0055158569687,42.3019507242088],[-71.0056756415368,42.3019257380137],[-71.0058126223436,42.301891958685],[-71.0060411692605,42.3018502888165],[-71.0062233799889,42.3018165665071],[-71.006451441393,42.3017664727554],[-71.0067477046428,42.3017506291354],[-71.0069865981964,42.3017211608829],[-71.0071804151421,42.3017219923453],[-71.0074545210775,42.3016592503776],[-71.0079226253903,42.3015501401705],[-71.008071580533,42.3014135776074],[-71.0081754179167,42.301217327152],[-71.0080971595868,42.3010200233074],[-71.0079774104226,42.3009204305273],[-71.0077523284222,42.300749513216],[-71.0074299623762,42.300602784141],[-71.0069781153681,42.3003824772126],[-71.0063656315384,42.3001129486168],[-71.0059782354374,42.2999898707838],[-71.0058176347454,42.2998435587011],[-71.0056564574076,42.2997215894563],[-71.0053665190588,42.2996231237381],[-71.0052055517225,42.2994768228931],[-71.0051095992717,42.2993309266051],[-71.0052404476591,42.299113118049],[-71.005437067724,42.2988228722337],[-71.0055028634949,42.2987018658166],[-71.0055686645501,42.2985565289994],[-71.0054395314479,42.2985074312477],[-71.0052781520223,42.2984826784705],[-71.0051168059258,42.298408837406],[-71.005214080772,42.2983853215768],[-71.005440477555,42.2983862963172],[-71.0056029584809,42.2983384551],[-71.0057355102234,42.2979022978458],[-71.0058358120018,42.2975144189722],[-71.0058067966736,42.2970775665444],[-71.0057468738828,42.2964464341771],[-71.0056194406353,42.2962273905305],[-71.0053621544265,42.2959837174558],[-71.0050387063208,42.2959579925772],[-71.0047812049474,42.2957870664168],[-71.0047819652069,42.2956898517176],[-71.004945409989,42.295496667862],[-71.0049469267832,42.2953026492143],[-71.0047863266955,42.2951321405355],[-71.0046900265799,42.2950104356925],[-71.00465892001,42.2948888886313],[-71.0045299822772,42.2948397921084],[-71.0042385692437,42.2948385349805],[-71.004012000736,42.2948375570749],[-71.003817094908,42.294933659619],[-71.0033954046383,42.2950773223176],[-71.0032338460297,42.2950766238677],[-71.0032025649798,42.2949310039224],[-71.0033648834935,42.2948347615537],[-71.0035920442018,42.2947386622181],[-71.0038840030306,42.294691382807],[-71.0040779856356,42.2946922203122],[-71.0043043641188,42.2947174073052],[-71.0045627902269,42.2947670611733],[-71.0048217914077,42.2947196386359],[-71.0050187969947,42.2943805792136],[-71.0051822193395,42.2941873811978],[-71.0055073808751,42.2939948929085],[-71.0057343245325,42.2939470687922],[-71.0059292565228,42.2938022856479],[-71.006123965906,42.29373051057],[-71.0066112190589,42.2935141101134],[-71.0069045237486,42.2932242767411],[-71.007100194741,42.2930309542381],[-71.0071989490868,42.2928374895657],[-71.0073620134882,42.2926438898114],[-71.0073635237689,42.2924497477893],[-71.0073324239157,42.292279784118],[-71.0072698341776,42.2920611585168],[-71.0072393035925,42.29179438999],[-71.0073689971941,42.2917461454903],[-71.0074658866518,42.2917707558925],[-71.0075625673731,42.2918198478315],[-71.0077565126098,42.2918690826302],[-71.0082415098153,42.2918955052857],[-71.0086627669019,42.291824558509],[-71.0088256267082,42.2917039788567],[-71.0090846137833,42.2916566822297],[-71.0092796854179,42.2915602976176],[-71.0094742176968,42.2915127247768],[-71.0096370607999,42.2913677983197],[-71.0098315702886,42.2913441595835],[-71.0100583333022,42.2912965863446],[-71.0102198627747,42.2913216070073],[-71.0103823447302,42.2912254923625],[-71.0106415109661,42.2912019908757],[-71.010803225746,42.2912026796162],[-71.0110620381699,42.2911795864554],[-71.0114519863227,42.2910115520474],[-71.0116468934627,42.2908667591042],[-71.0123623370321,42.2904330851406],[-71.0127850796879,42.2901678428752],[-71.0131101985285,42.2899751959894],[-71.013532205637,42.2897829585103],[-71.0138884397788,42.2897357889935],[-71.0143407973668,42.2898105747093],[-71.0147611255492,42.2898608927214],[-71.0151492218503,42.2898625313523],[-71.0154728475243,42.289863896771],[-71.0158601826439,42.2899868182769],[-71.0162156746063,42.2900367195083],[-71.016475941111,42.2898923305554],[-71.016799937605,42.2898209445975],[-71.0170904042537,42.2898949151796],[-71.017283794522,42.2900171409289],[-71.0171539500102,42.2900648756355],[-71.016701012736,42.2900629710138],[-71.0164413189056,42.2901347506145],[-71.0162779180752,42.29037688864],[-71.0160810067109,42.2907155692605],[-71.0159804062593,42.2912004138765],[-71.0161749114081,42.2911528159049],[-71.0163372021452,42.2910804899387],[-71.0164331672304,42.2912023205625],[-71.0167238046055,42.2913006109338],[-71.0170481777979,42.2912291026176],[-71.0171761961002,42.2913752623086],[-71.0171430342999,42.2914965358659],[-71.016882390184,42.2917139340483],[-71.0164915035289,42.2920517993958],[-71.0165874725861,42.2921978248269],[-71.0167480982565,42.2923439852382],[-71.016973547564,42.2924663475962],[-71.0171347087556,42.2925884366643],[-71.0171652826505,42.2928066620087],[-71.017035224999,42.2929275282299],[-71.0168390473997,42.2931695291423],[-71.0169666999462,42.2933640910386],[-71.0171932642827,42.2933891151109],[-71.0171615808328,42.2932921747939],[-71.0170985846119,42.2931219566162],[-71.0171962227122,42.2930010773221],[-71.0173909188038,42.2929048280395],[-71.0178120071563,42.2928583158344],[-71.0175858173848,42.2928327605314],[-71.0173925829352,42.2926864643402],[-71.0171686112943,42.292370086536],[-71.0167814259958,42.2922470443858],[-71.0168796145615,42.2920777653792],[-71.017074862874,42.2919329771085],[-71.0173671881753,42.2918127789516],[-71.0175935800883,42.2918137298236],[-71.0177538168669,42.2919844942451],[-71.0180111364956,42.2922278782998],[-71.0182680850238,42.2924475731971],[-71.0185593029092,42.2924487939673],[-71.0186574889239,42.292327792493],[-71.0191750816061,42.2923299599542],[-71.0192725265844,42.2922821024148],[-71.0189168388381,42.2922560064472],[-71.0185932008657,42.2922546507311],[-71.0183985081762,42.2923267071148],[-71.0181732394084,42.2921560829791],[-71.0180448486777,42.2920341178255],[-71.0177879016632,42.2918145456406],[-71.0176919327856,42.2916685349036],[-71.0175304010911,42.2915952443925],[-71.0175326198692,42.2913040105579],[-71.0175983856548,42.2911828738],[-71.0178569928781,42.2911839594342],[-71.0181489225742,42.2911369175838],[-71.0181172593136,42.2910397037187],[-71.0179549746283,42.2910872895555],[-71.0176320984391,42.290989127098],[-71.0174064502508,42.290866766469],[-71.0172776914281,42.2908178218985],[-71.0170509524048,42.2908652725359],[-71.0167921623753,42.2908399756629],[-71.0167286167076,42.2906700287258],[-71.0170205686378,42.2905981102461],[-71.0171839652064,42.2903562325999],[-71.017540383137,42.2902849932302],[-71.0176365338499,42.2904068099506],[-71.0180247998246,42.2904326345223],[-71.0181548315287,42.2903603088472],[-71.0184460582552,42.2903615299822],[-71.0185747965397,42.290410745743],[-71.0187359750977,42.2904841565654],[-71.018801715373,42.2903874878147],[-71.0190603407963,42.2904127794784],[-71.0192872624231,42.2903408568389],[-71.0193854430816,42.290195646039],[-71.019772971294,42.2903186796058],[-71.0198707838466,42.2902218704601],[-71.0201288349637,42.2903201666566],[-71.0204198597808,42.2903455905918],[-71.0202592490548,42.2901507578758],[-71.0202933046722,42.2899812080389],[-71.0204880051418,42.2898606066876],[-71.0207156568248,42.2896917401436],[-71.0207502796488,42.2894251101964],[-71.0207519340745,42.2892064861421],[-71.0208836304889,42.2889158059428],[-71.0211120098265,42.2886501207134],[-71.0215656535941,42.2885791385008],[-71.0216304917772,42.2885794085186],[-71.0217605334378,42.2884827319571],[-71.0219550274623,42.2884593477498],[-71.0222138062783,42.2884362144603],[-71.0222788258904,42.2884124131412],[-71.0224090320826,42.2883157502248],[-71.022668192103,42.2882440781828],[-71.0228634176681,42.2880992812878],[-71.0228648814564,42.287904988272],[-71.0227690913082,42.2877589687348],[-71.0226416290491,42.2874918152986],[-71.0223837662906,42.2873206529996],[-71.0220295653524,42.2871010827653],[-71.0217081546602,42.2868327103056],[-71.0212907726621,42.2863942572892],[-71.0207759838672,42.2860282551486],[-71.0203571650651,42.2857838179904],[-71.0200668978086,42.2856611925692],[-71.0199711155461,42.2854910988809],[-71.0201020539027,42.2852974836728],[-71.0200392416404,42.2850546552758],[-71.019817674201,42.2844229892458],[-71.0188592273463,42.282817577127],[-71.0183115046171,42.2818147972482]]],[[[-71.0111130807929,42.3081751417092],[-71.0114004474571,42.3083596808777],[-71.011627428831,42.3086171224192],[-71.0117852437066,42.3089427191086],[-71.0120117463222,42.3092172735953],[-71.0121472961982,42.3094402174043],[-71.0123287459325,42.3096462400525],[-71.0125111953127,42.3096986353776],[-71.012762397131,42.3097848825656],[-71.0129901233498,42.3099228973775],[-71.0131959485984,42.3099580010372],[-71.0133793789957,42.3099073073586],[-71.0134486589241,42.3098221450379],[-71.0132895725236,42.3096845451046],[-71.0134060122803,42.3093943437666],[-71.0136361246021,42.3092241600933],[-71.0138885656729,42.3091225335492],[-71.0142777350848,42.3091415551007],[-71.0148710022667,42.3093490534967],[-71.0153262976186,42.3096248271736],[-71.0157590750211,42.3099002439687],[-71.0161680626646,42.3102954926126],[-71.0167125767015,42.3108964252226],[-71.0170051941191,42.3115305419417],[-71.0170693841295,42.3121122138756],[-71.0170665137521,42.3124884885548],[-71.0170412135918,42.3128304237198],[-71.0167615067286,42.3134792499087],[-71.0161851868009,42.3140413714479],[-71.0155423518765,42.314278147145],[-71.0140277974014,42.3148531545572],[-71.0135682107072,42.3151076884034],[-71.0128111701791,42.315361218112],[-71.0114551025902,42.3161248610574],[-71.0107407555088,42.3167718240297],[-71.0102339769068,42.3171631910528],[-71.0098413381591,42.3176574770675],[-71.0095856069757,42.3181523459868],[-71.0096522688595,42.3184093667449],[-71.0095821615508,42.3185970670625],[-71.0092600978373,42.3188179369979],[-71.0089386917088,42.3189537503912],[-71.0084783903021,42.3192938376919],[-71.008178426546,42.31956613267],[-71.0074413675237,42.3202300935358],[-71.0069584372798,42.3205358325601],[-71.0060405240892,42.3208224619692],[-71.0054440031905,42.3209740754352],[-71.0045965837319,42.3210902362251],[-71.0036800236263,42.32122307106],[-71.0030847218437,42.3212886880363],[-71.0024207951286,42.3213032053123],[-71.0017345317437,42.3212487481318],[-71.0007286391851,42.3211245727631],[-70.9999742332983,42.3209845041003],[-70.9994725205996,42.3208111627427],[-70.9991307279938,42.3206046817605],[-70.9991091539485,42.3204164513142],[-70.9991339761016,42.3201941915309],[-70.9993181198056,42.320058191],[-70.9993651804055,42.319870122625],[-70.9993209605436,42.3196990462352],[-70.999139931687,42.3194415210442],[-70.9990047930546,42.3191673536815],[-70.9990521422911,42.3189451783596],[-70.9993041213922,42.3189121817645],[-70.9996702188548,42.3189137760648],[-71.0001051706341,42.3189156686996],[-71.0003793007486,42.3190191581903],[-71.0005828927533,42.3192937583173],[-71.0010157738415,42.3195352591535],[-71.0012667617533,42.3196048115869],[-71.0017701999023,42.3196239738969],[-71.002458379057,42.3194559343862],[-71.0031466716903,42.3192024493848],[-71.003929086779,42.3186412691887],[-71.0045056868725,42.3180623546156],[-71.0048986891133,42.3175508492509],[-71.0052924553594,42.3169879848161],[-71.0055235831537,42.3167154010766],[-71.005868442641,42.3164604079842],[-71.0062374266816,42.3161370681298],[-71.006331706322,42.315760926261],[-71.0064944618237,42.3154539404244],[-71.006519236322,42.3151632156425],[-71.0066611476646,42.314616378502],[-71.0067777776074,42.3143092059804],[-71.0070078568658,42.3141905060128],[-71.0071240877791,42.3139342679542],[-71.0071496264272,42.313592335845],[-71.0069443756162,42.3135057396309],[-71.0070829787102,42.313335450297],[-71.007403443418,42.3133198455201],[-71.0077243412453,42.3132698732284],[-71.0079996504907,42.3131512417767],[-71.008344299414,42.312964703393],[-71.0086217000083,42.3126238481613],[-71.008669043798,42.312418784493],[-71.0088993115546,42.312231632124],[-71.0090618457021,42.3119242425772],[-71.0092689479467,42.3117713589792],[-71.0094996640204,42.3115499620623],[-71.0097526490357,42.3113801576403],[-71.0100063950075,42.3110904085165],[-71.0101684853348,42.3108175071973],[-71.0103535429681,42.3105785379811],[-71.0105844595469,42.3103059429911],[-71.0108613403276,42.3100507822026],[-71.0110693282685,42.309760698991],[-71.0112319216759,42.3094192118968],[-71.0113265273861,42.3090434640449],[-71.0113068753036,42.3086498542947],[-71.0111254328074,42.3084436930685],[-71.0111130807929,42.3081751417092]]],[[[-70.9830579837181,42.3276823608535],[-70.9828952972738,42.3275453716659],[-70.9828624012049,42.3274044783558],[-70.9829187661542,42.3271665905991],[-70.983090473617,42.3270801126473],[-70.9833516866792,42.3269354604396],[-70.9836612957604,42.3267132770577],[-70.9839366620726,42.3265107292026],[-70.9843763223802,42.326250349815],[-70.9846240878107,42.3260717455299],[-70.9851526203322,42.3258507484354],[-70.9856588977706,42.325838640416],[-70.9858493325991,42.3259996768146],[-70.9860469334479,42.3260980400904],[-70.9863476645972,42.3260993843504],[-70.9865674101766,42.3260226181282],[-70.9868216234635,42.3258729876255],[-70.9869657367788,42.325791119292],[-70.9871447793112,42.3256655642205],[-70.9874819236282,42.3254438945782],[-70.9876264578339,42.3253084151964],[-70.9877108931861,42.325007661201],[-70.9876363068716,42.3247150237033],[-70.9872681267352,42.323941434404],[-70.987125637686,42.3237803300725],[-70.9869561646033,42.3235707079537],[-70.9867798518323,42.3234241777686],[-70.9866504452946,42.3233166179984],[-70.9863848319191,42.3232277214624],[-70.9862547257035,42.323207884767],[-70.9860162634714,42.3231289954216],[-70.985742608336,42.3230986127286],[-70.9855027618006,42.3231458195385],[-70.98532545407,42.3231014340133],[-70.9850321154692,42.323032049859],[-70.9846635668708,42.3229285140983],[-70.9842334402575,42.322819343811],[-70.9839881408883,42.3227162167846],[-70.9837846227654,42.3224627032307],[-70.9836701887333,42.3222628255855],[-70.983590325766,42.3219612024519],[-70.9834969775589,42.3216740854356],[-70.9835053876913,42.3214604518355],[-70.9835692084274,42.3211690934832],[-70.9837299363233,42.320815348488],[-70.9838953023885,42.3206217919897],[-70.9840405050112,42.3204716027658],[-70.9842533783845,42.3203074260292],[-70.9844602533522,42.3201481611643],[-70.9847144072101,42.3200035493407],[-70.9850848448294,42.31987416685],[-70.9853313602211,42.3198265980028],[-70.9857971020646,42.31974135706],[-70.9860291099029,42.3197716871921],[-70.9861587737289,42.3198451427343],[-70.9862810662652,42.3199624327173],[-70.9865054880521,42.3201284256619],[-70.9867234839954,42.3202217978461],[-70.9869623017326,42.320256970305],[-70.9871672024434,42.3203405218455],[-70.9872891550443,42.3205015179537],[-70.9873553220538,42.3207399713972],[-70.9873540236349,42.320900292259],[-70.987359673132,42.3210704054434],[-70.9873649623008,42.3212405170142],[-70.9873845258394,42.321405736358],[-70.9873692756298,42.3215756225924],[-70.9873609100433,42.3217408677898],[-70.9873598097934,42.3218767193006],[-70.9873656154008,42.3220275695487],[-70.9874120272607,42.3221927915996],[-70.9874314160002,42.3223142846841],[-70.9874579595166,42.3224409159824],[-70.9874633344875,42.3226449836212],[-70.9874098071031,42.3227784534828],[-70.9874074763362,42.322911900929],[-70.9873826129975,42.3231340275524],[-70.9872320125257,42.323372441625],[-70.9872755621179,42.3236032975515],[-70.9873437172226,42.3237315602662],[-70.9874044064111,42.3238472369679],[-70.98747651264,42.3239549331724],[-70.9877806010685,42.3246534884711],[-70.9878613065386,42.3247898464942],[-70.9882483428096,42.3248597575549],[-70.9886243986719,42.3248614312221],[-70.9888057660519,42.3250078556163],[-70.9889869077809,42.3251795428377],[-70.9892416987668,42.325204217817],[-70.9895077533064,42.3252832229304],[-70.989883141378,42.3254113856165],[-70.9902239178626,42.3255442157324],[-70.9906191481932,42.3257597727092],[-70.990767665285,42.326003394195],[-70.9908683090765,42.3262369083925],[-70.990866394052,42.3264749742883],[-70.9908030878471,42.3266834926176],[-70.9905886753715,42.3269935761731],[-70.9903543092642,42.3271868277578],[-70.9900106137872,42.3273941606227],[-70.9897699656026,42.3275825024803],[-70.9894949918495,42.3277367356934],[-70.9887542979265,42.3279665204353],[-70.9881855617288,42.3280999711104],[-70.9876441792064,42.328194637683],[-70.9871516672679,42.3282167026221],[-70.9864186520939,42.3283006968326],[-70.9860905595677,42.3283137972542],[-70.9856873319174,42.3282825844859],[-70.9852703469676,42.3282368422139],[-70.9848329259989,42.3281765904986],[-70.9843818849753,42.3281113117846],[-70.9839175387014,42.3280604296896],[-70.9835692940588,42.3279373170827],[-70.9832828801261,42.3278146150866],[-70.9830579837181,42.3276823608535]]],[[[-71.0582460450831,42.3338392279241],[-71.0582552427556,42.333580121688],[-71.0583250477718,42.3334698736347],[-71.0580978301294,42.3332835363508],[-71.0580665885696,42.3331377995288],[-71.0583408163518,42.3330164364096],[-71.0584355863741,42.3329312222245],[-71.0584971951698,42.3328816496401],[-71.0586387417364,42.3327949434749],[-71.0588408205128,42.3328485286083],[-71.0590074515088,42.3330025401984],[-71.0591065457334,42.3332018980504],[-71.0589445392185,42.333341009816],[-71.0588965710749,42.3334244651213],[-71.0591227272124,42.3335938148093],[-71.0591769856412,42.3338378623234],[-71.05915201953,42.3340197540236],[-71.0589022151806,42.3340497343393],[-71.0587332971544,42.3340682826834],[-71.0585486165827,42.3340099420684],[-71.0583668485907,42.334012051965],[-71.0582460450831,42.3338392279241]]],[[[-71.0906245218939,42.3346283351774],[-71.090806468323,42.3345464218495],[-71.0909740530783,42.3345062934386],[-71.0910567229214,42.3345701610038],[-71.0909441236026,42.3347034092532],[-71.0907424458745,42.3348178875445],[-71.0905079119255,42.3348816454189],[-71.0902410013352,42.334867657099],[-71.0902754511727,42.3347503774962],[-71.090437441363,42.3346576127969],[-71.0906245218939,42.3346283351774]]],[[[-71.0095547279749,42.3385328869121],[-71.0094999891985,42.3383168269766],[-71.0092490914577,42.3372725101563],[-71.0092524781392,42.3368357987919],[-71.0093515122501,42.3365934678749],[-71.0099669847828,42.3365235518482],[-71.0101625726809,42.3363787682983],[-71.0106499545992,42.3361866794379],[-71.0109417636086,42.3360908514755],[-71.0111375411204,42.3358977286241],[-71.0112691933082,42.3356313153712],[-71.0114010080075,42.3353407919203],[-71.0116292422378,42.3351231939909],[-71.0119028993568,42.3349016516179],[-71.0123064333731,42.3348066204332],[-71.0125700335453,42.3349090201561],[-71.0126977506157,42.335127728157],[-71.0126966289103,42.3352733989879],[-71.0126717515433,42.3354614407636],[-71.012508777624,42.3356784399726],[-71.0123362195503,42.3358541468073],[-71.0121400759404,42.3360718739335],[-71.0121048054154,42.3364841721982],[-71.0122966628109,42.336776019769],[-71.0123926634743,42.3369463135226],[-71.0124654271905,42.3371661842461],[-71.012511759665,42.3374203747777],[-71.0126467849449,42.3376268702891],[-71.0127743337156,42.3378213663392],[-71.0130001425946,42.3379194679424],[-71.0132959370848,42.3381013043316],[-71.0133744698861,42.3383435210823],[-71.013244101588,42.3385606007234],[-71.0130007539605,42.3387533918487],[-71.0125965224635,42.3389329228318],[-71.0121605171061,42.3390765568452],[-71.0116444073462,42.3391586821624],[-71.011321780582,42.3392057834224],[-71.0108870780635,42.3391554627642],[-71.0104520992008,42.3391657043805],[-71.0101459696159,42.3391523074907],[-71.0099211612002,42.3390428386918],[-71.0098033940082,42.3389373693719],[-71.0095547279749,42.3385328869121]]],[[[-71.0978942417113,42.3389298076402],[-71.098129139658,42.3387957183458],[-71.0983193449842,42.3386304420713],[-71.0982834658477,42.3383751206093],[-71.0981455952634,42.3381751936959],[-71.0979721153445,42.3379899343727],[-71.0977481129738,42.337748320768],[-71.0975596636397,42.3375242977631],[-71.0974135544764,42.3372885136634],[-71.0975280905721,42.3371167558768],[-71.0977478911391,42.3370300751507],[-71.0979913360184,42.3370070584455],[-71.0982362311194,42.3370589855185],[-71.0985347430035,42.3371343073211],[-71.0994200549522,42.3376164982997],[-71.0997194482024,42.3376670910545],[-71.0995918694107,42.3427190861156],[-71.0992872995032,42.3427688368953],[-71.0988940446792,42.3427622507631],[-71.0984350019189,42.3427252138516],[-71.0981480487603,42.3425871446268],[-71.0978971179045,42.3423205162794],[-71.0979017491911,42.3420597205262],[-71.0980262651082,42.3417935356954],[-71.0981501671013,42.3415546766671],[-71.0983119989069,42.3413049937089],[-71.0985289896775,42.3411217591445],[-71.0987119042916,42.3408991513919],[-71.0986502216745,42.3406781718495],[-71.0984929534847,42.3404398849887],[-71.0984139125379,42.3401426268454],[-71.0983329294671,42.3399970537126],[-71.0980942855438,42.3398405832521],[-71.0979484960352,42.3397235404625],[-71.0977492076611,42.339615804119],[-71.0975184148901,42.339516523291],[-71.097218194493,42.3394089507839],[-71.096900708882,42.339295659116],[-71.0966804212982,42.3392311042444],[-71.0965699691525,42.3391694750086],[-71.0966761612495,42.3390811858343],[-71.0968669788521,42.339115827182],[-71.0971334682237,42.3391565416667],[-71.0973127265173,42.3391401877948],[-71.097542452206,42.3390669137892],[-71.0978482794836,42.338972711635],[-71.0978942417113,42.3389298076402]]],[[[-71.0052864901403,42.3524714849452],[-71.0048226762112,42.3520757621678],[-71.0046584622584,42.3517730575277],[-71.004666403879,42.3513573689235],[-71.0047239928776,42.350978390222],[-71.0047247646565,42.3506034623849],[-71.0047841957955,42.3501286255389],[-71.0048307818127,42.3496581375729],[-71.0048141953738,42.3491962946983],[-71.0048076615051,42.3488809475205],[-71.0048728136344,42.3484334800209],[-71.0048384356861,42.3482641227211],[-71.0048174289187,42.3480446627624],[-71.0048365254323,42.3477020391639],[-71.0049460275644,42.3475516706136],[-71.0050866028238,42.3474429043926],[-71.0052132697161,42.3474025324089],[-71.005267400667,42.3471882847873],[-71.0054741900944,42.3472303505206],[-71.0055362456288,42.347272010866],[-71.005629320606,42.3473319815724],[-71.0058555000802,42.3473379681492],[-71.0061577084362,42.3473260954581],[-71.0063919548262,42.3472454007762],[-71.0066997541186,42.347256207174],[-71.0068223048305,42.3474214125183],[-71.0069177549409,42.3476871144615],[-71.0069393313377,42.3478792148263],[-71.0069766749546,42.3482224317271],[-71.0070549879975,42.3484190625687],[-71.0071955201692,42.3486396193912],[-71.0073605989407,42.3488737280078],[-71.0075196916488,42.3490939711294],[-71.0075861761206,42.3492589354299],[-71.0076259046886,42.3494830045765],[-71.0076342193883,42.3497117613235],[-71.0077820374417,42.3498725942286],[-71.0089829321267,42.3505287829443],[-71.0093629332905,42.3507184178748],[-71.0097383468133,42.3508213673547],[-71.0102719629403,42.3508656948262],[-71.0108550835814,42.3509424559379],[-71.0114443744705,42.3510374256603],[-71.011970470278,42.351145629471],[-71.0123205738278,42.3512617176483],[-71.0124911974859,42.3512036061545],[-71.0127738212174,42.3515571369222],[-71.0131322957977,42.3518977669697],[-71.013452171566,42.3522649673574],[-71.0135790614834,42.352549315998],[-71.0136227684358,42.3528876597967],[-71.0135731952144,42.3531936007987],[-71.0134718108084,42.353554204542],[-71.0132222589381,42.3537947060289],[-71.0129984370928,42.3539945994822],[-71.0127053898283,42.3541940654632],[-71.0121079493884,42.3541948083266],[-71.0116489436651,42.3541966625568],[-71.011251194326,42.3542720599252],[-71.0108937096215,42.354224149007],[-71.0103239973654,42.3540881424147],[-71.009710410804,42.3539610386105],[-71.0090034391892,42.3537646691861],[-71.0081900143836,42.3535586137708],[-71.0072764461758,42.3533155522426],[-71.0067773825878,42.3531161819236],[-71.005877857336,42.3527861120473],[-71.0052864901403,42.3524714849452]]],[[[-71.0993123989945,42.3451811496335],[-71.0994099049693,42.3455369632252],[-71.0996526171194,42.3457078275929],[-71.099490768909,42.3480984943467],[-71.09944688236,42.3480813679978],[-71.0994038484616,42.3480630328081],[-71.0990998081669,42.3479931098181],[-71.0989429152066,42.3478755618537],[-71.0987664315343,42.3479089098407],[-71.0989085429367,42.348024668188],[-71.099144829402,42.3481440892217],[-71.0993880745711,42.3481752986609],[-71.0994459521074,42.3482283094554],[-71.0995038521671,42.3482813370127],[-71.0994707674459,42.3483126532136],[-71.0993329422975,42.3484431304133],[-71.0992154179612,42.348596836013],[-71.0990773591287,42.3487231167723],[-71.0988735032914,42.3488174689883],[-71.0986187415137,42.3489674191251],[-71.098431028916,42.348976591805],[-71.0981255558217,42.3489933672318],[-71.0979184349417,42.3490072264914],[-71.0977739722074,42.3490326536524],[-71.0975421251265,42.3489661882422],[-71.0974879386738,42.3488555581474],[-71.0976418538065,42.348746843112],[-71.0977619553458,42.34859776966],[-71.097566971978,42.3484465240516],[-71.0976078643222,42.3482523872532],[-71.097749404333,42.3481033888224],[-71.0980335487423,42.3479407818568],[-71.0981982337451,42.347883124445],[-71.09799360276,42.3478585410352],[-71.0977657492088,42.347931889318],[-71.0976390547027,42.3480230410129],[-71.0974607825463,42.3481106607798],[-71.0973641688404,42.3483079620295],[-71.0974237386429,42.3485037876614],[-71.0974874598519,42.3485908002888],[-71.0974289656551,42.3486756384122],[-71.0973528645419,42.3486945517377],[-71.0973293766823,42.3486463403573],[-71.0972331808513,42.3485512661981],[-71.097121070164,42.3483794421396],[-71.0969829696869,42.3481543917716],[-71.096799414358,42.347865123871],[-71.0966423911762,42.3476450126718],[-71.0964707230877,42.3474390236704],[-71.0961547373682,42.3471993662294],[-71.0960403621927,42.3470442558644],[-71.095937618328,42.3469308385708],[-71.0957515595801,42.3467225915751],[-71.0956932550557,42.3463985865734],[-71.0956079005491,42.3459901287229],[-71.0956795861891,42.3458031793419],[-71.0955267166739,42.3456343609303],[-71.0955403784672,42.3454146394495],[-71.0955474894292,42.345051226113],[-71.0954718412766,42.3445752090495],[-71.0954893949556,42.3444515840781],[-71.0956886072395,42.344278580113],[-71.0958840347756,42.34421469097],[-71.0961023318276,42.3441983424389],[-71.0962904552321,42.344249748111],[-71.0963071515873,42.3444880206829],[-71.0962463852683,42.3448286478005],[-71.0964197553891,42.3447489018806],[-71.0965518643205,42.344496902529],[-71.0966851316483,42.3442609529245],[-71.0968960309005,42.3444031633744],[-71.0969783048856,42.3446453428926],[-71.0970388582375,42.3448717430192],[-71.0971002387938,42.3450709182109],[-71.0972294982135,42.3452786382203],[-71.0974422383276,42.3455554385576],[-71.0975640635432,42.3456463819346],[-71.0974704587564,42.3454829215698],[-71.0973037607988,42.3450965774544],[-71.0972188218181,42.3447471407873],[-71.0972083668919,42.3444640370889],[-71.0971090768721,42.344318073176],[-71.0972183052364,42.3440619814096],[-71.0971371260458,42.3437062146435],[-71.0973803228194,42.3437262630188],[-71.097715116,42.3437593259964],[-71.0980973350181,42.34373070206],[-71.0983185858453,42.3437189728328],[-71.0985992213705,42.3439179185205],[-71.0988403569765,42.3440358279021],[-71.0990474377407,42.3441412577074],[-71.0992929459952,42.3442093724038],[-71.0992697896723,42.3443507625526],[-71.0990548551291,42.3445494413537],[-71.0989667423309,42.3447029150759],[-71.0990361268385,42.3449324120197],[-71.0992170150048,42.3450720982727],[-71.0993123989945,42.3451811496335]]],[[[-71.0994478870698,42.3486790034026],[-71.0995781825074,42.3484975376317],[-71.0996178133274,42.3501557525957],[-71.0992433546755,42.3501627301503],[-71.0989470424168,42.3501393750003],[-71.0985631033729,42.3500246364463],[-71.0982296833224,42.3499403763333],[-71.0977943555611,42.349968071262],[-71.0975319314201,42.3500444321005],[-71.0971314688433,42.3501877848406],[-71.0968304412536,42.3501548387195],[-71.0965504381402,42.350019330795],[-71.0962975447905,42.349763590376],[-71.0962236473058,42.3494793197734],[-71.0963396551129,42.3493369108438],[-71.0964959820524,42.3491897041782],[-71.0967134412316,42.3490653179499],[-71.0969141556227,42.3490526501963],[-71.0971535936847,42.3490469288825],[-71.0973790428518,42.3491149187561],[-71.0975840886992,42.3491988742533],[-71.0977934006195,42.3492923965846],[-71.0980235878176,42.3492674613213],[-71.0982423957073,42.3491750933673],[-71.0983896879261,42.3491707356483],[-71.0986768250275,42.3491744709541],[-71.0989274987436,42.3490741314966],[-71.0991711257569,42.3489157930225],[-71.0994478870698,42.3486790034026]]],[[[-71.0978013984945,42.3406914604106],[-71.0976317777356,42.3407646695027],[-71.0972276759623,42.3407775621225],[-71.09702419632,42.3407085205035],[-71.0968758966668,42.3404037310316],[-71.0968829996769,42.3400950904283],[-71.0969747404129,42.340022662466],[-71.0971283111183,42.3400232006955],[-71.0972189895448,42.3401052185758],[-71.097743333263,42.34042650062],[-71.0978013984945,42.3406914604106]]],[[[-71.0973120038193,42.3416895295433],[-71.0971733138774,42.3419273329973],[-71.0970787884518,42.3420828554857],[-71.0971087949114,42.3422692847428],[-71.0971231124063,42.3424109395564],[-71.0970510980132,42.3424685776191],[-71.0969842549611,42.3424217518687],[-71.0968445085635,42.3423033249288],[-71.0968023226946,42.3421632437921],[-71.0967749096028,42.3419818963722],[-71.0966817260661,42.341769421615],[-71.0967299595504,42.3416374882903],[-71.0967913942913,42.3414315061591],[-71.0968950131371,42.3411818299359],[-71.0970435782935,42.3410330490394],[-71.0972029023902,42.3410061371527],[-71.0973842812866,42.3410645291771],[-71.097451057873,42.3411818308878],[-71.0974685675531,42.3413441642624],[-71.0974051124547,42.3414749832336],[-71.0973120038193,42.3416895295433]]],[[[-71.0995691055312,42.3431244235682],[-71.0996470849092,42.3431083901996],[-71.0996839772434,42.3455090435994],[-71.0995581188064,42.3454034298865],[-71.0995023164984,42.3451777998438],[-71.0993393066911,42.3449739846263],[-71.099262519358,42.3448601258448],[-71.0993460498694,42.344551333914],[-71.0995533283185,42.344278808673],[-71.0995023647118,42.3441307419776],[-71.0992059441521,42.3440008743407],[-71.0989588244109,42.3439009880729],[-71.0987162626784,42.3437077921988],[-71.0983069353207,42.3435063330218],[-71.0979479587034,42.3434959188174],[-71.0975587707802,42.3436126195923],[-71.0973770042461,42.3435006651707],[-71.0970605638951,42.3434464047713],[-71.0968101112394,42.3435575134372],[-71.0967833712576,42.3438078686038],[-71.0968208741239,42.3440890113625],[-71.0966360362283,42.3441018683255],[-71.096345405888,42.3440135990916],[-71.0960077821006,42.3439597210831],[-71.095619345036,42.3439032732185],[-71.0952649919286,42.3438002606317],[-71.0951222245684,42.3437895371174],[-71.0949440254804,42.3436382790718],[-71.0947966441664,42.343419268779],[-71.0946499530739,42.3432157717059],[-71.0943881724725,42.3431410292327],[-71.0941457894516,42.3429910895569],[-71.0939858575577,42.3428887674572],[-71.0936994180236,42.3428370105943],[-71.0934210987234,42.3426155884667],[-71.0932239289592,42.342582866215],[-71.0930110238683,42.3424622368693],[-71.092859635447,42.3423632278078],[-71.0927822024944,42.3421681886481],[-71.0929215036643,42.3419641056219],[-71.093066569073,42.3418567776145],[-71.0932621176188,42.3417873357901],[-71.093447695916,42.3418827295614],[-71.0936259872374,42.3419639234342],[-71.0939324403782,42.3419561057339],[-71.0941423310421,42.342028593536],[-71.0942343670241,42.342025241207],[-71.0941274770315,42.3419136795153],[-71.0942226421154,42.3418878740436],[-71.0941831885204,42.3418391292215],[-71.0940219123241,42.3418344063291],[-71.0937669004251,42.3418012885233],[-71.093532886461,42.3417945779777],[-71.0934529850441,42.3416381157975],[-71.0934391979968,42.3414257268569],[-71.0935116567475,42.3413413327948],[-71.093615900996,42.341290956273],[-71.0938397014953,42.3411440666934],[-71.0940682605675,42.3409734506206],[-71.094196240868,42.3408472821862],[-71.0943661910996,42.3406653435375],[-71.0945376275918,42.3405484123254],[-71.0946377409521,42.3404954212127],[-71.0947863829954,42.34044779925],[-71.09498559807,42.340395892506],[-71.095343948352,42.3403358457548],[-71.0955341584324,42.3403972803999],[-71.0956752068649,42.3405048241281],[-71.0959118079415,42.3406296102052],[-71.0960995226974,42.340870422818],[-71.0962216293976,42.3411397451848],[-71.0963205764701,42.3414478471476],[-71.0963222711859,42.3417066510164],[-71.0962885444828,42.341867133216],[-71.0962839858432,42.3421278623359],[-71.0964002143781,42.3423284424099],[-71.0965381085227,42.3425287640951],[-71.0967090947942,42.3427088769369],[-71.0969414858948,42.3429108081862],[-71.0972148320459,42.3430360545706],[-71.0974788394017,42.3431153865051],[-71.0977770463388,42.3432341748747],[-71.0980966809466,42.3432661140002],[-71.0985382595175,42.3432970657175],[-71.0987995232044,42.3432854084156],[-71.0992116341445,42.3432163860349],[-71.0995691055312,42.3431244235682]]],[[[-70.9920490758154,42.3863793853692],[-70.9925347551215,42.3864544031843],[-70.9931180563655,42.3864569743954],[-70.9937680506446,42.3862172771444],[-70.9941267809286,42.3859276237255],[-70.9942564536729,42.385903924524],[-70.994451490911,42.3858319070072],[-70.9945842624908,42.3854444494264],[-70.9947790674193,42.3854210357344],[-70.994907419021,42.3855428119104],[-70.9949390943296,42.3856884328655],[-70.9949048978624,42.3858584350609],[-70.9947417553842,42.3860274699121],[-70.9945459786114,42.3861722256155],[-70.9943509637542,42.3862681115117],[-70.9941880137577,42.3863888084578],[-70.9941870425668,42.3865102173782],[-70.9943806865825,42.3866324148411],[-70.9944779565104,42.3865599676007],[-70.9943820449825,42.3864625359512],[-70.9944474152206,42.3863416774437],[-70.9947077157091,42.3862454764012],[-70.9948704678057,42.3861493814067],[-70.9950015076107,42.3859799380486],[-70.9950997060829,42.3858347534076],[-70.9951335396809,42.3856409482965],[-70.9950378852024,42.3854464412176],[-70.9956027404319,42.3854977248835],[-70.996046510242,42.3857628874292],[-70.9962347826368,42.3857883154802],[-70.996613135796,42.3855483485124],[-70.9974346245435,42.385649284237],[-70.9977093790132,42.3855987363571],[-70.9974197291476,42.3853462210585],[-70.996751655447,42.3853207698738],[-70.9960658630473,42.3853714547426],[-70.9954333478758,42.3852071549076],[-70.9950921042197,42.3849796795395],[-70.9953349019667,42.3845247766079],[-70.9953021879863,42.3842846815047],[-70.9950079928774,42.3845355102672],[-70.9948848109745,42.3843538525325],[-70.9946909897692,42.3842559911847],[-70.9945299844723,42.3841341381194],[-70.9945307615107,42.3840369307014],[-70.9946931214014,42.3839892390536],[-70.9947912802188,42.3838924592902],[-70.9946297174077,42.3838432780296],[-70.9945002619581,42.3837698346182],[-70.994566149317,42.3836487776807],[-70.9947294270292,42.3835284158837],[-70.9949557592519,42.3836019500581],[-70.9951816814168,42.3837000855524],[-70.9953757572839,42.3837009369462],[-70.995506363118,42.383652904301],[-70.995247991266,42.3835061553818],[-70.9951198524489,42.3833115725999],[-70.9950562914301,42.3831414755319],[-70.9951221776036,42.3830203514033],[-70.9950904597399,42.3829719410723],[-70.9949611852999,42.382922567666],[-70.9948964400017,42.3828980141485],[-70.9947669569552,42.3828733768944],[-70.9946836165984,42.3827396300946],[-70.9947026610993,42.3825682910077],[-70.9949105279565,42.3823761860486],[-70.9952977883326,42.3822597482728],[-70.9957745510153,42.3819354402441],[-70.9961212053301,42.3818895570139],[-70.998467921739,42.3818791520539],[-70.9988442652317,42.3819100756389],[-70.9991677685368,42.3820101660932],[-70.99964651709,42.3822498608416],[-71.0001599022614,42.3825817668552],[-71.000851046182,42.3829013378072],[-71.0015246757827,42.3832471036684],[-71.0032808806786,42.3838879065429],[-71.0041170063,42.3839177883358],[-71.0047394368952,42.3839862571288],[-71.0056987880655,42.3841487012926],[-71.0060364325935,42.3842163403124],[-71.0063069809812,42.3846566213491],[-71.0064417315509,42.3848393191868],[-71.0066853518923,42.3851238395956],[-71.0069294361289,42.3853274639441],[-71.0072555220546,42.3854905890803],[-71.0075824409691,42.3855730199201],[-71.0080460063855,42.385615719149],[-71.0083732206645,42.3856371750186],[-71.0086730657843,42.3857193533441],[-71.0094039746529,42.3866657635669],[-71.0095232751544,42.3868421740363],[-71.0096931334183,42.3870815789313],[-71.0100514812248,42.3874842498214],[-71.0103063085317,42.3878622766267],[-71.0102888445428,42.3879759935712],[-71.0098092942038,42.3878260629866],[-71.0095349504094,42.3878018949211],[-71.0100817121513,42.3882166675304],[-71.0103380440716,42.3883294773742],[-71.0106622716436,42.3886440835422],[-71.0106101491133,42.3887830589116],[-71.0106776565326,42.3890101930783],[-71.0107448165154,42.3892371251419],[-71.0110352844713,42.3894381965292],[-71.0112750816587,42.3894755188591],[-71.0115492637626,42.3894997489034],[-71.0116169295993,42.3897521552154],[-71.0118732651381,42.3899153051602],[-71.0121811439877,42.3899647481373],[-71.0125405775495,42.3901152295825],[-71.0128317387819,42.39020270867],[-71.0132773875918,42.3902139546671],[-71.0136030839555,42.3902000884377],[-71.0137907569076,42.3903764489757],[-71.014031665516,42.3902493011883],[-71.0142704028667,42.39042520802],[-71.0144232803516,42.3907404169968],[-71.0145932378934,42.3910176559803],[-71.0145922020228,42.3912451002058],[-71.0146064713635,42.3917625022805],[-71.0145577334389,42.3920253133177],[-71.0145236836948,42.3922310901564],[-71.0146997461368,42.3924861580019],[-71.0150696475148,42.3928267507978],[-71.0153877865875,42.3932121861844],[-71.0154040126143,42.393401661194],[-71.0153707130764,42.3936510323116],[-71.0153849108661,42.3939418543852],[-71.0150772486751,42.3939524588618],[-71.0148182786319,42.3938958088425],[-71.0144583820634,42.393922504587],[-71.0140630514245,42.3940750755401],[-71.0138054859192,42.3941642448898],[-71.013547836005,42.39424084414],[-71.0130163553978,42.3942930179523],[-71.0125872168495,42.3943827954991],[-71.012362626837,42.3946867800044],[-71.011883486841,42.3945494962999],[-71.0114378673008,42.3944371569618],[-71.0109585201257,42.3943504794659],[-71.0103069926474,42.3943651584478],[-71.009741276622,42.3943419570022],[-71.0085076275922,42.3941943552721],[-71.0068973966919,42.3939217085794],[-71.0056465491066,42.3937362280134],[-71.0049086684893,42.3938395593465],[-71.0046283021271,42.3935679148561],[-71.0043939740734,42.393406715688],[-71.0040831388969,42.3932713944063],[-71.0038475250936,42.3932053934068],[-71.0033595520721,42.393207433497],[-71.0030471089534,42.3932770870554],[-71.0028949460325,42.3933133350547],[-71.0024275279138,42.3933150588485],[-71.0019232969726,42.3932969653474],[-71.001477941257,42.3932474343384],[-71.0011859961805,42.3930522828491],[-71.0009745138342,42.3928548052845],[-71.0007861103752,42.3926360330905],[-71.0006366578306,42.3923719666087],[-71.0003937295422,42.3920682488153],[-71.0001723449161,42.3918234585492],[-70.9998438872922,42.3916376386814],[-70.9993541678503,42.3915655761673],[-70.9989775443192,42.391767584465],[-70.9986965632666,42.3919432652984],[-70.9985099573264,42.3921587357871],[-70.9983066057343,42.3923687843685],[-70.9980912846909,42.3925668129086],[-70.9979010701106,42.3928031930113],[-70.9977817917306,42.3929900068217],[-70.9976867335649,42.3931707085001],[-70.9975557620495,42.39337599051],[-70.9976317411595,42.3933503815876],[-70.9978325079616,42.3931910676812],[-70.9980439571658,42.3929840638648],[-70.9982375216614,42.3928668379694],[-70.9985198927386,42.3926104006298],[-70.9988109576925,42.392371985092],[-70.9991233075268,42.3921775199033],[-70.9995630700761,42.392063636341],[-70.9998876113482,42.3921304338495],[-71.0001817083856,42.3922605458422],[-71.0004658260785,42.3925779480766],[-71.0005250689576,42.3927967619477],[-71.0007009364454,42.3930039138464],[-71.0008736499523,42.3932465530319],[-71.001221350886,42.3934169423509],[-71.0016779545327,42.3935729599413],[-71.0021217446974,42.3935925313018],[-71.0026250763732,42.3935661599079],[-71.0031408947918,42.3934414262373],[-71.0035727563262,42.3933245515393],[-71.0039196419092,42.3933253789612],[-71.0043384729939,42.3934465910277],[-71.0043117902115,42.3936287291612],[-71.0043774445633,42.3937908735429],[-71.0043759482671,42.3940939313298],[-71.0039617021794,42.3945876927999],[-71.0033945169594,42.3948419785237],[-71.0027248013981,42.3950839178263],[-71.0022777532842,42.3953379148651],[-71.0016899318831,42.396173092896],[-71.0011390162709,42.3966044760764],[-71.000417566675,42.3968591480025],[-70.9999044067362,42.3966207790903],[-70.9997175796565,42.396293034818],[-70.9994107839931,42.3959659718227],[-70.9991043940571,42.395588098175],[-70.9987974589987,42.3952353596422],[-70.9982673590639,42.3949972437578],[-70.997838736203,42.394973378039],[-70.9973582197222,42.3950128653865],[-70.9971016999972,42.3949883445431],[-70.996519244418,42.3948258079606],[-70.9959376994714,42.3946130625313],[-70.9953574387497,42.3941099582677],[-70.9954107303185,42.3938066595465],[-70.9953260451923,42.3935668050828],[-70.9951567018998,42.3932011547197],[-70.9947811837206,42.3928993169669],[-70.9943703743841,42.3927490891472],[-70.9943057107801,42.3927159111527],[-70.9942554927737,42.392678116596],[-70.9941364842536,42.3926495133688],[-70.9939757849275,42.392623534696],[-70.9937171545348,42.3925739254425],[-70.9933284472342,42.3925236092041],[-70.9928428716447,42.3924972008388],[-70.9925516062383,42.3924233764523],[-70.9922270732701,42.3924461471833],[-70.9916754027892,42.3925649239076],[-70.9911880884254,42.3927083855339],[-70.9909288929705,42.3926829698872],[-70.9903768290972,42.392826208468],[-70.9900198053343,42.3928973006994],[-70.9896956405236,42.3929201327921],[-70.9893392024212,42.392918551514],[-70.988724577291,42.3927459375605],[-70.9881102776342,42.3925975909922],[-70.9876251458535,42.3924498163592],[-70.9872055596618,42.3922053885186],[-70.987046497328,42.3918891793395],[-70.9870504334479,42.3914040124721],[-70.9872142172714,42.3911379144364],[-70.9873444618547,42.3911384947947],[-70.9875371739121,42.3913090374157],[-70.9878597586435,42.3914803583911],[-70.9882155398327,42.3916275568539],[-70.9885056765768,42.391774328705],[-70.9887001378981,42.3917751929616],[-70.9887963705658,42.3918969667592],[-70.9888924141714,42.3920672781193],[-70.9890856716788,42.3922381547888],[-70.9893444925318,42.3922635729389],[-70.9896678716472,42.3923376816116],[-70.9899912345248,42.3924362591111],[-70.990282899033,42.3924616201384],[-70.9905425125965,42.3923902295718],[-70.9910288518567,42.3923677782671],[-70.9911272630814,42.392198529422],[-70.991128239697,42.392077187543],[-70.9909680007713,42.3918823248658],[-70.990904613551,42.3916881579298],[-70.9908089645488,42.3914934470433],[-70.9907457456516,42.3913232825585],[-70.9905839742699,42.3912742285634],[-70.9903241996674,42.3913214161201],[-70.9901293533781,42.391393628063],[-70.9898701637385,42.3913682100237],[-70.9896762918261,42.3912944757557],[-70.9895469868908,42.3912696329597],[-70.9896463546508,42.3910031120059],[-70.9897126757046,42.3908094527244],[-70.9898433766169,42.3906402143899],[-70.9897791907003,42.3906154599705],[-70.9895829954575,42.3908088775471],[-70.9895164823553,42.3910025359037],[-70.9894184434156,42.3911477164054],[-70.9893838613396,42.3913660530338],[-70.9892535513983,42.3914865535004],[-70.9890583216912,42.3915585613603],[-70.9888961405004,42.3916063127291],[-70.9887337985912,42.39160559152],[-70.98847476179,42.3916044402666],[-70.988249017677,42.3914820902631],[-70.9879583315415,42.3913351815865],[-70.9876351714167,42.3912126642491],[-70.987410222951,42.3909689029998],[-70.9873149675469,42.3907257192267],[-70.9876105537584,42.3902660537425],[-70.9877424215471,42.3899756103779],[-70.9877148636033,42.3893931591798],[-70.9877174180848,42.389077870722],[-70.9875898664908,42.3888345432662],[-70.9872043570726,42.3883961127255],[-70.986851881961,42.3879093564738],[-70.9865308958549,42.3875437516739],[-70.9865005786093,42.387301191063],[-70.9865342433633,42.3871315232334],[-70.9867936342868,42.3870840082523],[-70.9871167689692,42.3872068623461],[-70.9873105982275,42.3873048032916],[-70.9874405125173,42.3872325074275],[-70.9877969135737,42.38725836384],[-70.9880227887533,42.387429387763],[-70.9887340772792,42.387578032499],[-70.9896090444785,42.3875819171076],[-70.9899986756857,42.3875107701597],[-70.9903889284074,42.3873428150072],[-70.9907467232648,42.3871258420537],[-70.9910399215349,42.3869814569255],[-70.9912351388786,42.3868613082516],[-70.9912361152048,42.3867399662211],[-70.9914982149627,42.3864012213843],[-70.9917573827476,42.3864269032062],[-70.9920490758154,42.3863793853692]]],[[[-71.074096136731,42.3979159857342],[-71.0167595335205,42.3976881707675],[-71.0160563916188,42.3973734546704],[-71.0163753943287,42.3972734997006],[-71.0169201131862,42.3973097583981],[-71.0170586302853,42.3970068076212],[-71.0175125194675,42.3970760368855],[-71.0179707288309,42.3966057488066],[-71.018018650107,42.3962350235339],[-71.018427421027,42.3962367349104],[-71.018565861174,42.3959672050109],[-71.0187940018745,42.3958335085876],[-71.0187510375132,42.3955297282093],[-71.0188447624216,42.3951590708377],[-71.0191649197045,42.3948566713996],[-71.0190768419228,42.3944852539757],[-71.0187600234118,42.3943492102749],[-71.0183529489409,42.3940776032217],[-71.0180363914182,42.3939077932168],[-71.0175825050736,42.3938383605008],[-71.0176404270779,42.3922533555105],[-71.0180036421017,42.3922886429131],[-71.01809632178,42.3919851015057],[-71.0181450462837,42.3915808191529],[-71.0186028412743,42.3911105811733],[-71.018970159922,42.3906060060532],[-71.0195161990651,42.390507333599],[-71.0198784528345,42.3906437019306],[-71.0206046001267,42.3907480120768],[-71.0206518466833,42.3905120702153],[-71.0202439687482,42.3903753224054],[-71.019928265843,42.3900704045891],[-71.0197944587936,42.389732685124],[-71.0198876724349,42.3894295414522],[-71.0202984518161,42.3891613505671],[-71.0204821338275,42.3888923489332],[-71.0227673043657,42.3870802563561],[-71.0227235595831,42.386877824693],[-71.0233618311966,42.3865768830154],[-71.0233180430783,42.3863067973023],[-71.0245022975991,42.3859068685255],[-71.0244572817733,42.3858731224381],[-71.0261433071934,42.385137896582],[-71.0261901209131,42.3850032330525],[-71.026918197005,42.3847702270833],[-71.0269174396917,42.384871451791],[-71.0275099678725,42.3846039138409],[-71.0292816531187,42.3846111759806],[-71.0293266034787,42.3846787538014],[-71.0295058831224,42.3850168400653],[-71.0295508329917,42.3850845547119],[-71.0293180660276,42.3858257162009],[-71.0297719571932,42.3858611321591],[-71.0304518768397,42.3860664877278],[-71.0309512413903,42.3861021530535],[-71.0311789888009,42.3860355641589],[-71.0313616156021,42.3859014519153],[-71.0313626145304,42.3857666681907],[-71.0315452426,42.3856322270401],[-71.0315477403438,42.3852950760081],[-71.0317745690623,42.3853296278209],[-71.0317713205394,42.3857683321809],[-71.0319527809168,42.3857690705065],[-71.0320879932219,42.3859719390746],[-71.032269435718,42.3859726768256],[-71.0322711828861,42.3857364766876],[-71.0329071527457,42.3857390603022],[-71.0357640885935,42.3863915769841],[-71.035763347432,42.3864925278722],[-71.0362617298079,42.3866632277323],[-71.0369881032702,42.3867336701773],[-71.0372141972637,42.3868697098204],[-71.0374426999009,42.386701870192],[-71.0374882165891,42.386668164549],[-71.0376240192243,42.3867699928506],[-71.0379872012637,42.3868050117825],[-71.0380784321126,42.3867380526919],[-71.0382593248025,42.3868399380204],[-71.0384418591723,42.3867395111702],[-71.0391223709192,42.386843398296],[-71.0393421294674,42.3868584499596],[-71.0395685020253,42.3868834272542],[-71.0400572167516,42.3864498687075],[-71.0401219803053,42.3864741987711],[-71.0390137902039,42.3874862034486],[-71.0392077029167,42.3875353142617],[-71.0402165464024,42.3867892136843],[-71.0404115041754,42.3867172450333],[-71.0406059416433,42.3866939503497],[-71.040671298709,42.3865730748892],[-71.040833533416,42.3865255800721],[-71.0408323042081,42.3866948539338],[-71.0411239474524,42.3866718230294],[-71.0411918531603,42.3862606518106],[-71.0414503227564,42.3862859450931],[-71.041350753214,42.3866727273614],[-71.0417074189724,42.3865772066015],[-71.0420960797884,42.3865063488019],[-71.0421302291761,42.3863127239872],[-71.0422594597129,42.3863132381895],[-71.0422610349737,42.3860956316233],[-71.042422456022,42.386144676234],[-71.0424229819456,42.3860719992258],[-71.0429114253003,42.3857109696792],[-71.0431716501425,42.3855186532276],[-71.0433658996004,42.3854951614524],[-71.0433040266753,42.3851319447907],[-71.0438874807243,42.3850373172738],[-71.0438867814849,42.3851342564952],[-71.0440476178247,42.3852798414339],[-71.044241689596,42.3852806103604],[-71.0444672689919,42.3854510563356],[-71.0448233833728,42.3854281891611],[-71.0457561798789,42.3862787623232],[-71.0460305410054,42.3863650253846],[-71.0459830579549,42.3866346734754],[-71.0460273933031,42.3868034561964],[-71.0464796583633,42.3871087720907],[-71.0473405374305,42.3874156944471],[-71.0480652829426,42.3876547503423],[-71.0486547992106,42.3878257405375],[-71.0491100092144,42.3876926144813],[-71.0491140986505,42.3871191260027],[-71.0493411831748,42.3871200156693],[-71.0493387777941,42.3874575092373],[-71.0494746599824,42.3875254214804],[-71.0502476394716,42.3874270947254],[-71.0509299280374,42.3872949036541],[-71.0515203303292,42.3872634547988],[-71.052064820544,42.3874004866492],[-71.0525173970144,42.3876382491482],[-71.0527876435194,42.3879767342758],[-71.0530587560927,42.3881800374827],[-71.0532390133944,42.3883494136433],[-71.053418596275,42.3886536428758],[-71.0532347241706,42.3889564611377],[-71.0530063310738,42.3891917808546],[-71.0529130910321,42.389494950629],[-71.0527300761179,42.3896628469611],[-71.0524110616531,42.3898302962038],[-71.0521370231928,42.3900654366054],[-71.0519538383314,42.3902333310335],[-71.0515896539997,42.3903332631305],[-71.051179962302,42.3904665217571],[-71.0509967547804,42.3906344830337],[-71.0506318684748,42.3908352398169],[-71.0502674993452,42.3910361206952],[-71.0500845445341,42.3911705900193],[-71.0499474000605,42.3913047726967],[-71.0497651484754,42.3913376881237],[-71.0493089678358,42.3916397765135],[-71.0491260318413,42.3918073387838],[-71.0488968372474,42.392076535702],[-71.0487994398592,42.3930205832585],[-71.0488891365129,42.3931558455835],[-71.0491612376984,42.3932581394723],[-71.0492513966865,42.3933258863807],[-71.049384221475,42.393798614342],[-71.0496111828017,42.3938331312833],[-71.049747132674,42.3938675655453],[-71.0496551442363,42.3940694414159],[-71.0495627843128,42.3942715211367],[-71.0495163095935,42.3944398234205],[-71.0496063763372,42.3945078435096],[-71.0498342462767,42.3944410676426],[-71.0499709185851,42.3943742085466],[-71.0499721186997,42.3942056057967],[-71.0501101384842,42.3939363105846],[-71.0502025326435,42.3937680506285],[-71.0502947774967,42.3935661753167],[-71.0503408824967,42.3934650595618],[-71.050251183938,42.3933297983847],[-71.0502068513067,42.393161003928],[-71.0503454413038,42.3928240567492],[-71.0504837884065,42.3925210654439],[-71.0507124037879,42.3923196539426],[-71.051122958675,42.3921186780249],[-71.0515779339605,42.3919858014766],[-71.0522171299522,42.3915158774359],[-71.05253474041,42.3915846299335],[-71.0531296417147,42.3910136433635],[-71.0532197084326,42.3910815237592],[-71.0543176851185,42.3899725392981],[-71.054364203473,42.3898717657915],[-71.0552787494793,42.3889983366238],[-71.0558689911918,42.3890679417157],[-71.0561423003935,42.3889340856304],[-71.0563700485904,42.3888676386776],[-71.0567338844784,42.3888015102388],[-71.0567803386253,42.3886330131373],[-71.0575521632945,42.3887369373372],[-71.0574585611405,42.3891078317001],[-71.0582305135817,42.3891444265337],[-71.0582312189039,42.3890434755665],[-71.0582321624231,42.3889084315658],[-71.0584143102467,42.3888755023553],[-71.0585048511075,42.3888758497995],[-71.058594911938,42.3890111060288],[-71.0586846450444,42.3891801399438],[-71.0595919128358,42.3893522236939],[-71.0595942621313,42.3890149354422],[-71.0598234670929,42.3887122121105],[-71.0605506135398,42.3886811030173],[-71.0610495275634,42.3887842897053],[-71.0614584893433,42.388751892121],[-71.0620937887855,42.3888556624674],[-71.0628659960977,42.3888925010223],[-71.0643187820293,42.3890329218277],[-71.0646362746253,42.38906788889],[-71.0647263487507,42.3892031540057],[-71.0660883726568,42.3893095121842],[-71.0663612935726,42.3892428872219],[-71.0670869641526,42.3894142272558],[-71.0684028977814,42.3896553773321],[-71.0684033586371,42.3895878621467],[-71.0696749449079,42.3896265133274],[-71.0696733386634,42.3898625221098],[-71.0703078843413,42.3900671977456],[-71.0705835503396,42.3895960193136],[-71.0711728245517,42.3898004527673],[-71.0706228689337,42.3905407180026],[-71.0708493709735,42.3906428451785],[-71.0707572228949,42.3908108486797],[-71.0711188599072,42.3910821003962],[-71.071298123861,42.391419928345],[-71.0713419168228,42.3916900631375],[-71.0712490983449,42.3919596204878],[-71.0707469174264,42.3923288102855],[-71.0704730736614,42.3925300240653],[-71.0699735443725,42.3924945984453],[-71.0698366689604,42.3925950403646],[-71.069333662972,42.3930318746857],[-71.0692407267049,42.3933686866282],[-71.0691028355122,42.3936041712547],[-71.0694649209138,42.3938081729489],[-71.069235901575,42.3940768902958],[-71.0693710176725,42.3942462086534],[-71.0702316630575,42.3946202826997],[-71.0706892773016,42.3941498386047],[-71.071053890757,42.3939825910985],[-71.0711916839337,42.3937468299672],[-71.0712839449157,42.3935110359549],[-71.0716031842424,42.3933438777974],[-71.0717406099998,42.3931756451562],[-71.0721515554732,42.3928398087051],[-71.0728309618037,42.3931796980031],[-71.0729207200438,42.3933487753487],[-71.0731928307212,42.3934171785653],[-71.0733749785417,42.3933165582362],[-71.0735572235326,42.3932836054307],[-71.0736006774011,42.3935536010256],[-71.0734181181155,42.3936877800587],[-71.073325607767,42.3939235063576],[-71.0720932698087,42.3947621307283],[-71.0720470819882,42.3948970199853],[-71.0720000682796,42.395099149116],[-71.0719991553736,42.3952340013453],[-71.0720893883177,42.3953356189815],[-71.0719522811762,42.3954700331343],[-71.0720873339764,42.3956391425888],[-71.0723615076977,42.3954040241361],[-71.0725900823651,42.3952025556881],[-71.0729535569357,42.395203905147],[-71.073315819201,42.3953739382833],[-71.0736765845093,42.3957799517425],[-71.0732643975404,42.3962844096693],[-71.0734450527065,42.3964199213378],[-71.073672491018,42.3963869989287],[-71.0736288081114,42.3961506310181],[-71.0737200396801,42.3960500840543],[-71.0738562359537,42.3960505884955],[-71.0741275928963,42.3962876074353],[-71.0743071141122,42.3965918028097],[-71.0743638452228,42.3979169762103],[-71.074096136731,42.3979159857342]]],[[[-70.9991697899991,42.3961685705807],[-70.9993739524708,42.3964709854083],[-70.9996462520555,42.3968489105855],[-70.9993880732497,42.3969887229065],[-70.9987205013596,42.3968644708566],[-70.9980867756983,42.3967023875979],[-70.9977275902995,42.396476246715],[-70.9970604763095,42.3962005551578],[-70.9964453191041,42.3958616394579],[-70.9960872737452,42.3954711630285],[-70.9958504693663,42.3948531662705],[-70.9960736247293,42.3948524054422],[-70.9963129308221,42.3949528700347],[-70.9966041942057,42.3950530265691],[-70.9971179361954,42.3951016718259],[-70.9975810555539,42.3950750798454],[-70.9981299343465,42.3950607606651],[-70.998318152112,42.395098085494],[-70.9987793486854,42.3954248881316],[-70.9989834255695,42.3957148010323],[-70.9991697899991,42.3961685705807]]],[[[-71.009517266031,42.3973366090988],[-71.0096201860896,42.3973961495231],[-71.0095558069848,42.3975077941875],[-71.0095786418268,42.3975888556219],[-71.0077540500167,42.397586614503],[-71.0077154770859,42.397537443137],[-71.0077494571051,42.397411896865],[-71.0079390188479,42.3974635859402],[-71.008108930949,42.3975598513523],[-71.008202649245,42.397502019246],[-71.0082302298181,42.3973902180793],[-71.0085977553433,42.3974525613127],[-71.0088369211912,42.3974819966795],[-71.008999146296,42.3973850105275],[-71.0092114572386,42.3972703200259],[-71.0093835107054,42.3972768034079],[-71.009517266031,42.3973366090988]]],[[[-71.0344269291154,42.3713599646794],[-71.0345607054273,42.3714631992251],[-71.034723211188,42.3715541226774],[-71.0347246587585,42.3716775475329],[-71.034552111516,42.3717473089577],[-71.0344337309533,42.3717603351112],[-71.0343385713608,42.3717024524516],[-71.0342670293597,42.3715734035653],[-71.0341908010743,42.3714930580809],[-71.0341753710599,42.3713600159588],[-71.0341435029948,42.3713027320638],[-71.0341830833702,42.3712203149377],[-71.0343535010366,42.371268214708],[-71.0344269291154,42.3713599646794]]],[[[-71.0233229823971,42.3783067225],[-71.0234230150906,42.3782190187878],[-71.0235032779169,42.3781940122763],[-71.0233996632386,42.3780884747476],[-71.023510769179,42.378037521588],[-71.0236858873802,42.3780373859863],[-71.0237656018746,42.37805970376],[-71.0238866982917,42.3780995339084],[-71.0240641330634,42.3780552061678],[-71.0241491874807,42.3780389773593],[-71.024227615067,42.3781155109028],[-71.024229553187,42.3781920038704],[-71.0242165448745,42.3784108414402],[-71.0241155622598,42.3785290205552],[-71.0241176945614,42.378629123365],[-71.0240046282007,42.3787008533103],[-71.0238566107739,42.3786928196049],[-71.0237215383572,42.3786437219582],[-71.023604317633,42.3786429106716],[-71.0234163852182,42.3786201445306],[-71.0231476529949,42.3786456987199],[-71.0231091628235,42.378681165847],[-71.0230606807865,42.3786993590242],[-71.0229828018816,42.3786966209039],[-71.0228463077466,42.3786209154141],[-71.0227607599906,42.3786037876924],[-71.0228626148663,42.378706493758],[-71.0230244957575,42.3787878620116],[-71.0230671885714,42.3788886511468],[-71.0230008988975,42.3790933696657],[-71.022861784113,42.3791497553374],[-71.0226712407253,42.3791143327394],[-71.0225903490928,42.3789850290236],[-71.0224645297224,42.3788794068799],[-71.0224132394553,42.3786738746629],[-71.0224113600545,42.3785167601472],[-71.0225118743245,42.3783416012835],[-71.0226721661677,42.3782988007536],[-71.0228079660925,42.3783005759222],[-71.0230811428701,42.3783072662601],[-71.0233229823971,42.3783067225]]],[[[-70.9817793569294,42.3879958625028],[-70.9814200412188,42.3879605930668],[-70.9817728180065,42.3880008519654],[-70.9818924714916,42.3880810849816],[-70.9819887074247,42.3882029315334],[-70.9821502899278,42.3882278613007],[-70.9823772133667,42.3882046799714],[-70.982425984768,42.388197545044],[-70.9825397456255,42.3881810749107],[-70.9826686674692,42.3882543956118],[-70.982863293275,42.3882310681036],[-70.9829937608122,42.3881347110276],[-70.9830276580249,42.3879405754076],[-70.983125657182,42.3878442060062],[-70.9832874482625,42.387844932698],[-70.9834483931995,42.3880154734415],[-70.9835772995585,42.3881128617573],[-70.9836412299718,42.38823456191],[-70.9836390510256,42.388501380427],[-70.9836046302661,42.3887197831169],[-70.9837006697358,42.3888413598879],[-70.9836996783703,42.3889627686498],[-70.9835048394701,42.3890105664638],[-70.9832133514744,42.3890334600567],[-70.9830165474143,42.3892994710781],[-70.9827876441824,42.3895408007721],[-70.9826559621938,42.3898072375836],[-70.9826517911478,42.3903170071272],[-70.9827147796228,42.390511176998],[-70.9827464056982,42.390656934749],[-70.9826149830013,42.390801825742],[-70.9827436272802,42.3909965582031],[-70.9829691605544,42.3911431873885],[-70.983195305805,42.3912412803545],[-70.9831962976283,42.3911199385163],[-70.9830345517657,42.3910464710169],[-70.9828733553427,42.3909486027812],[-70.9828096103546,42.3908027007139],[-70.9827795054385,42.3905357372259],[-70.982814768326,42.3901721242007],[-70.9828816895039,42.3899295986073],[-70.9831117761435,42.3895422573092],[-70.9833412628716,42.3892279880735],[-70.9835687759019,42.3891564690669],[-70.9837956941548,42.3891328837643],[-70.9840889330639,42.3889645146464],[-70.9843491239136,42.3888200653776],[-70.9847716704602,42.388676342645],[-70.9852585850174,42.3885329063431],[-70.9854211277733,42.3885093641195],[-70.9856791365181,42.3886561333234],[-70.9861628541149,42.3889737949911],[-70.986354570115,42.3892657484532],[-70.9864169127654,42.3896059301345],[-70.9863169605181,42.389920783776],[-70.9861854617126,42.390187225358],[-70.9861830967631,42.3904782453237],[-70.9860161763498,42.3910840975067],[-70.9859175993839,42.391229272656],[-70.9860132192795,42.3914478556667],[-70.9860441262888,42.3916178784827],[-70.9860110491453,42.3917148077391],[-70.9860734559115,42.3919819813774],[-70.986234024491,42.3922010547941],[-70.9863621767879,42.3923470418218],[-70.9865552312328,42.3925421910954],[-70.9866511001709,42.3926639650555],[-70.9868441801084,42.3928589802205],[-70.9871340905961,42.3930784284768],[-70.9873923232825,42.3931767229577],[-70.9875867618685,42.3932017913574],[-70.9876847842376,42.3931054851465],[-70.9877483640378,42.3932511830663],[-70.9878780492775,42.3932517603109],[-70.9880077570677,42.3932523375097],[-70.9880717457923,42.3933253630626],[-70.9883305493899,42.3933993887242],[-70.988557069834,42.3934489342234],[-70.989010332637,42.3935234881983],[-70.9893012311359,42.3936219234182],[-70.9895596862701,42.3936961453242],[-70.9902412492639,42.393577820495],[-70.9907931358257,42.3934588510074],[-70.9911503171438,42.3934118925902],[-70.9915075500718,42.39331639483],[-70.9920916982428,42.3931975616879],[-70.992805316072,42.3931522377377],[-70.9933871628703,42.393300416275],[-70.9936782341142,42.3934230435407],[-70.9939691815069,42.3934485926087],[-70.994097686399,42.3934403324774],[-70.9944007668435,42.393506583078],[-70.9948104716428,42.3937956686434],[-70.9950828633262,42.3941106257969],[-70.9951489571123,42.3945777138502],[-70.9955746874057,42.3951191196427],[-70.9959494515979,42.3955600813853],[-70.9962893649549,42.3960767054988],[-70.9968022041055,42.3964664542023],[-70.9976410038695,42.3966784464041],[-70.9982909642718,42.3969541934615],[-70.9991134355846,42.3970654165814],[-70.9997815649474,42.3971894013276],[-71.0003821261688,42.3970992123837],[-71.0010683310262,42.397059066629],[-71.0015150742069,42.3968430479361],[-71.0019115730017,42.3964123318569],[-71.0025658123081,42.3958926051841],[-71.0031858268786,42.3954109693961],[-71.0039598012375,42.3949664981175],[-71.0039633734663,42.3949645056833],[-71.0039677276083,42.3949620765464],[-71.0039736949736,42.3949587467128],[-71.0039812014661,42.3949545571197],[-71.0039901729892,42.3949495487041],[-71.0040005354466,42.3949437624032],[-71.0040122147416,42.3949372391541],[-71.0040251367777,42.3949300198939],[-71.0040392274583,42.3949221455597],[-71.0040544126868,42.3949136570884],[-71.0040706183666,42.3949045954172],[-71.0040877704011,42.3948950014832],[-71.0041057946938,42.3948849162235],[-71.0041246171483,42.3948743805751],[-71.0041441636682,42.3948634354753],[-71.004164360157,42.3948521218613],[-71.0041851325186,42.3948404806703],[-71.0042064066568,42.3948285528396],[-71.0042281084756,42.3948163793065],[-71.0042501638789,42.3948040010084],[-71.0042724987708,42.3947914588827],[-71.0042950390557,42.3947787938669],[-71.0043177106379,42.3947660468987],[-71.004340439422,42.3947532589155],[-71.0043631513124,42.394740470855],[-71.0043857722139,42.3947277236551],[-71.0044082280313,42.3947150582534],[-71.0044304446697,42.3947025155877],[-71.004452348034,42.3946901365961],[-71.0044738640295,42.3946779622165],[-71.0044949185614,42.3946660333867],[-71.0045154375352,42.394654391045],[-71.0045353468562,42.3946430761294],[-71.0045545724302,42.394632129578],[-71.0045730401626,42.3946215923291],[-71.0045906759592,42.3946115053208],[-71.0046074057259,42.3946019094914],[-71.0046231553684,42.3945928457792],[-71.0046378507926,42.3945843551223],[-71.0046514179043,42.3945764784593],[-71.0046637826096,42.3945692567282],[-71.0046748708141,42.3945627308675],[-71.0046846084239,42.3945569418154],[-71.0046929213447,42.3945519305102],[-71.0046997354824,42.39454773789],[-71.0047049767425,42.3945444048931],[-71.0047085710308,42.3945419724577],[-71.0047104442526,42.3945404815218],[-71.0047105223134,42.3945399730234],[-71.0047220456884,42.394541326339],[-71.004733652887,42.3945348577091],[-71.0050439399949,42.3944891252161],[-71.0050775964426,42.3944975602835],[-71.0054678847553,42.3944392672458],[-71.0057449173412,42.3944244117362],[-71.00600019624,42.3945573505309],[-71.0063892148615,42.3947323808987],[-71.0066748031549,42.3948927259627],[-71.0070751417475,42.395117410619],[-71.0074200101451,42.3953320952637],[-71.007746414101,42.3955784570773],[-71.0080392347228,42.3959230882766],[-71.0079488904545,42.3960793485922],[-71.0077771494978,42.396311210551],[-71.0076115396435,42.3965432321948],[-71.0072398858199,42.3968941797002],[-71.0069727865704,42.3972330048243],[-71.0068906670167,42.3975600529423],[-71.0054710600223,42.3975849828966],[-70.9811912657962,42.3974780822871],[-70.9812970484966,42.3879485201747],[-70.9811326892755,42.3879323865591],[-70.9812762856738,42.3704285505082],[-70.9813955176108,42.3703586266563],[-70.9817572296095,42.3700952970884],[-70.9821844215421,42.3698321346429],[-70.9824801034251,42.3696405076876],[-70.9829064228505,42.3695461531834],[-70.9832341410907,42.369451340474],[-70.9836277019633,42.3692844987751],[-70.9842168438427,42.3692148047046],[-70.9842854547204,42.3688055429871],[-70.984841344554,42.3688322970645],[-70.9851686554461,42.3687613599687],[-70.9855618043852,42.368666706996],[-70.985889323236,42.3685957655279],[-70.9861185098677,42.3685729236882],[-70.9864129704929,42.3685499620889],[-70.9870675857718,42.3684566113273],[-70.9872635399463,42.3685056309859],[-70.9877534320771,42.3685559395165],[-70.9883742327175,42.3686068452548],[-70.9888967096792,42.3687056452124],[-70.9895495736967,42.3688290243922],[-70.9900705004081,42.3691205610288],[-70.9906559458543,42.3695083925716],[-70.9911437230742,42.3697999006944],[-70.9917631761622,42.3700433255621],[-70.9922854960761,42.3701661122164],[-70.9927755579839,42.3702406800031],[-70.9934284280174,42.3703639034191],[-70.9941135595859,42.3705356097974],[-70.9947328185002,42.3708033458989],[-70.9956452226653,42.3712170558435],[-70.9964242441231,42.3718949319481],[-70.9965835896436,42.3724256780385],[-70.9965461479781,42.3730279033206],[-70.9964774218848,42.3734610337025],[-70.9963096512876,42.3739902791922],[-70.9963069633867,42.3743277759918],[-70.9961063559637,42.3748569423793],[-70.9959715770642,42.3753864002085],[-70.9957411967899,42.3755539993445],[-70.9956098728194,42.3756496951967],[-70.9954111839982,42.3759139917379],[-70.9952141960778,42.3760575280363],[-70.9949191351025,42.3761285838021],[-70.9945591610734,42.3761512007386],[-70.9938064020743,42.3762441590173],[-70.9935113116322,42.376339337138],[-70.9930202002,42.3764334591007],[-70.9925920734897,42.3767929322938],[-70.992326736465,42.3772254013573],[-70.9923230633569,42.3776829591992],[-70.9924819926594,42.3782861141574],[-70.9925443429273,42.3786719546039],[-70.9925735154336,42.3791058597171],[-70.9925051502158,42.379466792023],[-70.9923693627145,42.380116912239],[-70.9923991239641,42.3804540143507],[-70.9927590953786,42.3804556020431],[-70.9927575467278,42.3806486722071],[-70.9925613373655,42.380623543954],[-70.9925601785811,42.3807679529268],[-70.9924620779446,42.3807675201876],[-70.9924274925624,42.3810083817911],[-70.9922637384887,42.3810076592103],[-70.9922631586989,42.3810798705354],[-70.9921976800884,42.3811038445279],[-70.9921972935111,42.3811519854101],[-70.9922950152731,42.3811766796883],[-70.9922946287695,42.3812248205701],[-70.9923929332609,42.3812252543483],[-70.9923915798762,42.3813938569669],[-70.9922928886165,42.3814415640669],[-70.9922579358035,42.3817303611605],[-70.992356212414,42.3817550715206],[-70.9923442452866,42.3819413452883],[-70.9924359138536,42.3819587283546],[-70.9925959317858,42.381976549737],[-70.9926649220249,42.3819427598413],[-70.9928254312009,42.3819434675356],[-70.9929850396189,42.3820123730197],[-70.9932825260372,42.382047983179],[-70.9937862027857,42.3821014785986],[-70.9938053159879,42.3825977762111],[-70.9937635125927,42.3827718283842],[-70.993663989645,42.3830382146983],[-70.9936616578324,42.3833294285902],[-70.993724090407,42.3835965412685],[-70.9937876659858,42.3837667028876],[-70.9932687233755,42.3838372895075],[-70.9932035838703,42.3838854737633],[-70.9931699766781,42.3840067364224],[-70.9933643965499,42.3840075927204],[-70.9934295262715,42.3839836849945],[-70.9937537993746,42.3839851123008],[-70.9937198146829,42.3841305816515],[-70.9930393048816,42.3841516426855],[-70.992973962877,42.3842484340117],[-70.9928757676182,42.3843692886945],[-70.9927451473617,42.3844415839404],[-70.992615662511,42.3844410129841],[-70.992422368936,42.38434301267],[-70.9921958926369,42.3842450024978],[-70.991937490756,42.3841709906379],[-70.9914514121758,42.3841688431265],[-70.9909326887458,42.3841908120972],[-70.9907055935095,42.3842384151572],[-70.9900894649139,42.3842599628048],[-70.989830477538,42.3842588146871],[-70.9896996149349,42.3844038395707],[-70.9896333259132,42.384573441123],[-70.989340314123,42.384741817478],[-70.9892405357941,42.3850809466441],[-70.9893676578092,42.3853971485966],[-70.9894635075285,42.3855674558114],[-70.9894934485291,42.3858345497679],[-70.9891998460138,42.3860756709431],[-70.9886169293953,42.3860488870564],[-70.9878722777048,42.3859484272106],[-70.9873537166654,42.3859461178602],[-70.9872248187019,42.3858727956329],[-70.9870300115504,42.3858962039219],[-70.9869652160861,42.3859443861873],[-70.986512399206,42.385845355372],[-70.9862522603997,42.3859169282359],[-70.9858930960053,42.3862552382998],[-70.9854698009818,42.386495770426],[-70.985273588946,42.3866891745619],[-70.9853038735164,42.3869804108884],[-70.9852026869559,42.3874894120227],[-70.9850696514413,42.3879013966372],[-70.9849047203084,42.3882402303212],[-70.9846766193206,42.3884088853591],[-70.9843837985836,42.3885047212115],[-70.9839946860244,42.3885760532599],[-70.9838327386649,42.3885507215987],[-70.9838669762188,42.388356990572],[-70.9836749033079,42.3880648226427],[-70.9835784897317,42.3879672559382],[-70.9833203077604,42.387820477979],[-70.9831591189714,42.387722948636],[-70.9829312251768,42.3878433354004],[-70.9828975644402,42.3879888030004],[-70.9827342276475,42.3881335507599],[-70.9825728298277,42.3880841485141],[-70.9824116868368,42.3879378048595],[-70.9823140653788,42.3879861791479],[-70.982216814336,42.3880340073236],[-70.9819898981754,42.3880572489139],[-70.9818285288295,42.3879593882748],[-70.9817793569294,42.3879958625028]]],[[[-71.0238245210139,42.3348353163724],[-71.0236306952107,42.3347029365884],[-71.0235296522096,42.3345510089783],[-71.023683906966,42.3343391814293],[-71.0237251408842,42.3341031424897],[-71.0237194652998,42.3339218582176],[-71.0238563866724,42.3337379721631],[-71.0242678323594,42.3334965793792],[-71.0247656385872,42.3334465558691],[-71.025276799049,42.3334375777475],[-71.0256963374268,42.3334635037514],[-71.0257511966098,42.333284015414],[-71.0258860428608,42.3330874738409],[-71.0260337995354,42.3330424190192],[-71.0262396130209,42.33318641066],[-71.02644163086,42.3332115793866],[-71.0267830360008,42.3332986973813],[-71.0271679326619,42.3331142818079],[-71.0277746485416,42.3329547115622],[-71.0279863562061,42.3328873272254],[-71.0282177611988,42.3326948481999],[-71.0283399199436,42.3323617190182],[-71.0287583875918,42.3320934787512],[-71.0290305373916,42.3321645193074],[-71.0294362078724,42.3319944220404],[-71.0298147348334,42.3317419684583],[-71.0301096580016,42.3317767371405],[-71.0302318837613,42.3318184212939],[-71.0300076652012,42.3314372909163],[-71.0302043740001,42.3312044926302],[-71.0304923730348,42.330837748872],[-71.0308026119166,42.3305821381891],[-71.0311355644286,42.3303267613839],[-71.031776578215,42.3301056667404],[-71.0323452987458,42.3298665570353],[-71.0328262668566,42.3296713563803],[-71.0332172883639,42.3295551491404],[-71.0338332786233,42.3294279356485],[-71.0341479678414,42.3293223636953],[-71.034727131079,42.3292033701568],[-71.0349553759738,42.329238591999],[-71.0353776580985,42.329180520052],[-71.0357351716572,42.329086365732],[-71.036140551783,42.3289015348803],[-71.0367271626315,42.3287257151933],[-71.0371768217435,42.3287443831392],[-71.0373896785943,42.3288369693456],[-71.0375570167607,42.3289966229809],[-71.0375919516922,42.3291465341195],[-71.0378513374146,42.3295584790142],[-71.0383068474979,42.3296884179691],[-71.0387491370528,42.3301011035827],[-71.039169994725,42.3302652567481],[-71.0396033192359,42.330352504596],[-71.0397236521729,42.3305310296387],[-71.0399105347862,42.3305801830414],[-71.0401391029183,42.3304231787665],[-71.0403778568588,42.3305012210354],[-71.0405237337765,42.3306135241098],[-71.0408824408124,42.3307508129941],[-71.0413680907168,42.3307041457708],[-71.0416617239086,42.3308192347539],[-71.041877749773,42.3310251580259],[-71.0420313910581,42.3311732508259],[-71.0425108701948,42.3311827902003],[-71.0428828201797,42.3310969448296],[-71.0432321438161,42.3310622300117],[-71.0437941051362,42.3310043645004],[-71.0441106202749,42.3309583515077],[-71.0445224049649,42.3309961457029],[-71.0451134288548,42.3308310148091],[-71.0454268711795,42.3307875935037],[-71.0459788267016,42.3307139577518],[-71.0463229823365,42.3306360228191],[-71.0466425277056,42.33065546889],[-71.0471465245863,42.3306884776051],[-71.0477407822176,42.3307519253879],[-71.0482935044158,42.3306619681788],[-71.048519344202,42.3304156058532],[-71.0488442007462,42.3302476718263],[-71.0491103376168,42.3302651547524],[-71.0492491352209,42.3304373237699],[-71.0492553130949,42.3306452849648],[-71.0495186631652,42.3304342434706],[-71.0495734776005,42.3302543342492],[-71.0498668287325,42.3302445854584],[-71.050183429099,42.3300586305054],[-71.0503440213966,42.3300551135978],[-71.0505142332219,42.330208483126],[-71.0508455261674,42.3302484136663],[-71.0510071873239,42.3302594082085],[-71.0512459315715,42.3302897663728],[-71.0513634230498,42.3300729362425],[-71.0512586730879,42.3299414771953],[-71.0509894755833,42.3298347902514],[-71.0511537155343,42.3295455433884],[-71.0512869763692,42.3293045722521],[-71.0513727340206,42.3290914959657],[-71.0514471593735,42.3289008397063],[-71.0516626494538,42.3288806785768],[-71.0517167193757,42.3287921102651],[-71.0517486263625,42.3287397510904],[-71.0518464262542,42.3286071516777],[-71.0518802395615,42.3283730127398],[-71.0519063533066,42.3282082424728],[-71.0517645968589,42.3279716723444],[-71.0518118218712,42.3278793917301],[-71.0517268956077,42.3277226878215],[-71.0514718186461,42.3275588264481],[-71.0513976382666,42.3273846390282],[-71.0515533766238,42.3273403765656],[-71.0516381174075,42.3272814708468],[-71.0517023404099,42.3270679174465],[-71.0518304189993,42.3269470025476],[-71.0520375244324,42.326888439841],[-71.0522573086824,42.326936890776],[-71.0526119186486,42.3270027394409],[-71.0525034001759,42.326945872062],[-71.0522967050894,42.3268063449686],[-71.0521249159023,42.3267731158413],[-71.0519898342034,42.3267649676092],[-71.0517847886503,42.3266599364451],[-71.0515580350729,42.3265811623228],[-71.0513302662762,42.3265932523343],[-71.0511075325606,42.3263765563385],[-71.0510077978562,42.3261598139022],[-71.0511359936024,42.3260477171294],[-71.050982385157,42.3259191590744],[-71.0507865112044,42.3258697210317],[-71.050591915956,42.3257385786514],[-71.0503835114971,42.3255728914762],[-71.0503273416636,42.3254023255586],[-71.0504853035245,42.3254012050989],[-71.0507089790229,42.325419395871],[-71.0509147478345,42.325434373915],[-71.0510893616421,42.3254196786219],[-71.0512439553843,42.3253582964237],[-71.051323087369,42.3253038485195],[-71.0514803771057,42.3252942330859],[-71.051589822374,42.3253596462082],[-71.0517233514975,42.3254498238054],[-71.0519132388319,42.3254953006482],[-71.0520428907157,42.3255080326766],[-71.0522374942935,42.3255316563944],[-71.0525013154203,42.3255442586109],[-71.0524820447786,42.3255061413076],[-71.0522489813904,42.3254234661779],[-71.0520123552396,42.3253796129071],[-71.0517719948968,42.3253748733116],[-71.0515912546001,42.325286249915],[-71.0513947004416,42.3252281186841],[-71.0510946179742,42.3251994015716],[-71.0509704605693,42.3250742846772],[-71.0511976426587,42.3250536436197],[-71.0514922505615,42.3249791184873],[-71.0516308995064,42.3248408618986],[-71.0515816840589,42.3246913756651],[-71.0516224007939,42.3245779425065],[-71.0517128876759,42.3245229369001],[-71.0519029224308,42.3244692470036],[-71.0519699593797,42.3244065363026],[-71.0521285371561,42.3243148315571],[-71.0523307379287,42.3242605866355],[-71.0524979112822,42.3242161752147],[-71.0525633946606,42.3241277678738],[-71.0525392674365,42.3240120177019],[-71.0525313114587,42.3238741252125],[-71.0525185075417,42.3237497275501],[-71.0524531269384,42.3235146504224],[-71.0524438436208,42.3233510875652],[-71.0523951060936,42.3232103535591],[-71.0523092623117,42.3231442475089],[-71.0521440329189,42.3230161637955],[-71.0520282530444,42.3229297330002],[-71.0518652753899,42.322736679863],[-71.0518480680485,42.3225345673613],[-71.0518570565865,42.3223832271318],[-71.0518679446761,42.3222578519924],[-71.0518540519706,42.322223842226],[-71.0516551264037,42.3221059225457],[-71.0518545645941,42.3219478369231],[-71.0521815611925,42.3219029792749],[-71.0523089019577,42.3216793750601],[-71.0523573202833,42.3214319125491],[-71.0524440424884,42.321182334344],[-71.0529254478032,42.3210760396965],[-71.0530773483349,42.3211535006598],[-71.053026040002,42.3210674802906],[-71.05300257237,42.3208567773506],[-71.0533590075021,42.3205443306258],[-71.0530980633393,42.3206152557211],[-71.052912307141,42.3207776673072],[-71.0527460233715,42.3209413578139],[-71.0524097952009,42.3208782719736],[-71.0522081567026,42.3207144862698],[-71.0519960353727,42.3206572313215],[-71.0517205743905,42.3208027188231],[-71.0512414598772,42.32085593196],[-71.0510431234855,42.3210780542954],[-71.0508944220753,42.3214151156229],[-71.0504460766839,42.3218018090091],[-71.0501288510082,42.3219675795834],[-71.0499167046892,42.3219119253207],[-71.0497333047702,42.3217825718315],[-71.0495485718951,42.3217124491844],[-71.0493943487384,42.3216468584946],[-71.0491738118218,42.321517224782],[-71.0490333077879,42.3214245346236],[-71.0488372251996,42.3213038298405],[-71.0485765444975,42.3212466453961],[-71.0482399389149,42.3212383612462],[-71.0480080986308,42.321253896882],[-71.0478503487221,42.321165299366],[-71.0477882826985,42.3210507276388],[-71.0477060772937,42.3209051964847],[-71.0476306216672,42.3207228947384],[-71.0475757936689,42.3205931160524],[-71.0474789708506,42.3204887034873],[-71.0473794999311,42.3204144919701],[-71.0474296855953,42.3206028369966],[-71.047442648428,42.3207791263137],[-71.0475247030001,42.3209456505502],[-71.0476090288139,42.3211206161527],[-71.0477041994835,42.3212672848367],[-71.0477487951882,42.3213555710869],[-71.0477902344328,42.3214332896589],[-71.0478724458846,42.3215891336356],[-71.0478619342869,42.3217253493125],[-71.0477290926737,42.3217693542333],[-71.0475658420281,42.3217947780823],[-71.0473600609204,42.3217832789176],[-71.0471115715868,42.3217487372444],[-71.0469527992049,42.3216377871197],[-71.0469320519102,42.3217059090711],[-71.0468677211252,42.3217552642624],[-71.0466947551568,42.3217031014056],[-71.0464709494811,42.3216689147677],[-71.0463147871756,42.3216716413754],[-71.0460210744098,42.3216728885432],[-71.0459106925933,42.3216125559013],[-71.0459099951929,42.3214444715875],[-71.0460120449167,42.3213726594837],[-71.0461151426982,42.3212693027053],[-71.0461301900468,42.3211920823804],[-71.0460877287911,42.3211598227522],[-71.0459230265328,42.3212260304074],[-71.0458273260895,42.3212887580906],[-71.0457154262518,42.3212784375619],[-71.0455913055571,42.3212495823103],[-71.0455141949858,42.3211213274976],[-71.0454684874416,42.320989160255],[-71.0454922877061,42.3208348118676],[-71.0454889022599,42.320757368293],[-71.0455295265124,42.3206438699413],[-71.0454706289736,42.3205388033291],[-71.045434193536,42.3203199074465],[-71.045417901975,42.3202425548905],[-71.0453779753499,42.3201193778096],[-71.045330316917,42.3200551390935],[-71.0452344282719,42.319935752057],[-71.0451682073568,42.3198485743021],[-71.0449118781833,42.3197137094295],[-71.0447725407049,42.3195604450318],[-71.0444991115338,42.3194594754841],[-71.0442089413624,42.3193204717599],[-71.0438845507494,42.3191563097905],[-71.04377596266,42.3190479862853],[-71.0437414288699,42.3189520914526],[-71.0437542351669,42.3188236490647],[-71.0438263762676,42.3187514610609],[-71.043696820654,42.3187509467727],[-71.0436157966073,42.3187931469199],[-71.0435425386822,42.31885932147],[-71.0434289153586,42.3189012415807],[-71.043283316102,42.3188643005536],[-71.0431621214523,42.3188162241592],[-71.0430255486603,42.3187301026389],[-71.0428967482488,42.3186390476389],[-71.0428572747478,42.3185178771675],[-71.0427930127428,42.3184329873293],[-71.0426410913344,42.3183002625632],[-71.0424379814222,42.3183804863576],[-71.0416390406379,42.3183496402457],[-71.0410299786462,42.3183102871287],[-71.040403554456,42.3182040197803],[-71.0406868831178,42.318189917098],[-71.0409203266526,42.3181243843062],[-71.0411042223253,42.318035403248],[-71.0412636257896,42.3179416273453],[-71.0412654609037,42.317873313857],[-71.0411511592077,42.3179358380833],[-71.0409927416921,42.3180023312298],[-71.0408221755032,42.3180685081888],[-71.040709518784,42.3180764821859],[-71.0405921266701,42.3180386977174],[-71.0405010514946,42.3179512924943],[-71.0404976807865,42.3178695781861],[-71.040469593758,42.3177690447327],[-71.0404551713127,42.3176461098785],[-71.0404020966788,42.3175362416859],[-71.0402726881454,42.3174894581739],[-71.0400923115816,42.3174692138901],[-71.0398505412235,42.3174163641164],[-71.0397653465826,42.3173381915663],[-71.0397020419737,42.3171734749759],[-71.0395677318907,42.3170854863137],[-71.0394691551767,42.3170389591182],[-71.0395098945219,42.3171352562454],[-71.0396678372976,42.3172686862786],[-71.0396961936426,42.3173598525035],[-71.039731357082,42.3174285899485],[-71.0398222482685,42.3175162708523],[-71.0400017833175,42.3175546976486],[-71.0401127496137,42.317605686602],[-71.0401849293481,42.3176928911883],[-71.0402685865132,42.3178076872552],[-71.0402971778736,42.3178899036033],[-71.040262188929,42.3179939372239],[-71.0401904233338,42.318102353353],[-71.0400939931538,42.3181785871198],[-71.0400240561641,42.3180368350974],[-71.0400089837035,42.3179275283239],[-71.0399413936964,42.31788125928],[-71.0398160942227,42.3178934523657],[-71.0397404622326,42.3179109338153],[-71.0396810168247,42.3179339791415],[-71.0396132824725,42.3179323623094],[-71.0391512199988,42.3179449518522],[-71.0389974610148,42.317881747483],[-71.0387441538401,42.317778571671],[-71.0386419306671,42.3176637083128],[-71.0385580199067,42.3175578690404],[-71.0383797834916,42.3174650141829],[-71.0383096596994,42.3173232603271],[-71.0383448088618,42.3171961033004],[-71.0383673222117,42.3170737176625],[-71.038516638888,42.3169071715409],[-71.0385274065996,42.3167662774497],[-71.0385085443448,42.3165840712976],[-71.0384088826053,42.316564557943],[-71.0384439778488,42.3166423966154],[-71.0384270624571,42.3167878040214],[-71.0383990253277,42.3168786103674],[-71.0382958082484,42.3169728671318],[-71.0381992464367,42.3170716969102],[-71.0381890020996,42.3171901370326],[-71.0381667782604,42.3172990267762],[-71.0381752174346,42.3174264842671],[-71.038196581218,42.3175358249426],[-71.0383375907598,42.3176191620327],[-71.0385153556642,42.3177257711535],[-71.03860549275,42.3178178626389],[-71.0386708170128,42.3179276554773],[-71.0387546632349,42.3180424450519],[-71.0388894027414,42.3181210762046],[-71.0389744938124,42.3181902732498],[-71.0389640043507,42.3183178051527],[-71.0389333138395,42.3184992607971],[-71.0390446180455,42.3183323024564],[-71.0391291232169,42.3182330141384],[-71.0391865436347,42.3181927449676],[-71.0393066041775,42.3181577913898],[-71.0394730845944,42.3181101701932],[-71.0395740163029,42.3180545473317],[-71.0397383165154,42.318009348988],[-71.0399031105507,42.3181161797853],[-71.0396620140599,42.3183419893272],[-71.0396484117426,42.3188001898906],[-71.0397275455242,42.3190183227474],[-71.0395866055428,42.3192715522584],[-71.0393483239249,42.319505946959],[-71.038906170025,42.3195310509894],[-71.0387863784836,42.3194761477071],[-71.0384714967819,42.3192436794075],[-71.0383112994358,42.319048478399],[-71.0382347741568,42.3187945189868],[-71.0380778971374,42.318292710474],[-71.0380577472236,42.3180432563935],[-71.0379080647524,42.3178891480162],[-71.0377611651103,42.3176994820099],[-71.0376914354532,42.3172787964952],[-71.0375623932657,42.3170141870031],[-71.037459331103,42.3168173425288],[-71.0373115749166,42.3164726948477],[-71.0372276053844,42.3159810817644],[-71.037135992577,42.3155016059986],[-71.0370911807908,42.3149249645154],[-71.0370303654695,42.314570504],[-71.0370648512195,42.3142401035699],[-71.0370710284841,42.3138896569312],[-71.0372687172494,42.3133638766004],[-71.0373455250649,42.3131586632106],[-71.0374890632264,42.3124505338411],[-71.0377103881154,42.3119943804708],[-71.0377819422984,42.3116693437326],[-71.0380694137126,42.3114816915225],[-71.0382603590628,42.3114352485117],[-71.0385462424144,42.3114126035969],[-71.0387994043535,42.311555359669],[-71.0388528955429,42.311903764442],[-71.0387490118186,42.3123642692013],[-71.0387237117462,42.3127705412051],[-71.0388444720482,42.3131590718211],[-71.0388888615004,42.3134463397468],[-71.038997806139,42.3137274482093],[-71.0392266952053,42.3137410775928],[-71.0394542785895,42.3135131921924],[-71.0396262844699,42.3132227800745],[-71.0397508847887,42.3129337740864],[-71.0398844564958,42.3127999319949],[-71.0402005487197,42.3126899447948],[-71.0403483217302,42.312831615446],[-71.0403170616555,42.3131172346891],[-71.0403115532655,42.3134540367004],[-71.0405326813865,42.3136447987184],[-71.0408005118852,42.3137262413002],[-71.0411759841089,42.3139640100034],[-71.041395753503,42.3141284310695],[-71.0415437831197,42.314274371717],[-71.0417320070806,42.3145051151028],[-71.0418049450411,42.3146460674987],[-71.0419312427022,42.3146723866409],[-71.0419832968993,42.3147599110864],[-71.0419931564874,42.3148788244878],[-71.042182357666,42.3149749183221],[-71.0423677359733,42.3150251318082],[-71.0426072922787,42.3150374513861],[-71.0430178044835,42.3150249104916],[-71.0433600173528,42.3150879141077],[-71.0435814356097,42.3152139440809],[-71.0436312257617,42.3155299888392],[-71.0436925532123,42.3155968232299],[-71.0436641830347,42.3157443253743],[-71.0434825796011,42.3157557807128],[-71.0433697594387,42.3157729831011],[-71.0433153943707,42.3159039430845],[-71.0434444661442,42.3159691747447],[-71.0435683954624,42.3159980149171],[-71.0435792051951,42.316048059502],[-71.043575226444,42.3161750828348],[-71.0435262440607,42.3163341531269],[-71.0434973347437,42.3164563806318],[-71.0433872420683,42.3163825328689],[-71.0432466105407,42.3162852885864],[-71.0431133050341,42.3161700298676],[-71.043171701102,42.3162935487144],[-71.0432045186601,42.3164396976875],[-71.0433145417113,42.3165091327005],[-71.0434233812237,42.3166193548231],[-71.043500738919,42.3167338560862],[-71.043591219698,42.316830625103],[-71.0437057950356,42.3169591721819],[-71.0438287988149,42.3170151612078],[-71.0439283155202,42.317030122912],[-71.0438696632419,42.316919983476],[-71.0437717315979,42.3168460506412],[-71.0437070291053,42.3167364136077],[-71.043706015972,42.3165770194092],[-71.0437399787361,42.3164910407585],[-71.0438366651155,42.3163876604811],[-71.0439231429261,42.3162382327426],[-71.0439395983476,42.3161158219925],[-71.0439374872966,42.3159837016088],[-71.0439417701747,42.3158518740274],[-71.0439105246766,42.3156514425449],[-71.0439525146566,42.3154983615732],[-71.0439294043445,42.3153050577006],[-71.0439431052469,42.3152038969401],[-71.0440175687158,42.3151088440932],[-71.0441652688254,42.3151015323802],[-71.044291972039,42.315070210302],[-71.0444506829046,42.3150709815948],[-71.044568039373,42.3150381429229],[-71.0447210578705,42.3151054738073],[-71.0450258143733,42.3153541985212],[-71.0451537039848,42.3155119554823],[-71.0452167307366,42.3157296281108],[-71.0452080462675,42.3158083528238],[-71.0452346670048,42.3160653277502],[-71.0450439832878,42.3161994931029],[-71.0450619978767,42.3164505420943],[-71.0452156631808,42.316426822209],[-71.0454761327667,42.3160601236525],[-71.0459905285084,42.3159081153651],[-71.046351756849,42.3157731508772],[-71.0464525936441,42.3158299939807],[-71.046718604548,42.3159194217661],[-71.0469243999133,42.315926250502],[-71.0472921914047,42.3159440049204],[-71.0475946027947,42.31605644794],[-71.0478085971028,42.3161908729738],[-71.0479122810275,42.3162782050059],[-71.0482102932703,42.3163273811485],[-71.0484323276423,42.3164068791052],[-71.0483512455998,42.3165969645128],[-71.0481340091109,42.3167539044942],[-71.0479243940239,42.3168652683429],[-71.0477247446197,42.3170585055543],[-71.0477217852822,42.3171448747963],[-71.0479659166763,42.3169293481761],[-71.0481751949041,42.3168273347295],[-71.0484095509377,42.3167204802886],[-71.0486069699944,42.316613756093],[-71.0487607109547,42.3164924019721],[-71.048795981705,42.3163609717169],[-71.0487321496559,42.3162149616892],[-71.0485603907998,42.3161217636372],[-71.0483288358808,42.3161283503311],[-71.0481198048942,42.3160304504072],[-71.0479850269253,42.3159562342075],[-71.0479528448641,42.3157968511857],[-71.0480279787132,42.3155929614687],[-71.04820058816,42.315467269632],[-71.0484553792103,42.3153111623562],[-71.0487821396301,42.3152554824701],[-71.0490377777397,42.3152583495391],[-71.0492304628787,42.3152969556136],[-71.0494026009131,42.3153762560049],[-71.0496651819944,42.3154906685216],[-71.0496648154439,42.3153791558187],[-71.0497249378842,42.315256907006],[-71.0498785715584,42.3151403731105],[-71.0500060380507,42.3150646454706],[-71.0497721142865,42.3151483802515],[-71.049638856854,42.3152149754973],[-71.0494768270858,42.3151994978936],[-71.0492419622997,42.3151242388888],[-71.0490443829107,42.3150535216439],[-71.0488079428163,42.3148328972658],[-71.0487640221693,42.314650343738],[-71.0488091029243,42.3144189235681],[-71.0488946916577,42.3142879414861],[-71.048992687102,42.3141524700202],[-71.0490967619455,42.3140218444768],[-71.0491249341736,42.3139619078875],[-71.0491323220386,42.3138858604711],[-71.0490026787588,42.3136477373332],[-71.0488143059202,42.3134866716927],[-71.0485947917523,42.3133204021852],[-71.0484240078474,42.3131911041759],[-71.0481604987935,42.3130427043287],[-71.0479572806901,42.3129537775181],[-71.0475999848964,42.3128090439935],[-71.0473533479117,42.3127061723559],[-71.0471116557456,42.3126441032565],[-71.0468244704207,42.3126453863954],[-71.0465889579762,42.3125884217956],[-71.0463537093923,42.3125701185886],[-71.0462979484932,42.3124320282006],[-71.0463160494712,42.3122174843733],[-71.046265534212,42.3119775392566],[-71.0459584550247,42.3117261340984],[-71.0457368763512,42.3114869836067],[-71.0460120810097,42.3112714584073],[-71.0459792923027,42.3109935825148],[-71.04594625415,42.310703428742],[-71.0459468800266,42.3105392354144],[-71.0459824713876,42.310299078685],[-71.0459490473903,42.3101098711392],[-71.0456410824755,42.3100225403194],[-71.0453501166831,42.3100235206321],[-71.0451691914048,42.3100071681794],[-71.0449679124437,42.3100012901161],[-71.0448096644395,42.3099739283976],[-71.0443713664211,42.3099453143614],[-71.0438462218139,42.3099701080952],[-71.0435944517221,42.3099850123689],[-71.0433353854558,42.3099998954546],[-71.0430794826882,42.3101240287875],[-71.0427518002656,42.3101684565558],[-71.0425893823431,42.3101089748015],[-71.0424595139232,42.3099796968943],[-71.042480943725,42.3098203834445],[-71.0426686551234,42.3097092263945],[-71.0428994239519,42.3096352547964],[-71.0434757616131,42.3094560921718],[-71.043965640026,42.3093621623335],[-71.0443201422634,42.3092560519551],[-71.0446182002133,42.3090919678822],[-71.0451324480172,42.3089764675286],[-71.0455091767013,42.3089246134829],[-71.0459544055867,42.3089357253403],[-71.0462121225006,42.3087957974843],[-71.0466753039461,42.3086173837534],[-71.0470524838103,42.3084264442607],[-71.0474634035624,42.3083995815517],[-71.0474471114101,42.30827356453],[-71.0477561544292,42.308083022956],[-71.0482709389389,42.3079045384467],[-71.0487158355159,42.307890240494],[-71.0498459294511,42.3079492294992],[-71.0511985877082,42.3079444916431],[-71.051814722363,42.3080053222357],[-71.0523282446306,42.3079908851407],[-71.0528590539833,42.308014079071],[-71.0531834395942,42.3081645603817],[-71.0532682957791,42.3083662844316],[-71.0535767924746,42.3083146568472],[-71.0537469761522,42.3085287297775],[-71.0538658167712,42.3087174643772],[-71.0543017070344,42.3087371992251],[-71.0544198300002,42.3089258050929],[-71.0546386938711,42.309043664013],[-71.0549371050401,42.3091088537352],[-71.0552700941764,42.3092013377099],[-71.0555959459909,42.3092713370645],[-71.0559123938151,42.3091138386904],[-71.056150916803,42.3090747705658],[-71.0563657794976,42.3090459151505],[-71.0565776851703,42.3090646594252],[-71.0566809631143,42.3091344485065],[-71.0567905483003,42.3092168562603],[-71.0568038598451,42.3093499389909],[-71.0566169924247,42.3094729227909],[-71.0564576200555,42.3096553575484],[-71.0563462563684,42.3097624275148],[-71.0563834527653,42.3100202515028],[-71.0565415014638,42.3099112138465],[-71.0566761116763,42.309803155287],[-71.0568327300065,42.3095605203918],[-71.0569915464358,42.3094686091669],[-71.0570801771665,42.3092631524783],[-71.0570496397757,42.3091346667515],[-71.0568746169625,42.3090326430775],[-71.056700413323,42.3089568224084],[-71.0565621987513,42.3089495949486],[-71.0564091488848,42.3087183512908],[-71.0564272749586,42.3083569766288],[-71.0565587584669,42.308166010105],[-71.0567889951154,42.3081005748501],[-71.0568518879794,42.3079173664193],[-71.0566330047235,42.3076993494229],[-71.056629202636,42.3074705454158],[-71.0569438934167,42.3073468761006],[-71.0572733073512,42.3073684706734],[-71.0574234516888,42.3072551140286],[-71.0574597639905,42.3071485479192],[-71.0575007674927,42.3070167357538],[-71.0575401340466,42.3069000272606],[-71.0575339347377,42.3067817894254],[-71.057568647495,42.3065318727505],[-71.0575339475882,42.3064045745023],[-71.0574132372821,42.3063309665663],[-71.0573017818169,42.3059884897277],[-71.0573243211091,42.3055216375569],[-71.0571441044179,42.3053249143232],[-71.0569872477635,42.3050095319798],[-71.0567560045704,42.3047202214059],[-71.0561006586891,42.3044011838573],[-71.0557602378621,42.304252905095],[-71.0550889616193,42.3040601792543],[-71.0537951068543,42.3040272153609],[-71.0529355491349,42.3036244536187],[-71.0526064670623,42.3033501228944],[-71.0525763784161,42.3031741596687],[-71.052366760338,42.3030641048979],[-71.0522717504689,42.3029718712153],[-71.0521544071829,42.3028569606074],[-71.0519751329545,42.3026719831138],[-71.0517976448763,42.3025036099091],[-71.051488392724,42.3022063539156],[-71.0511456062113,42.3019248783809],[-71.0508267874033,42.3016582210721],[-71.0503899276903,42.3013460133271],[-71.0501405082467,42.3011333631089],[-71.0498888799681,42.3009545257181],[-71.049420926056,42.300724311337],[-71.0490236808594,42.3006339564054],[-71.0487518465619,42.3006498795537],[-71.0482522517747,42.3007401811113],[-71.0480382491796,42.3008554142288],[-71.0476253679495,42.3011117127649],[-71.0468720362269,42.3013292520132],[-71.0464742893596,42.3014346479796],[-71.0459187718147,42.3016497607678],[-71.0455938214394,42.3016226603855],[-71.0452263603281,42.301622276308],[-71.0450447526005,42.3015789016437],[-71.044625489509,42.301816987005],[-71.0444950257455,42.3015735060889],[-71.0444056416645,42.3014179062607],[-71.0445568247776,42.3013476439647],[-71.0445293792515,42.3012425673188],[-71.0446251850722,42.3011204539177],[-71.0445308862197,42.300870305116],[-71.044392387823,42.300642303352],[-71.0443771926168,42.3003774833708],[-71.0443683638556,42.3001118779596],[-71.0443159557184,42.2999496050598],[-71.0441357285454,42.2999888715352],[-71.0440223281953,42.2997403847769],[-71.043703483432,42.2998313753899],[-71.0437392255315,42.3000206016017],[-71.0435762268252,42.3000436137765],[-71.0434875392863,42.2996030732325],[-71.0438246539913,42.2995371524904],[-71.0438518081754,42.299619897443],[-71.0442720659573,42.2994922607264],[-71.0442169950089,42.2993575145546],[-71.0446649358363,42.2992247712512],[-71.0447915333269,42.2994291997666],[-71.0460507467695,42.2989195047891],[-71.0467798092709,42.2985753872031],[-71.0466159761559,42.2980363958771],[-71.046914305643,42.2979661678077],[-71.0471386487385,42.2980016766549],[-71.0474310942653,42.2980489613649],[-71.0477604922058,42.2980703243124],[-71.0481036347978,42.2981044351395],[-71.0481930084851,42.2981011762642],[-71.0483340733584,42.2980951871185],[-71.048396374227,42.2981596078497],[-71.0482491984648,42.2982520963432],[-71.0480959815118,42.2983944289937],[-71.0481712497177,42.2986862281963],[-71.048371103175,42.2988648659827],[-71.0484054727516,42.2986533269894],[-71.0484044311466,42.2985105130828],[-71.0486587671003,42.2984212451021],[-71.0487459720983,42.2985296393726],[-71.0488644962818,42.2987564877808],[-71.0490041550445,42.2990271444844],[-71.0491158022202,42.2993315214848],[-71.0492633658964,42.2995674340707],[-71.0494889165799,42.2997648910453],[-71.0496901681383,42.2998096728706],[-71.0499857799415,42.2998659141118],[-71.0500598546866,42.3000150312368],[-71.0501786316096,42.3000029269086],[-71.0501225359279,42.2998505456909],[-71.0498897916125,42.2996495935066],[-71.0496583895602,42.2995529537288],[-71.0495609451512,42.2994513396112],[-71.0494649486554,42.2992348765182],[-71.0494241541533,42.298970215903],[-71.0493056229807,42.2988436558439],[-71.0492546455906,42.2986669577293],[-71.0492927638586,42.298526169499],[-71.0490566643712,42.2984543730545],[-71.0490156305015,42.2980703103262],[-71.0488513444803,42.2978230910796],[-71.0487158726599,42.2975719648924],[-71.0487793118986,42.2974766147011],[-71.0489817357253,42.2972150565891],[-71.0491025945383,42.2969652042185],[-71.0490277289121,42.2967651453995],[-71.0490743252098,42.2964075013245],[-71.049135909089,42.2961424482667],[-71.0493335783597,42.2959028004351],[-71.0493770686274,42.295625374276],[-71.049766212247,42.2955731456417],[-71.0501841463015,42.295615023194],[-71.0505302269564,42.2957410103558],[-71.0507770404587,42.2959738494917],[-71.0510331657177,42.2961637762077],[-71.0512795766529,42.2962887029651],[-71.0515469254567,42.2964694625829],[-71.0518864721988,42.296582842342],[-71.0520349963006,42.2966167087327],[-71.0517807771519,42.2970092549487],[-71.0527355040151,42.2976708551112],[-71.0529244300952,42.2976988770529],[-71.0532006034621,42.2977281573093],[-71.0534583652568,42.2977279559541],[-71.0537742173319,42.2977258485323],[-71.0539584535714,42.2975599441446],[-71.0539717311467,42.2972619487675],[-71.0540100596745,42.2971136716376],[-71.0542042871227,42.29712885851],[-71.0542044834446,42.2974607533234],[-71.054122036575,42.2978777558884],[-71.0539260170639,42.2981517918516],[-71.0540876088991,42.29832732097],[-71.0543278262597,42.2984401741527],[-71.0544321242778,42.2985269682161],[-71.0546647721761,42.2987174725484],[-71.0548351727082,42.2986253332994],[-71.0549776494818,42.2986635934347],[-71.0551484000437,42.2988949081278],[-71.0549993268108,42.2991672555779],[-71.0549338328415,42.2993638332919],[-71.0551176106389,42.2995213950419],[-71.0553063258853,42.2996573134506],[-71.0554395480939,42.2998467710607],[-71.0555897448947,42.29991474545],[-71.0558080451168,42.2999547603127],[-71.0560380640111,42.2998777007042],[-71.056216136111,42.2997078995154],[-71.0563785034814,42.2995685248799],[-71.0565593310675,42.2995579906953],[-71.0566340154876,42.2994260411965],[-71.056465928592,42.2992377708376],[-71.0565268384126,42.2991710221073],[-71.0567090477554,42.2992942099911],[-71.0569253194182,42.2992908906191],[-71.0567351273515,42.2992369460295],[-71.0565190269248,42.2990245635147],[-71.0562042913342,42.2991604081509],[-71.0562227277912,42.2993970413956],[-71.056032644954,42.2995587648174],[-71.0558765509963,42.2997024421595],[-71.0556742588052,42.2996401502382],[-71.0555954150589,42.2994789837981],[-71.0553599043918,42.2992368555698],[-71.0554588701477,42.2991214396137],[-71.0556329585267,42.2989818272148],[-71.0555865308565,42.2988841679618],[-71.0555315901582,42.2987307241284],[-71.0553152262029,42.2985182129259],[-71.0550115435874,42.298313110377],[-71.0545648191412,42.2980609357303],[-71.0543220036228,42.2978967172583],[-71.054488106539,42.2977271480441],[-71.0547681546132,42.2976009350105],[-71.0551041157189,42.2974300088971],[-71.0549001670042,42.2971176582808],[-71.0546348127647,42.2969716807014],[-71.0543585974338,42.2968431689491],[-71.0540313791123,42.2967462999352],[-71.0536865958185,42.2967539201354],[-71.0534272383264,42.2970432037061],[-71.0535787731316,42.2972538704463],[-71.0534069755597,42.2974278372514],[-71.0530333205408,42.2974408256747],[-71.0526335292582,42.2973035468695],[-71.0525075560667,42.2971352413835],[-71.0527801432016,42.2970869528033],[-71.0528925317926,42.2968977961466],[-71.053147213184,42.2966301326733],[-71.053215067898,42.2963689880486],[-71.0532761257132,42.2960866812883],[-71.0530361794987,42.2958747425036],[-71.0527812349668,42.2958102347764],[-71.0523541344255,42.295919682007],[-71.0521266533373,42.2959321755157],[-71.0517331498653,42.2957987957979],[-71.0512479076732,42.2955869656408],[-71.0509469499892,42.2954332101367],[-71.0506553833361,42.2952364420065],[-71.0502638934673,42.2949220204404],[-71.049827139916,42.2947427335503],[-71.0495205856587,42.2948181602338],[-71.0495380561802,42.2949210405047],[-71.0497141999579,42.2951479887625],[-71.0496835387524,42.2953344039888],[-71.0492555169548,42.2951032669196],[-71.0489311013528,42.2948428414884],[-71.0486854343432,42.2948424115676],[-71.0484528261998,42.2950833919061],[-71.0484076138596,42.2953350119406],[-71.0482615303515,42.2955514605583],[-71.0479187969792,42.2960516770493],[-71.0479348346485,42.2961909563956],[-71.0479106422917,42.2964149710945],[-71.0478529776991,42.2965544702013],[-71.0477088648355,42.2966472375094],[-71.0474472211175,42.2965753287758],[-71.0473310248624,42.296376852685],[-71.0472875189338,42.2962032334383],[-71.0472871870332,42.2959835516],[-71.0472640150859,42.2957732485954],[-71.0471641860013,42.2956050401512],[-71.0469222849879,42.2953767756496],[-71.0466908563727,42.2952992344655],[-71.0463827509213,42.2951644349393],[-71.0463286132755,42.2951067227934],[-71.0460921143338,42.2948447643904],[-71.0458908277541,42.2946425908866],[-71.0457338707876,42.2944562455733],[-71.0454733225272,42.2942693565273],[-71.0453937471615,42.2941644664711],[-71.0453786548552,42.2940574246325],[-71.045334429524,42.2938219156948],[-71.045144796041,42.2937941458251],[-71.0449972239708,42.2936777707165],[-71.0451238151718,42.2935306482008],[-71.045130355452,42.29337234455],[-71.0450453414102,42.2932491301476],[-71.0448283905054,42.2930975714815],[-71.0445734701759,42.2929478760006],[-71.0442952656774,42.2929649499915],[-71.0440687408926,42.2928818151244],[-71.04381547592,42.2928370925546],[-71.0434504340163,42.2927080678461],[-71.043221200335,42.2925778520551],[-71.0430312495442,42.2924948605373],[-71.0427956346427,42.2923771795683],[-71.0426283443781,42.2922583159676],[-71.0423999148356,42.2920577747822],[-71.0422737757551,42.2919160584689],[-71.0421322486209,42.2917511559482],[-71.0421191754652,42.2913516819204],[-71.0420015559734,42.2911808655774],[-71.0418990627091,42.2910337690312],[-71.0418385283417,42.2906632643732],[-71.0419673844551,42.2904288368584],[-71.0420680838961,42.2903615689823],[-71.0422489106894,42.2901236125686],[-71.0422237666978,42.2898274705459],[-71.0422315952782,42.2895541751279],[-71.0422615004163,42.2892289599672],[-71.0424526875947,42.2891034924195],[-71.0426528409492,42.2890050711568],[-71.0427095346612,42.2889616966332],[-71.0425299855138,42.2889845243778],[-71.0422771255604,42.2890589337426],[-71.0420810995671,42.2892091110665],[-71.041999392037,42.2894147100722],[-71.0420080486406,42.2896994288266],[-71.0420391348065,42.2898943872843],[-71.0418718512636,42.2901538005206],[-71.0417011975971,42.2902036733551],[-71.041610286236,42.2904208603855],[-71.0416082956106,42.2906741047055],[-71.0415830782451,42.2908736440441],[-71.0415617660366,42.291104363445],[-71.0415770410222,42.2911851812989],[-71.0413476105945,42.2916553683382],[-71.0409750579937,42.2919678318723],[-71.0406683530133,42.2920147525798],[-71.0401217292059,42.2918678752573],[-71.0397527625609,42.2916611416095],[-71.0393853786705,42.2912371308074],[-71.0390490993132,42.2909462756231],[-71.0388089845011,42.2907280296033],[-71.0383614790667,42.2902794825196],[-71.0381284434825,42.2900543018151],[-71.038093398547,42.2899207109732],[-71.0381453144688,42.2897149949439],[-71.0382223286245,42.2895281002081],[-71.0382242386709,42.289266147165],[-71.0381505003157,42.289003898356],[-71.0380247714137,42.2889099243469],[-71.0377993311123,42.2886843806365],[-71.0376753510326,42.2884219293252],[-71.037702214201,42.288197392165],[-71.0377800240835,42.2878983119485],[-71.0378571190327,42.2876739684789],[-71.0380106721079,42.287412650371],[-71.0381892443795,42.2871514075609],[-71.0384431276936,42.2869840776607],[-71.0386294848076,42.2868882822833],[-71.0387214529294,42.2868728729619],[-71.0389736005796,42.2868926056356],[-71.0391499562389,42.2869120337178],[-71.0393517372028,42.2869501585702],[-71.0395278527353,42.2870258717937],[-71.0397037792338,42.2871013249093],[-71.0395535983581,42.2869509678647],[-71.0393525533005,42.2868379561908],[-71.0391014730351,42.2866684734416],[-71.0390718255533,42.2865355646934],[-71.0391036518201,42.2863690804368],[-71.0391050121135,42.2861821572361],[-71.0391564917481,42.2860138714046],[-71.0392589128626,42.2858455391588],[-71.0392854857799,42.2856584329118],[-71.0393624906051,42.2854716793298],[-71.0394388840624,42.2853410762273],[-71.0396166739695,42.2852106204204],[-71.0397944613225,42.285080415048],[-71.0399465419778,42.2849687015365],[-71.0400988453455,42.2848758428818],[-71.0403295745028,42.2847208518155],[-71.0405822002578,42.2845509798603],[-71.040652056914,42.284380752702],[-71.0407676770961,42.2842274482239],[-71.0408372222133,42.2840736836682],[-71.0409537517352,42.2837497423688],[-71.0410479619157,42.2833745146626],[-71.0412343797935,42.2828969517362],[-71.0413036744129,42.2827774175574],[-71.0414579687256,42.2819095297529],[-71.0472094799798,42.2820144652151],[-71.0999906881351,42.2821967429798],[-71.0999541688311,42.3030748995806],[-71.0998394413882,42.3030739568673],[-71.0995530759365,42.3372855476984],[-71.0991940782806,42.3372679917494],[-71.0985988026768,42.3369657234437],[-71.0983449926262,42.3368027653472],[-71.0980286741475,42.3367486499177],[-71.0977330926074,42.3367372447357],[-71.0973672576691,42.3368583222132],[-71.0971525147688,42.3371007317389],[-71.0970605420681,42.337319970412],[-71.0971387974358,42.3376116777535],[-71.0973508020221,42.337872497227],[-71.0976548223461,42.3380758063696],[-71.0977870378708,42.3381744747138],[-71.0978858978395,42.3383691175759],[-71.0978117584925,42.3385350666599],[-71.0976341999723,42.3386971688333],[-71.0973897948428,42.3388116428605],[-71.0972069024672,42.3388610787133],[-71.0969284002861,42.3389097111126],[-71.0967207618309,42.3388419998385],[-71.0965681995241,42.3386837387544],[-71.0964886337402,42.338527079195],[-71.0963662522886,42.3384144706114],[-71.0963461536461,42.3382471135296],[-71.0963538967626,42.3379638726541],[-71.0963097530715,42.3377922859425],[-71.096252263203,42.33760803293],[-71.0961297915767,42.3373386923693],[-71.0961717263584,42.337208475335],[-71.0964449765276,42.3370638185457],[-71.0967194636476,42.3369511151154],[-71.0970552735951,42.3368595023249],[-71.0972555215395,42.3367565075595],[-71.0974147625309,42.3366860623178],[-71.0976621105868,42.3361215786495],[-71.0966605740721,42.3358270371842],[-71.0967907816456,42.3354726042918],[-71.0963412415285,42.3352981324212],[-71.0962881094043,42.335306904799],[-71.0961887954794,42.3352961345351],[-71.0960462952372,42.3352430168025],[-71.0958018129188,42.3351313657118],[-71.095556364478,42.3350740828254],[-71.0953840544069,42.3351047576071],[-71.0952321424783,42.3350756829097],[-71.0951269314624,42.33510995314],[-71.0950238725878,42.3351053697422],[-71.0944874273573,42.3358677890742],[-71.0941594374873,42.3358327431278],[-71.093864488942,42.3357778809861],[-71.093579078707,42.3356989161304],[-71.0933840742644,42.3356708817311],[-71.0931391501471,42.3355863676938],[-71.0931647952069,42.3354659806398],[-71.0932882527586,42.3352972086537],[-71.093378075102,42.3350618525225],[-71.0934462657428,42.3348271552511],[-71.0935297771866,42.3345938408996],[-71.0935192640954,42.3344453793154],[-71.0933562382056,42.3342951832691],[-71.0931254831011,42.3341958768343],[-71.0928757409281,42.3341451250645],[-71.0925671935061,42.3340344519326],[-71.0923501378444,42.3339910271467],[-71.0921302132718,42.3339698470799],[-71.0919505254065,42.333943076357],[-71.0916765913462,42.3339148925583],[-71.0913964081816,42.3339317480927],[-71.0911488970613,42.3340695396557],[-71.0908651580448,42.3342494977117],[-71.0906453811676,42.3343847794332],[-71.090305409679,42.3344829859901],[-71.0901004231316,42.3344630587222],[-71.089864948595,42.3343974419784],[-71.0898533029277,42.3343034066373],[-71.0898695170316,42.3342069802326],[-71.0897250519138,42.334235740139],[-71.0895031146134,42.3341393494825],[-71.0892213507497,42.3340107698607],[-71.0888865679368,42.3339344248769],[-71.088626786477,42.3338917762588],[-71.0884182525756,42.333851324634],[-71.088137023912,42.3338089240506],[-71.0878787875205,42.3336415976904],[-71.0877356999199,42.3334589554239],[-71.0877282415947,42.3332880482882],[-71.0878545806141,42.3330969534643],[-71.0879927187723,42.3329567044218],[-71.0876852120471,42.3330619143149],[-71.0876016340979,42.3332090946596],[-71.0874314792566,42.3335849107216],[-71.0875313176702,42.3336390059998],[-71.0877032418257,42.3338352572291],[-71.0878411659026,42.3339651217876],[-71.0881528371155,42.3340531456519],[-71.0884256167255,42.3340924321229],[-71.0886352944207,42.3341216640577],[-71.0889129478274,42.3342135923069],[-71.0891215502678,42.3342975008821],[-71.0894049893246,42.3344579779191],[-71.0894980689895,42.3345838025247],[-71.0896910083793,42.3347367266442],[-71.0898745690966,42.3349134768694],[-71.0900770389833,42.3350421732808],[-71.0902110623588,42.3351354414272],[-71.0903572018169,42.3351389040001],[-71.0905111858909,42.3351294322645],[-71.0906695108328,42.3350862125667],[-71.090727813758,42.3350164784785],[-71.0908648685167,42.3350870249845],[-71.0914073718008,42.3346638722108],[-71.0913551469227,42.3345321186907],[-71.0912642047033,42.3343677847186],[-71.0914308257148,42.3342412802254],[-71.0916756708697,42.3341692834359],[-71.091870310841,42.3341971105365],[-71.0920868405953,42.3342680129365],[-71.0922819139187,42.3343825053646],[-71.0925589693577,42.3343881008197],[-71.0927981228421,42.3344040496862],[-71.0929274049006,42.3345308772281],[-71.0929553487922,42.3346852757201],[-71.0928659759599,42.3349206331357],[-71.0926968683623,42.3350853819177],[-71.0926343777386,42.3352320471704],[-71.0926558870735,42.3354585625151],[-71.0925177316371,42.3357124669619],[-71.0925630969785,42.3359864105531],[-71.0927596989806,42.3360463515395],[-71.0930389056408,42.3360566251207],[-71.0933021661322,42.3360768201432],[-71.0936044131514,42.336075808026],[-71.0939482293208,42.3360846530414],[-71.0940980275009,42.3361520398465],[-71.0942820728172,42.3361450677123],[-71.094632122969,42.3360389205217],[-71.0947761317512,42.335967372199],[-71.0949126857903,42.3357247500541],[-71.0951370619611,42.3354420716414],[-71.095310615584,42.3354002864927],[-71.0956316444971,42.3354209386051],[-71.0957652283993,42.3355844077597],[-71.0958463094065,42.3358433573676],[-71.0959814804121,42.3360389904383],[-71.0962049623368,42.3361942255025],[-71.0964315595259,42.3362567894243],[-71.0967238451691,42.3362635648551],[-71.0969110163024,42.3363476681649],[-71.0970199601023,42.3364207913818],[-71.096992087727,42.3365364913925],[-71.0969289734512,42.336596717939],[-71.0967587211865,42.3366592263111],[-71.0965027501301,42.3366806587126],[-71.0962251388801,42.3366316801351],[-71.095924405077,42.3365082068801],[-71.0957755891869,42.3365705217107],[-71.0958236513585,42.3367790196067],[-71.0955650156776,42.336908817052],[-71.0956429621896,42.3370767037357],[-71.0957839337653,42.3373679723843],[-71.0958003859097,42.3376985667916],[-71.0958729982062,42.3381110755219],[-71.0959723933843,42.3383920938275],[-71.0960556029277,42.3387259313015],[-71.0959989819533,42.3390548731564],[-71.0958146509642,42.339288695465],[-71.0955349904579,42.3393488951734],[-71.0952126988993,42.339268935593],[-71.0951527195852,42.3391501103616],[-71.0950365615625,42.3391495090559],[-71.0951249371355,42.3393091340181],[-71.0951239359016,42.3395202004615],[-71.0949132657814,42.3395881965209],[-71.094646607576,42.3396880781807],[-71.0944380467675,42.3397607441364],[-71.0942402707427,42.3398256337756],[-71.0937563069827,42.340038471303],[-71.0934555679675,42.3401419738116],[-71.0932484337435,42.3401604962263],[-71.092944178958,42.3402867166004],[-71.0925698167957,42.3404153620606],[-71.0923675047283,42.3403304125198],[-71.0924695239539,42.3401618831124],[-71.0925403087464,42.3400452749771],[-71.092377316867,42.3401222522276],[-71.0922502865841,42.3402702260227],[-71.0922797235104,42.340413330817],[-71.0923738874379,42.3404850019392],[-71.092553594005,42.3405117803195],[-71.0928753872607,42.3404350393272],[-71.0932153845894,42.3403371595781],[-71.093485096335,42.3402852875456],[-71.0934687861432,42.340381505049],[-71.0933047476384,42.3405127015487],[-71.0930053016455,42.3407614893571],[-71.0927014951593,42.3410013019945],[-71.0924165606554,42.3411650966074],[-71.0921881094966,42.3412744680915],[-71.0917888570851,42.3414744267959],[-71.0915218976338,42.3416870306639],[-71.0912362483584,42.3419204103651],[-71.090906014435,42.3421059110104],[-71.090603737539,42.3422028401762],[-71.0903476458759,42.3421155561702],[-71.0903687015705,42.3419535763689],[-71.0904649543453,42.3417564799675],[-71.0903328887603,42.3415813101742],[-71.0902534248891,42.3414246467198],[-71.0902197272527,42.3411312216386],[-71.0900792145019,42.3408830712384],[-71.0899619440127,42.3405529857746],[-71.0900286348615,42.340399642946],[-71.0899813229223,42.3401369906111],[-71.0900336912731,42.3398417411971],[-71.0901157892608,42.3396626544891],[-71.0901897679655,42.3394535196313],[-71.0902669187071,42.3392850372],[-71.0903474161028,42.3391006711976],[-71.0904900463062,42.3388540645689],[-71.0901422079026,42.3389474288521],[-71.0900877334959,42.3391245498611],[-71.0900020611141,42.3393964140719],[-71.0899385682937,42.3396404859763],[-71.0898377037714,42.3398680527174],[-71.0897893178916,42.3401135824248],[-71.0896917485363,42.3402914102348],[-71.0897533044163,42.3405826617781],[-71.0897485508372,42.3408432563957],[-71.0898596052276,42.3410616757793],[-71.0899311380405,42.3413016243617],[-71.0899411647326,42.3415205440621],[-71.0900741996589,42.3417110950512],[-71.0900775782618,42.3418886144256],[-71.0898762053695,42.3420461402257],[-71.0897111681139,42.3421610230969],[-71.0895061574837,42.3423684863574],[-71.0893805271637,42.3424639117613],[-71.0893292562593,42.342295915703],[-71.0892555175302,42.3421738374828],[-71.089061630868,42.3420385516599],[-71.0889303504473,42.3418713474908],[-71.0887975405174,42.3419205478904],[-71.0888459766534,42.3421084576784],[-71.0887876998839,42.3422959189687],[-71.0886313048881,42.3424430482787],[-71.0883948715594,42.3425724493568],[-71.0881324658781,42.3426489225803],[-71.0878498841811,42.3426975852763],[-71.087570560905,42.3428702048704],[-71.0876269955568,42.3430887730371],[-71.0877030432159,42.3429668298095],[-71.0878399013758,42.3428085333484],[-71.0879928819676,42.3427865505809],[-71.0882328402634,42.3427372000313],[-71.0884957719841,42.3426335758607],[-71.0887005988114,42.3425122265185],[-71.0888800691937,42.3423540728864],[-71.0890728747264,42.3422517427096],[-71.0891307747608,42.3423563814328],[-71.0891138254323,42.3425117567632],[-71.0890285890268,42.3426735152949],[-71.0890258429348,42.3429176699468],[-71.0891105033815,42.3430910087071],[-71.0891563836758,42.3432147842527],[-71.0890331527771,42.3433428444144],[-71.0891275334235,42.3434922828194],[-71.0892010059246,42.3433657830923],[-71.0892750088438,42.3432390929947],[-71.0893422313124,42.3431572819555],[-71.089217434948,42.3429452314258],[-71.0891992789629,42.3427173237399],[-71.089350151626,42.3426312067062],[-71.0895780728344,42.3426606356374],[-71.0897428718958,42.3427060936895],[-71.0900435688455,42.3427823143349],[-71.0902450152376,42.3428886007922],[-71.0903949653612,42.3429918285655],[-71.0905841320071,42.3431175262716],[-71.0907170241016,42.3432735021211],[-71.090717720077,42.343392319135],[-71.090513334966,42.3435134646863],[-71.0904589530947,42.3435487808046],[-71.0904821087962,42.3437429512489],[-71.0905803767117,42.3439886690354],[-71.0907106754536,42.344129600993],[-71.0906020150116,42.3444888334219],[-71.0906714301296,42.3445834920029],[-71.0907123619946,42.3447344603423],[-71.0906616008699,42.3449047751438],[-71.0907456925048,42.3450278168689],[-71.0909107316619,42.3450964653178],[-71.0909270968581,42.3451998939017],[-71.0911141923778,42.3452410751514],[-71.0912005423319,42.3452554139481],[-71.0912520690265,42.3453710018715],[-71.091432869623,42.3454136227326],[-71.0916169182911,42.345520321227],[-71.0917141721079,42.3455210008931],[-71.0917476168861,42.3456193335924],[-71.0917871440959,42.3457091300898],[-71.0918084046809,42.3459184032665],[-71.0916824084575,42.3459617393323],[-71.0914294081563,42.346003771608],[-71.0913186357812,42.3460464927934],[-71.0908738174225,42.3462736979155],[-71.0907577254649,42.3463862742678],[-71.0906236721576,42.3465201893698],[-71.0904921575711,42.3466586429629],[-71.0905044311493,42.3468389349708],[-71.0904655986566,42.3469900955868],[-71.0903772789517,42.3471004304376],[-71.0902587615433,42.3471278878177],[-71.0899439392286,42.3472132208631],[-71.0898515171154,42.3472871032483],[-71.0898205400667,42.3473819222851],[-71.0898079601817,42.3474716004015],[-71.0897228960381,42.3474983157724],[-71.0896785936755,42.34757183484],[-71.0897270310347,42.3476668034915],[-71.0897228171702,42.3477867311081],[-71.0897202141396,42.3479657666426],[-71.0896993468273,42.3482093214985],[-71.089800814791,42.3484086602599],[-71.0899166018766,42.3485229986974],[-71.0898234940757,42.3485806990483],[-71.0895915860312,42.348579002415],[-71.0893672384298,42.3486778862243],[-71.0891524751846,42.3487303377728],[-71.0887625347216,42.3488461369739],[-71.0884880857648,42.3488874091555],[-71.0883871518514,42.3488870478947],[-71.0882574914122,42.3488654566677],[-71.0881024865466,42.3489157802047],[-71.0878319063155,42.3486968546812],[-71.087697421231,42.3484492666321],[-71.0877001167092,42.3483675762328],[-71.0874894893567,42.3482418136891],[-71.0873051292666,42.3482880695237],[-71.0871115459915,42.3480660756942],[-71.0870906606712,42.3480225432121],[-71.0868566262564,42.3479051111448],[-71.0867028205875,42.3477030493852],[-71.086522390215,42.3476601466634],[-71.0862938083926,42.3476792397081],[-71.0860250475645,42.3476334192742],[-71.0858520268481,42.3474913253723],[-71.0857233371306,42.3473805466122],[-71.0855876106868,42.3472553679402],[-71.0852899110176,42.3469961570814],[-71.0850943619512,42.3468385282678],[-71.0848365861012,42.3467572432314],[-71.0845096684052,42.3465545449223],[-71.0844780147068,42.3464064159393],[-71.0842072396572,42.3463286761001],[-71.0840558814659,42.346116064375],[-71.084019950674,42.3459315408215],[-71.0839752980441,42.3457867660328],[-71.0838484161375,42.3455511682885],[-71.0838490844111,42.3452971113652],[-71.0838590121804,42.3451322761474],[-71.0837706574456,42.3449725591593],[-71.0835308234229,42.3447838288446],[-71.0832496396028,42.3446712829692],[-71.0830302573158,42.344509627884],[-71.083104999418,42.3442728297219],[-71.0832820535755,42.3442518096452],[-71.0834614064998,42.3442786009082],[-71.0836337352958,42.3442480610153],[-71.0834113990799,42.3441518580305],[-71.0833935326714,42.3440593290381],[-71.0835980105386,42.3440360009595],[-71.0837588535212,42.3440679396292],[-71.0837414338573,42.3439485271381],[-71.0837340864717,42.3437776204995],[-71.0838550035658,42.343604027487],[-71.08403164391,42.3434262818421],[-71.0843259629529,42.3432381471812],[-71.0844636261339,42.3430547107535],[-71.0846627708713,42.3428925063162],[-71.0849341285451,42.342645703035],[-71.084912543955,42.342489453744],[-71.08505132477,42.3423652733213],[-71.0852230548099,42.3422481480923],[-71.085241958707,42.342086478999],[-71.08538548633,42.3418582762483],[-71.0854963828029,42.3415364300092],[-71.085367967101,42.3414253173602],[-71.0851550570372,42.3413048739248],[-71.0849547075661,42.3412515337846],[-71.0846193426054,42.3412021766983],[-71.0845089211974,42.341070209954],[-71.0846997863497,42.3408778226234],[-71.0848895304356,42.340626044495],[-71.0847759238737,42.3403598076875],[-71.0848268401394,42.3402758761013],[-71.0851188333215,42.3402199673028],[-71.0853296329174,42.3402596473813],[-71.0855181733904,42.3402442730105],[-71.0856973600115,42.340184755197],[-71.0859696365492,42.3401807801936],[-71.0862078425674,42.3401104425731],[-71.0864058961173,42.3400027787352],[-71.0865657055877,42.3397915396751],[-71.0863576147613,42.3397942678005],[-71.0862565894541,42.339751524803],[-71.0862780841269,42.3395238844978],[-71.0861087433919,42.3393322539071],[-71.085978879257,42.3392760352744],[-71.085763786359,42.3391509718389],[-71.0856071444032,42.3391122984019],[-71.0853711829313,42.3391173395134],[-71.0852007902504,42.3392500309913],[-71.0848660283855,42.3394005230837],[-71.0846730611774,42.3392909147897],[-71.084622124721,42.3390347907181],[-71.0846730123871,42.3387937515701],[-71.0846524842315,42.3386536186426],[-71.0845803587203,42.3383272841081],[-71.0844598990423,42.3380899715117],[-71.0843658365536,42.3379481603308],[-71.0842612028385,42.3378414864167],[-71.0840960997276,42.3378430955701],[-71.0840682883145,42.3376887539377],[-71.0842017427592,42.3374686726797],[-71.0842407691914,42.3372910973307],[-71.0842527354596,42.337209983545],[-71.0843703408997,42.3370994247615],[-71.0845147343358,42.3369714375593],[-71.0845269126982,42.3368064847712],[-71.0843864198157,42.3365172847758],[-71.0842607534979,42.336332436454],[-71.08416234008,42.3361298271599],[-71.0840470789999,42.3359370601352],[-71.0839326406901,42.335965336406],[-71.0840352526853,42.3361613923146],[-71.0841407013255,42.3363784099614],[-71.0842651388897,42.336736541154],[-71.0842405767352,42.3369209047681],[-71.0839500898604,42.3369829091961],[-71.0836571123042,42.337039881176],[-71.0834845877007,42.3372126855051],[-71.0834188596389,42.3371631146269],[-71.0832457970325,42.3369077506522],[-71.0830571936808,42.3366075436334],[-71.0828894132366,42.3362912238712],[-71.0827889002731,42.3359942776797],[-71.0827778935116,42.3358732250017],[-71.0826552379618,42.3355606872749],[-71.0825076363946,42.3353416598255],[-71.0823277983598,42.3352284262917],[-71.0821048191576,42.3350027060649],[-71.0819744227651,42.3347032435414],[-71.0817795170843,42.3346751229239],[-71.0816937794546,42.3347904751273],[-71.0818529991061,42.3351036066009],[-71.0820297111708,42.3353096366095],[-71.0823130442145,42.3355404735978],[-71.0824241283281,42.335802015616],[-71.0824267297615,42.3360769446059],[-71.0826265403748,42.3364277964388],[-71.0828383784321,42.3367589099662],[-71.0829592916241,42.3369261004808],[-71.0831544069997,42.3372672398921],[-71.0832985211312,42.337466071045],[-71.0835794528724,42.3377353225897],[-71.0836707526919,42.3378293127162],[-71.0838427538448,42.3380257620382],[-71.0839380205854,42.3383132027086],[-71.0841382988447,42.3385935267383],[-71.0842273159284,42.3388826744655],[-71.0841379280428,42.3390476236882],[-71.0842330081663,42.339362190921],[-71.084229567724,42.3395017775813],[-71.0844469485971,42.3396109399966],[-71.0848747915245,42.3396427721909],[-71.0850656619807,42.3396153892893],[-71.0852793880132,42.3395537152507],[-71.0854413182871,42.3394576228681],[-71.085692347112,42.3394225582525],[-71.0858452805725,42.3394651628192],[-71.0859658540505,42.3395743663769],[-71.0860013405941,42.3397031369262],[-71.0858916977927,42.3397912617839],[-71.0857026634704,42.3398289487736],[-71.0853743427886,42.3398316596712],[-71.0850108636946,42.3398241806336],[-71.0848454454892,42.3398163711512],[-71.0845730042795,42.3399005638949],[-71.0844465111822,42.339948578671],[-71.0844069175833,42.3401746154863],[-71.0844331797672,42.3404553710758],[-71.0842937688925,42.3405112950677],[-71.0841101081967,42.3404542028811],[-71.083956915574,42.3403994269635],[-71.083716306097,42.3401513242555],[-71.0835472835041,42.3400783051454],[-71.0834829838613,42.3399875383991],[-71.0832494670817,42.339908209476],[-71.0828777465161,42.3399068614537],[-71.0826803576035,42.3399077497336],[-71.0823999592205,42.3398589282764],[-71.0821529956007,42.3397315945099],[-71.081944166893,42.339610700227],[-71.0815672368037,42.3393480486693],[-71.0812674862978,42.3393472832721],[-71.0811006953488,42.3394432935899],[-71.081043913042,42.3396197166859],[-71.08099407682,42.3398103556342],[-71.0808239453544,42.3399444539688],[-71.0807134249573,42.3401128669435],[-71.0806113677105,42.3402841103504],[-71.0805023533915,42.3404409705644],[-71.0801888323901,42.3406167235975],[-71.0798063500438,42.3407391470215],[-71.0793465057174,42.3407892217982],[-71.0789360573931,42.3408105847207],[-71.0785120807447,42.3408030056543],[-71.0781120628272,42.3407568774842],[-71.0777866564646,42.3406596834953],[-71.0777247242527,42.3406643283086],[-71.0776128414679,42.3406978894546],[-71.0773745634513,42.3407789146442],[-71.0771103697287,42.3409096447357],[-71.0768424293577,42.3408575878821],[-71.0766179680422,42.3408651187612],[-71.0763555934926,42.3408820033185],[-71.0760771188712,42.3409244344594],[-71.0758355641775,42.3409846516032],[-71.0756828127246,42.3410228654984],[-71.0754916357448,42.3410543852553],[-71.0750711165632,42.3410836532862],[-71.074664923254,42.3411418469995],[-71.0744057014043,42.3412391018748],[-71.0743045765653,42.3412806557098],[-71.0742672767832,42.3413059152136],[-71.0741955575666,42.3414373010256],[-71.0741263291031,42.3415734930644],[-71.0740043468117,42.3416743391151],[-71.0736753921584,42.3418916780185],[-71.0733706496109,42.3419244361895],[-71.0731419970461,42.3419381040203],[-71.0727093834951,42.3418355417752],[-71.0725679795453,42.3417292387505],[-71.0724500460181,42.3416839470178],[-71.0723523588152,42.3416432684456],[-71.0722642514027,42.3415602960705],[-71.0721579802899,42.3415346367637],[-71.0719694282605,42.3414956922936],[-71.0718322797104,42.3414816679914],[-71.0716309320586,42.34145751775],[-71.0714121295519,42.3414025474892],[-71.0712419978338,42.3413850733484],[-71.0711060672775,42.3414041473461],[-71.0709590134945,42.3414271995031],[-71.0707701681429,42.3414316510564],[-71.0705363039997,42.3414067005623],[-71.0702682472612,42.3414386013852],[-71.0700306964021,42.3414638546727],[-71.0699021028964,42.3415038895458],[-71.0698365751993,42.3414257466659],[-71.069603884516,42.3414916668193],[-71.0696460854007,42.3415659701246],[-71.069479104833,42.3416184969651],[-71.0694372510926,42.3415577670391],[-71.0688957230048,42.3418173608787],[-71.0689356008161,42.3419051610133],[-71.0688680173143,42.3419188808957],[-71.0688113204194,42.3418393748916],[-71.0684823448425,42.3419496511754],[-71.0684841311217,42.3420048824486],[-71.0683308612632,42.3420817368315],[-71.0683654788727,42.3421164991527],[-71.068131959441,42.3422520790797],[-71.0681521367657,42.3422799677243],[-71.06792339736,42.3425303600691],[-71.0678970335506,42.3425406824553],[-71.0679154623238,42.3425606753448],[-71.0677366869518,42.3426604238151],[-71.0676054294933,42.3425473500444],[-71.0675477460441,42.3425760825368],[-71.0675755272504,42.3426369524319],[-71.0675094371972,42.3426940762204],[-71.0674631618376,42.3426211524717],[-71.0672271216964,42.3427953063999],[-71.0670577178675,42.3429460263944],[-71.0671056555147,42.3429900071236],[-71.0670243504262,42.3430562245099],[-71.0669715477275,42.3430153008845],[-71.0667803762907,42.3433077522781],[-71.0668495216372,42.3433969420431],[-71.0668418634649,42.3434360918735],[-71.0666994610143,42.3435834447994],[-71.0665938587533,42.3436704884483],[-71.0664447506964,42.3438361431766],[-71.0663713260825,42.3439489228476],[-71.0663432185457,42.3440771169783],[-71.0665460812154,42.3441458094537],[-71.0663737608669,42.3444468137671],[-71.0662226588058,42.3444165589462],[-71.065923340773,42.3448402521738],[-71.0658431313764,42.344956415624],[-71.0657912975198,42.3450483499381],[-71.0657417699476,42.3451358051082],[-71.0657097543208,42.3452586440312],[-71.0656812272358,42.3454082893802],[-71.0656319684374,42.3456780750647],[-71.0656221696224,42.3458073493666],[-71.0655928545926,42.345915807305],[-71.0655747385306,42.3460586223037],[-71.0655534063809,42.3461972716041],[-71.0655584610115,42.3462765840307],[-71.0655712955255,42.346400921135],[-71.0654971967434,42.346652226967],[-71.0654751140851,42.3469033866742],[-71.0654618171061,42.3471055895364],[-71.0655201959732,42.3472552372516],[-71.0656493296082,42.3474668619414],[-71.0657079793586,42.3475640272276],[-71.0657305065618,42.3477486397257],[-71.0657290051545,42.347901729962],[-71.0658085151164,42.3480062698195],[-71.0659508060603,42.3481380487953],[-71.0660621866996,42.3482347443405],[-71.0661750242023,42.3482767556327],[-71.0663028654816,42.3483636097378],[-71.0663780739933,42.3484746098052],[-71.0664678854609,42.3484686638259],[-71.0665176023,42.3485264826366],[-71.0664445296172,42.3485230063268],[-71.0664872799614,42.3486257857863],[-71.0665948718619,42.348890956375],[-71.0667979074121,42.3489860577318],[-71.0669832143414,42.3491183985807],[-71.0671463827974,42.3492343425037],[-71.0672804934848,42.3491578271558],[-71.0675022145158,42.349394134235],[-71.0676939550875,42.3496273864196],[-71.0678852801004,42.3498012670511],[-71.067788611216,42.3498360625452],[-71.0680159625923,42.3500552825272],[-71.068181992793,42.3500298901268],[-71.0682107820932,42.3501037506509],[-71.068069726687,42.3501659334347],[-71.0681842624223,42.3503428011023],[-71.0682713648676,42.3506830327439],[-71.0682553868489,42.351016793263],[-71.0683228947917,42.3513458528625],[-71.0685162166475,42.3517731304926],[-71.0686731729242,42.3519935473964],[-71.0688342075428,42.3522075610256],[-71.068986399804,42.3525206243485],[-71.0690791838987,42.3527407332486],[-71.0692149735468,42.3529611368877],[-71.06931488624,42.3531521891911],[-71.0695149578448,42.3534751922581],[-71.0696912117598,42.3537502357449],[-71.0698581811868,42.3539028947114],[-71.0702170811804,42.3540404924907],[-71.0704544238203,42.3541325062455],[-71.0704649026173,42.3543299760082],[-71.0703919607301,42.3545318810424],[-71.0702806994113,42.3547865940879],[-71.0702448148353,42.3549471188887],[-71.070122801536,42.3550478184558],[-71.0699019729853,42.3551515497475],[-71.0696630181812,42.3552165857902],[-71.069497915836,42.3553173156589],[-71.0687587742743,42.3554854427679],[-71.0688113438313,42.3560532611456],[-71.0688255746762,42.3561491966903],[-71.068825816219,42.3562179105162],[-71.0688353390231,42.3562358724192],[-71.0688393309017,42.3563511499218],[-71.0688728906016,42.3565472939144],[-71.0689188470246,42.3567183626092],[-71.0690411325662,42.3569125742835],[-71.0691382292927,42.3570943896492],[-71.0692522179836,42.3571933564078],[-71.0694035720109,42.3572988896468],[-71.0696290759153,42.3574747669573],[-71.0697754858508,42.3576066230863],[-71.0698942639249,42.3577190621977],[-71.0700996743748,42.3579454662475],[-71.0701901400057,42.3580723741559],[-71.0703021454174,42.3582398698097],[-71.0703438397409,42.358390522007],[-71.0703976830929,42.3585458995972],[-71.0704700944575,42.3587016139364],[-71.0705424495016,42.3588656768526],[-71.0706168430934,42.3590465452918],[-71.0706792631885,42.3593214208613],[-71.0706989946861,42.3595886573476],[-71.0706603178089,42.3597635460651],[-71.0706158106507,42.3600237315971],[-71.0705615666364,42.3602059749767],[-71.0704422263802,42.3604559108385],[-71.0702741999293,42.3605622635777],[-71.0700064849919,42.3606877490923],[-71.0697429067629,42.3607135063533],[-71.0694474954075,42.3607656277915],[-71.0692623069937,42.3608335302143],[-71.0690269275344,42.3608336512873],[-71.0688951761951,42.3607888309465],[-71.0687439157597,42.3608254951588],[-71.068572968539,42.3609233435569],[-71.0685000864031,42.3610467566066],[-71.0683428069482,42.3612040755863],[-71.0681863179729,42.3612933530475],[-71.0679815045814,42.3612396327034],[-71.0678256408395,42.3612521512004],[-71.0677616522707,42.3613798677248],[-71.067807522986,42.3615173738672],[-71.067829157291,42.3617155457097],[-71.067845330931,42.3618932553277],[-71.0678721718612,42.3620419136301],[-71.0679045253666,42.3621869823246],[-71.0679985776501,42.362435778229],[-71.0680087107067,42.3625360942281],[-71.0680075478584,42.3627575219934],[-71.0680893106336,42.3629562622],[-71.0682816361616,42.3633099334825],[-71.0684419433501,42.3633207643006],[-71.0684790486925,42.3633658986298],[-71.0685428504507,42.363437474957],[-71.0686796209962,42.3635683517389],[-71.0687871986965,42.36378778032],[-71.0687928144985,42.3638913720101],[-71.0688179226808,42.3640152862408],[-71.0688007399291,42.3641421758649],[-71.0688441869777,42.3643548202359],[-71.0688959307491,42.3645539068912],[-71.0689124119779,42.3647432505887],[-71.0689366841327,42.3649353562745],[-71.0691775934796,42.3650934993593],[-71.0690759461569,42.3652056397226],[-71.0688009093155,42.3650430812546],[-71.0686975994088,42.3650551962514],[-71.0685372154168,42.3651210594199],[-71.0684046586947,42.3651913641676],[-71.0682347498418,42.3653449583395],[-71.0680710629247,42.365471849344],[-71.0679006723914,42.3655752980967],[-71.0677223509538,42.3656535198758],[-71.0675836011742,42.3657738766556],[-71.0674294980875,42.3659508038128],[-71.0672957180093,42.3661319607376],[-71.0672137788897,42.3662749948852],[-71.0671459956035,42.3663272229354],[-71.0669988304654,42.3664088953537],[-71.0668210461188,42.3664608427679],[-71.0666690988509,42.3664919692175],[-71.0664704937772,42.366490418525],[-71.0662774308989,42.3664580002339],[-71.0661064893949,42.366376449607],[-71.0660484495216,42.3662978151794],[-71.0649358019085,42.3657098792109],[-71.0647178354487,42.3658364849192],[-71.0645878424571,42.3657561650471],[-71.0650561673174,42.3654334691885],[-71.0648154333198,42.3652003624961],[-71.0650856159516,42.3650841247475],[-71.0646864202554,42.3647927872894],[-71.0643443404817,42.3649040132747],[-71.0643180284081,42.3647319560922],[-71.0642630705328,42.3645303730699],[-71.0642459633701,42.364422467086],[-71.0642090678261,42.3643341422314],[-71.0640587595694,42.3641803268301],[-71.0639679106581,42.3642174310214],[-71.0640662341112,42.3643270489157],[-71.0638702175658,42.3644985976319],[-71.0638909172997,42.3645168530084],[-71.0637865366217,42.364579637533],[-71.0636470726754,42.3645266922227],[-71.0636790020502,42.3644722659757],[-71.0637766214732,42.3640809765466],[-71.0638406223714,42.3640053359773],[-71.0639302192629,42.3639291322012],[-71.0636951995631,42.3635094453442],[-71.063446787519,42.3633733836552],[-71.0633906892464,42.3633882053011],[-71.0629448150397,42.3632548108494],[-71.0630085708367,42.3631608424739],[-71.0624412419153,42.3628873191135],[-71.0623989364437,42.3629315515692],[-71.0623163502552,42.362904887087],[-71.0621247139105,42.3630980445402],[-71.0617247363619,42.3629867493346],[-71.061669878773,42.3630192921206],[-71.0615433836542,42.3630226292017],[-71.0614146260723,42.3629752042792],[-71.0612842184096,42.3629398741339],[-71.0612138139146,42.3629815168836],[-71.0605398360877,42.3627741589416],[-71.0605091053729,42.3628228558899],[-71.0602919256171,42.3626824272145],[-71.0600891786532,42.3625765518272],[-71.0601356469742,42.362518889406],[-71.0597986990816,42.3623062050001],[-71.0598158060199,42.3622963755545],[-71.0597143679186,42.3622229036003],[-71.059759270192,42.3622073054559],[-71.0596518848353,42.3621334763914],[-71.0594507803296,42.3622856763625],[-71.059352719136,42.3623567797993],[-71.0593837928464,42.3623754183937],[-71.0593028143479,42.3624320707812],[-71.0592599848063,42.3624073030776],[-71.0591528248265,42.3625049055722],[-71.0592015716085,42.3625343760232],[-71.0590467854956,42.3626518531451],[-71.0589318875008,42.362684164425],[-71.0585401080412,42.36266689128],[-71.0582446684433,42.3623589475162],[-71.058028572733,42.3624368755239],[-71.0578750259049,42.3624783387833],[-71.0578073191986,42.3624417079703],[-71.0577078603335,42.3624432560473],[-71.0575839096358,42.3624953962261],[-71.0574794440272,42.3625296265565],[-71.0573393187788,42.3625081609085],[-71.0572482982449,42.3625180397618],[-71.0571936857691,42.362578076544],[-71.0571024528336,42.3626295398745],[-71.0569066826043,42.362765576419],[-71.0567810480974,42.3628632392521],[-71.0567193039819,42.3629390183535],[-71.0567329909599,42.3629799127218],[-71.0566207630488,42.3631069190181],[-71.0565279028926,42.3632343926712],[-71.0564735925863,42.3634215097862],[-71.0563881674089,42.3635701389807],[-71.0563500848969,42.3637169533643],[-71.0564016956861,42.3638136278882],[-71.056370337755,42.3639544426693],[-71.0563082594398,42.3639459045144],[-71.0562728383273,42.3640361676376],[-71.0562528032594,42.364103415898],[-71.0561700082883,42.3642255042556],[-71.0561583384521,42.3643821733221],[-71.0561228020076,42.3644904122703],[-71.0560540052131,42.3646458663307],[-71.0561611584574,42.3646756971949],[-71.0560721331376,42.3649018001216],[-71.0559528231521,42.3648923806525],[-71.0559149073648,42.3650023486367],[-71.0560891100575,42.3651017696922],[-71.0561022967794,42.3652781907703],[-71.0562620094332,42.3652601454413],[-71.0571993414975,42.36591702274],[-71.0577141949971,42.3657276658014],[-71.0577933412509,42.3658726497952],[-71.0577411827627,42.3659037302152],[-71.0572763448304,42.3659912719377],[-71.0574587150165,42.3661755645058],[-71.0573809299067,42.3662129728388],[-71.0574384715632,42.3662597939455],[-71.0576252814445,42.3661816875709],[-71.0581563745093,42.3667006712437],[-71.0583029685339,42.3672447774151],[-71.0581954676536,42.3673268750575],[-71.0579938551668,42.3672892536377],[-71.0578970411957,42.3673901790261],[-71.0576915575156,42.367548367807],[-71.0574719874139,42.367680511174],[-71.0573974453075,42.3676133585097],[-71.056459360123,42.3681785685288],[-71.0560895330238,42.3685357069222],[-71.0560688274111,42.3686340328747],[-71.0558531476123,42.3687391693799],[-71.0557668915131,42.3685940898255],[-71.0555791431805,42.368560612759],[-71.0554711306788,42.36838114266],[-71.0553746634712,42.36835657575],[-71.0552621177651,42.3687193690378],[-71.055181700554,42.3686929251581],[-71.0552436987898,42.3685420001152],[-71.0550329741649,42.3684953125289],[-71.0550951469442,42.3682827456237],[-71.0548261327579,42.3682139864888],[-71.0545873039112,42.3681494720648],[-71.054363184713,42.3681470662508],[-71.054162007601,42.3684985003093],[-71.0540202031631,42.3684321544469],[-71.0542190239433,42.3681209095696],[-71.054050341685,42.3680929109866],[-71.0540720132236,42.3680386314991],[-71.0531636131667,42.3677516303341],[-71.052912623789,42.3677259177433],[-71.0527998899897,42.3678839401568],[-71.0527143776923,42.3678499783311],[-71.0528141273808,42.3676794031655],[-71.052779710862,42.3676249894107],[-71.0527327558527,42.3675985903313],[-71.0523073437102,42.3674630949225],[-71.0520469567425,42.3678606772999],[-71.0518961582938,42.3677901653162],[-71.0520630479906,42.3675586192065],[-71.0518765835648,42.3674846086975],[-71.0517985928266,42.3676155461321],[-71.0517634100097,42.3676057815488],[-71.0517019616751,42.3676764862555],[-71.0516240757755,42.3676605965108],[-71.0516540169411,42.3675958029284],[-71.0516006274299,42.367570982884],[-71.0514051161454,42.3677191122386],[-71.0512946906332,42.3676528937193],[-71.0515121325437,42.3675159567686],[-71.0516983911794,42.3672882223562],[-71.0515957545628,42.3672170870181],[-71.0512673901193,42.3674216691187],[-71.0511432762527,42.367302512741],[-71.0513948048052,42.3671009157169],[-71.0512981309099,42.3670027177066],[-71.0511765552163,42.36708502135],[-71.051064907377,42.3669879681467],[-71.0511980222651,42.366893090286],[-71.0511680827357,42.366868695819],[-71.0511047127144,42.3669179983092],[-71.0510765876994,42.3668666004567],[-71.0511347285954,42.3668299972209],[-71.0510711280503,42.3667720509519],[-71.0509357256503,42.3668716666221],[-71.0508218317385,42.3667609153257],[-71.0505859312038,42.3668058497585],[-71.0502617499731,42.3668530543605],[-71.0499180374796,42.3671743058774],[-71.0497750918702,42.3670935758972],[-71.050184577263,42.3667402397056],[-71.0507144724571,42.3665933521727],[-71.0507104355219,42.3665667187461],[-71.050748343612,42.3665607911367],[-71.0507341618526,42.3665106594469],[-71.0507967862479,42.366477466912],[-71.0507896599916,42.3664684885275],[-71.0506304092719,42.3664954117712],[-71.0505875223093,42.3664169540281],[-71.050722249278,42.3663869849658],[-71.0506939731415,42.3663172758115],[-71.0505225949297,42.3663174837282],[-71.0505216536227,42.3662596399168],[-71.0504488573803,42.3662541405294],[-71.0504639103223,42.366164209106],[-71.0500783267477,42.3661873134004],[-71.0500749611833,42.3660283129844],[-71.050275169268,42.3660197359145],[-71.0502815064741,42.3660398179575],[-71.0505074861014,42.3660457824759],[-71.0505162420339,42.3658682346857],[-71.0500977429442,42.3657755468378],[-71.050114209925,42.3656294606336],[-71.0501594050766,42.3656494188811],[-71.0501607369791,42.3656776463356],[-71.0505002472174,42.3657212276369],[-71.050498027987,42.3655371517602],[-71.0506894416317,42.365546398929],[-71.0506939913198,42.3654913177194],[-71.0500648709424,42.3652398975717],[-71.0500393540944,42.3652910022851],[-71.0497873372395,42.3651942760657],[-71.0498474189063,42.3648975215633],[-71.0503750735176,42.3650019527689],[-71.0503738243177,42.3650762266387],[-71.0506830021648,42.3651726400273],[-71.0507100831361,42.3650789446581],[-71.0505586943433,42.3650181145284],[-71.0506160300613,42.3649407837852],[-71.0507910845092,42.3649857273139],[-71.0509661857414,42.3649431542089],[-71.0509988969961,42.3647801494555],[-71.0505127646988,42.3646813072008],[-71.0501961434693,42.3646557917496],[-71.0502443375851,42.364445654653],[-71.0505317050088,42.3644771982],[-71.0505271902013,42.3645305328983],[-71.0509413520226,42.3645679779544],[-71.0509509281712,42.3645016926339],[-71.0504367465601,42.3643667126542],[-71.0504842066846,42.3642597171031],[-71.0508210270013,42.3643462095488],[-71.0508429161663,42.3642884715887],[-71.0507403234849,42.3642341836968],[-71.0507545468806,42.3641736579336],[-71.0508582828065,42.3641907189668],[-71.0508684427577,42.36414696693],[-71.0510866352223,42.3641948781295],[-71.0511016013113,42.3641296919072],[-71.0502485414406,42.3639431695444],[-71.0502726957839,42.363829998894],[-71.0508069590352,42.3638913225206],[-71.0508966873335,42.3636575460305],[-71.0506065424535,42.3635511036719],[-71.0505512723847,42.3636408195119],[-71.0496470382619,42.3634857079302],[-71.0495824696434,42.3636814898935],[-71.0489406609496,42.3634663006749],[-71.0488949858142,42.3635265608029],[-71.0486501350806,42.3634233080811],[-71.0488133133173,42.3630564989703],[-71.0490947123238,42.3630769912277],[-71.0490912312076,42.3631479887062],[-71.0496004650586,42.3632417042773],[-71.0496083520058,42.3632102452359],[-71.0497995710641,42.3632458266911],[-71.0498131888974,42.3632704835887],[-71.0505299881411,42.3633485686851],[-71.0505993247847,42.3633091847211],[-71.0508589081395,42.3634455936805],[-71.0508883033411,42.3634194334363],[-71.0509585412587,42.3634546741989],[-71.0510180703942,42.3633236651573],[-71.0504638389707,42.363053593541],[-71.0505710114584,42.3629546703528],[-71.0515771821976,42.3633526562976],[-71.0517122463475,42.3632995630299],[-71.0515702319396,42.3630724959137],[-71.0517692242125,42.3629908278335],[-71.0518689599706,42.3631300880456],[-71.0519882328987,42.3631044113932],[-71.0519025538042,42.3629311170376],[-71.0522513996479,42.3628335848958],[-71.0521428961808,42.3624842410236],[-71.0523189789833,42.3624579077262],[-71.0524437613099,42.3628622132155],[-71.052573392286,42.3628632524412],[-71.0525753496364,42.3626120175932],[-71.0526326121921,42.3626112959788],[-71.0526361215702,42.3624465056651],[-71.0528705901613,42.362434246491],[-71.0529207927191,42.3628934942118],[-71.0531743521611,42.362822265017],[-71.0530615601655,42.3626708706919],[-71.0531507650437,42.3626022871321],[-71.0529892531956,42.3624547650282],[-71.0530716300354,42.3623955902668],[-71.05323079764,42.3625431616511],[-71.0532811858636,42.362515344044],[-71.0531903802757,42.3624436459059],[-71.0531955480618,42.3624155857937],[-71.0530939933191,42.3623437288169],[-71.0531600884696,42.3623034030662],[-71.053222605266,42.3623357292233],[-71.0533035658937,42.3622823654048],[-71.0536561306198,42.3625561036522],[-71.0537143392753,42.3625059272708],[-71.0535412838368,42.3623492768743],[-71.0536771398741,42.3622600729195],[-71.05404672428,42.3625207217809],[-71.0541305123959,42.3624514478848],[-71.0538200030913,42.3621998620397],[-71.0538892771585,42.3620666161489],[-71.05394769143,42.3620303384663],[-71.0537019562468,42.3618492624436],[-71.0539000398425,42.3616398389964],[-71.0541229232308,42.3617503497512],[-71.0541474005971,42.3617197486481],[-71.0542013188685,42.3617553253239],[-71.0542287491614,42.36171345343],[-71.054268224287,42.361738953811],[-71.0542887925497,42.3617001809012],[-71.0540249325782,42.3615469817894],[-71.0540989237021,42.3614845562491],[-71.0543366237135,42.3616032890221],[-71.054382832099,42.361570373557],[-71.0540962763023,42.3613869338856],[-71.0541309446282,42.3613429506307],[-71.0542996873874,42.3614093925634],[-71.0543247764496,42.3613911039476],[-71.0544414999797,42.3614723870404],[-71.0544881585129,42.3614379355516],[-71.0546354698922,42.3614770077105],[-71.0546549438018,42.3614623828043],[-71.0539892342636,42.3611376831772],[-71.0540272356879,42.3610780514824],[-71.0545200260883,42.3613163781564],[-71.0545288082757,42.3612982269049],[-71.0541996338863,42.3611005822961],[-71.0542557628424,42.3610270559076],[-71.0545834767539,42.3612288398751],[-71.0546479023794,42.3610668176039],[-71.0544766926592,42.360941130778],[-71.0541953095362,42.3608171644864],[-71.0541783668497,42.3607380647569],[-71.0537003970543,42.3605720838777],[-71.05378585058,42.3604453191223],[-71.055456143355,42.3610079758631],[-71.0554832664071,42.3609711753005],[-71.0544804442716,42.3604852516147],[-71.05572263764,42.3603402206237],[-71.0557016741177,42.3601915903806],[-71.0556267049798,42.3602011873068],[-71.0541362242572,42.3602837376026],[-71.0540368606271,42.3601092049598],[-71.0541892652067,42.3600886604659],[-71.0541923703697,42.3600190068598],[-71.053992710296,42.3600149650754],[-71.0539914032303,42.3599334438477],[-71.0542607553589,42.3598835509445],[-71.0548632099179,42.3598709750651],[-71.0548546877706,42.3598153833952],[-71.0546205190622,42.359821697415],[-71.0546068996269,42.3597971079233],[-71.0538680271571,42.3598132901695],[-71.053811293443,42.3596770900175],[-71.0541727021353,42.3596647272733],[-71.0547596983439,42.3595795431358],[-71.0547490573562,42.3595304284409],[-71.0545835114003,42.3595339325834],[-71.0545627769939,42.3594700032423],[-71.0544150251417,42.3594829361274],[-71.0543914008905,42.359408565767],[-71.0541473660652,42.3594351653107],[-71.0541490275847,42.3595319732449],[-71.0535607483256,42.3595913338843],[-71.0535665997939,42.3596579467996],[-71.0533705886778,42.3596735073808],[-71.0533328682556,42.3595641071593],[-71.0506014320326,42.3600178595103],[-71.0509879499355,42.360302310701],[-71.0510114597294,42.3606082092827],[-71.0502988532233,42.3606436676711],[-71.0502996296923,42.360574071914],[-71.0497618122087,42.360585481322],[-71.0497736037516,42.3604090901864],[-71.0502466311897,42.360304971628],[-71.050373055514,42.3602649502271],[-71.0504347495537,42.3601572831797],[-71.050445549149,42.3600456731402],[-71.0489507105503,42.3602600493419],[-71.0481133219268,42.3603755598367],[-71.0481291109274,42.3604857364092],[-71.0476064314504,42.3605359726461],[-71.0475046718041,42.3600198909374],[-71.0480088859812,42.3599543557754],[-71.0480480651281,42.3600949108076],[-71.0539241537982,42.3591423324657],[-71.0538403681991,42.3589418273272],[-71.0542807463708,42.3589014814494],[-71.0542475811557,42.3587739306035],[-71.0544885939662,42.358728064146],[-71.0544941229635,42.3586709891383],[-71.0542482617773,42.3587013258422],[-71.0542259614648,42.3586294342973],[-71.0537402974667,42.3587018212734],[-71.0536993317653,42.3585780425189],[-71.0548499381924,42.3583125307417],[-71.0551594818929,42.358146459003],[-71.0549882375097,42.3579626065404],[-71.0548671789595,42.358040227774],[-71.0549604538604,42.3581559182068],[-71.0547749878519,42.3582669194798],[-71.0546424770687,42.3582649271818],[-71.0544539863535,42.3583668904423],[-71.0543657029041,42.3583073208676],[-71.054360172353,42.3582606327985],[-71.0542711012276,42.3582505180429],[-71.0542637205365,42.3582985015861],[-71.0541169011512,42.3583969402701],[-71.0540748974247,42.3583579999752],[-71.0540969962523,42.3583305486659],[-71.0538784618503,42.3581802826545],[-71.0535603446014,42.3583967283445],[-71.0534625441377,42.3583190612061],[-71.0535583210359,42.3582491656534],[-71.0535942409527,42.3582815221175],[-71.0537154989844,42.3581791071623],[-71.0536899655,42.3581551315357],[-71.0538797424322,42.3579986938788],[-71.0537892743569,42.3579039315365],[-71.053979743616,42.3577514409977],[-71.0539309359096,42.3577186920168],[-71.0538211818042,42.3576616294634],[-71.0537225529665,42.3576136524751],[-71.0536320061606,42.3575940377046],[-71.0534999252216,42.3575824349637],[-71.0533327868217,42.3578153782413],[-71.053097883853,42.3577240824557],[-71.0527169988367,42.3579044462004],[-71.0528601948153,42.3576938665436],[-71.0527118298809,42.3576171470765],[-71.0525231493118,42.3578477322404],[-71.0524185059977,42.3577931034648],[-71.0524478920016,42.357753445875],[-71.0523946079107,42.3577053015555],[-71.0525451870844,42.3575342638965],[-71.0524402406514,42.3574859185765],[-71.0523932666524,42.3575636165836],[-71.0523441000135,42.3575435099835],[-71.0520824592832,42.3579314022818],[-71.0519780433338,42.3578717513091],[-71.0520929301103,42.3577002492587],[-71.0520241767695,42.3576582622796],[-71.0518449549281,42.3579164285408],[-71.0517755598673,42.3578870750133],[-71.0520324934628,42.3574640062903],[-71.0519839559542,42.3574330543286],[-71.0518043919129,42.3576743794295],[-71.0517589641251,42.357659359976],[-71.0516286803608,42.3578520874791],[-71.0515450202134,42.3578274835895],[-71.0516700436684,42.3574866542904],[-71.0516196835219,42.3574442039068],[-71.0515583030744,42.3574447083693],[-71.0514880093238,42.3576073663913],[-71.0513200257572,42.3575866538352],[-71.0513201562887,42.3574792809232],[-71.0512260757467,42.3574115212996],[-71.0510943214332,42.3573571782979],[-71.0510410037695,42.3575251255731],[-71.0509025762702,42.357498109448],[-71.0509734290219,42.3573442039555],[-71.0507147519956,42.3572502614958],[-71.0507850224744,42.3571164947117],[-71.0508413958299,42.3567435738132],[-71.0505280051464,42.3568779367779],[-71.0504245327765,42.3567890211037],[-71.050039359572,42.3569509817555],[-71.0500565890448,42.3570253280549],[-71.0498602571612,42.3570252283234],[-71.0497931390057,42.3567031126807],[-71.0499256772442,42.3566865158925],[-71.0499420237139,42.3567582429515],[-71.0507020299968,42.3565665251187],[-71.0506581695217,42.3564341092418],[-71.0508787519822,42.3564098324131],[-71.050857954577,42.3563411635562],[-71.0501073088851,42.3563578772381],[-71.049935530679,42.3564529453215],[-71.0499237176421,42.3560750277456],[-71.0503181559879,42.3561164179607],[-71.0503323245301,42.3560760913129],[-71.0506183019764,42.3560949264538],[-71.0506198667213,42.3560142353281],[-71.0501038124604,42.3558608434313],[-71.0501373678622,42.3556801914701],[-71.0506327651351,42.3557481837286],[-71.0506951235313,42.3556732124646],[-71.050297771666,42.3556108940312],[-71.0503252847754,42.355544678773],[-71.0507907323803,42.3556268524342],[-71.0508280417684,42.3555630822008],[-71.0503628262464,42.3554625822264],[-71.0503290854294,42.3553396995468],[-71.0504298066154,42.3552588695833],[-71.0508975587659,42.3553716726636],[-71.050932511832,42.355311236077],[-71.0506034131425,42.3552104077206],[-71.0506818375891,42.3550435698864],[-71.0509527463489,42.3551273978927],[-71.0509915884226,42.3550905103851],[-71.0510156762531,42.3550495537985],[-71.0509404915156,42.3549886871482],[-71.0510530074223,42.3548556116061],[-71.0511500194771,42.3548923608891],[-71.0512953163799,42.3547523177772],[-71.0507380036647,42.3544331025871],[-71.0509284739775,42.3542816198662],[-71.0512192036096,42.3544283709261],[-71.0513221107876,42.3543694028226],[-71.0513672194582,42.3543877641102],[-71.0514224153811,42.3543469287897],[-71.0515303265524,42.3543688026441],[-71.0516332496282,42.3544490320929],[-71.0518495535143,42.3543262636785],[-71.051468494253,42.353937613334],[-71.051545479864,42.3539112206345],[-71.0519315299712,42.3542968230732],[-71.0521951652748,42.3542109433054],[-71.052366918857,42.3540654610207],[-71.0523155979349,42.3540173911123],[-71.0523084963788,42.3539398085097],[-71.0518174037815,42.3534186116351],[-71.0520045657723,42.3533007353081],[-71.0526167061762,42.3538328238298],[-71.0525829398553,42.3538771528452],[-71.052758898609,42.3540163665059],[-71.0528405538459,42.3539700842167],[-71.0529604825618,42.3540771216916],[-71.0530381981627,42.3540366489266],[-71.05299560719,42.3539920229974],[-71.0531372854496,42.3539311230271],[-71.0532808485964,42.3540388704387],[-71.0533123074668,42.3539989365107],[-71.0532021834828,42.353893132579],[-71.0532422130795,42.3538553212723],[-71.0522071830812,42.352778897562],[-71.052573263493,42.3524812009785],[-71.0536959734987,42.3537258415167],[-71.0538712815735,42.3536652132292],[-71.0540444546789,42.3538674525824],[-71.0541727164473,42.3538539181446],[-71.0540144583496,42.3536472490062],[-71.054064485555,42.3536072531673],[-71.0538166214193,42.3532980859844],[-71.05392418259,42.3532448165182],[-71.0541095482763,42.353377980564],[-71.0541808334922,42.3533416189146],[-71.0543723336077,42.3534901835882],[-71.054417865908,42.3534484318764],[-71.0542648570279,42.3533011530607],[-71.0543028904211,42.3532634673617],[-71.0540893294662,42.3531005763242],[-71.0542520988856,42.3529898223973],[-71.0544405004919,42.3531254630638],[-71.054496165636,42.353079956403],[-71.053080442015,42.3520888378974],[-71.0531927366447,42.3519633894943],[-71.0548492617808,42.3531162820231],[-71.0549335118043,42.3530307043091],[-71.0544533853538,42.3526541827182],[-71.0545493333805,42.3525842117378],[-71.054849773458,42.352785747766],[-71.0548844004237,42.352748499976],[-71.0546033459533,42.3525429023002],[-71.0547215716177,42.3524581165421],[-71.0551762433745,42.3527355974899],[-71.0548835673042,42.3524937771561],[-71.0545968504218,42.3522748361263],[-71.0547424539042,42.3521789409969],[-71.0554024129386,42.352670951566],[-71.0554602506777,42.3526239652535],[-71.0553424535136,42.3525324579496],[-71.0553906467805,42.3523202957809],[-71.0555314437161,42.3524224721765],[-71.0555558550209,42.3521793297398],[-71.0556136750599,42.3521861136115],[-71.0556248556409,42.3521214301737],[-71.0550899610717,42.3519967448214],[-71.0550959381743,42.3519815327395],[-71.0550015693322,42.3519553521475],[-71.0550315153065,42.3518723053563],[-71.0551753787109,42.3518618220643],[-71.055491399789,42.3519366544549],[-71.0554971264419,42.3518528369871],[-71.0553121898299,42.3517983098473],[-71.0553514368406,42.3515877260091],[-71.0551638405423,42.3515157969686],[-71.0551827949449,42.351448009678],[-71.055590027825,42.3515249329054],[-71.0556078020631,42.3514823379981],[-71.0554649234682,42.3514201429092],[-71.055230267644,42.3513607433707],[-71.0552750254057,42.351276608857],[-71.055641587114,42.3513690861785],[-71.0556671051494,42.3513163671644],[-71.0553057931174,42.3512079980793],[-71.0553795332773,42.3510783786134],[-71.0557962260898,42.3511828830941],[-71.0559509752229,42.3507850085818],[-71.0563680762853,42.3508295411754],[-71.0563412387028,42.3509548627727],[-71.0564846907155,42.3509721974427],[-71.0564925412548,42.3508198589111],[-71.0565993701614,42.3508026287989],[-71.0565664866286,42.3509933056549],[-71.0566919134009,42.3509862928356],[-71.0567218928208,42.3508096448774],[-71.0568579045163,42.350825939178],[-71.0567824220441,42.3512031354589],[-71.0568708245431,42.3512060083948],[-71.0569442670709,42.3508223942117],[-71.0572430599797,42.3508599156723],[-71.0571079815541,42.351552041702],[-71.0572722924487,42.3515658453992],[-71.0574323505026,42.3508459356472],[-71.0576581283984,42.3508762970009],[-71.0575504456892,42.3512573061433],[-71.0575971469696,42.3512685925661],[-71.0575866164811,42.3513952976096],[-71.0578587102234,42.3514247001593],[-71.0577697712448,42.3518483114005],[-71.0578799066701,42.3518466455925],[-71.0579085115081,42.3519453038595],[-71.058126670844,42.3519426741208],[-71.058121252522,42.351868307507],[-71.0584758865539,42.3518724777196],[-71.0584964401317,42.3519641433619],[-71.0586676380258,42.3519858105686],[-71.0587322987029,42.3516046938802],[-71.0592526856504,42.3515756592685],[-71.0592537960803,42.3515197704636],[-71.0594386380284,42.3515105921951],[-71.059436465222,42.3516025717464],[-71.0599002316546,42.3515092759212],[-71.0599295473663,42.3517637148979],[-71.0600603379614,42.3517405560738],[-71.059971864021,42.3512278199415],[-71.0601904102893,42.3511821230425],[-71.0601891396564,42.3513114210306],[-71.0602295602751,42.3513072883685],[-71.0602777894314,42.3514732883227],[-71.0603991850255,42.3514643840271],[-71.0603314289502,42.3512255766148],[-71.0604822874354,42.3511906602222],[-71.0604144265354,42.3509685585197],[-71.0605477337674,42.3509558970714],[-71.0606575973778,42.3512673390301],[-71.0611564318325,42.3511888808246],[-71.0610765402117,42.3508800358465],[-71.0612979137445,42.3508552741081],[-71.0613829043063,42.3511146051617],[-71.0621127625431,42.3509923628236],[-71.0621082929719,42.351104198776],[-71.0622835558266,42.3510723063367],[-71.0622605364266,42.3510268808172],[-71.0623835126869,42.3510075589997],[-71.0624020941649,42.3510577061473],[-71.0625126861034,42.3510468279937],[-71.062514911185,42.3508798342221],[-71.0623294420049,42.3507715460152],[-71.0623773676821,42.350658011778],[-71.0621621799578,42.3506112530163],[-71.0622070464917,42.3505620911928],[-71.0624136706807,42.3506089426425],[-71.0624251995498,42.3505596455093],[-71.062164918563,42.3504760102531],[-71.0617773375444,42.3504115622289],[-71.0617617399828,42.3500348262918],[-71.0619151178737,42.3500650955651],[-71.0621466286503,42.3497456033974],[-71.0616720203771,42.3495457542137],[-71.0618191282568,42.3493603166248],[-71.0616926890733,42.3492928432735],[-71.0618858246562,42.3490514205155],[-71.0619624790947,42.3490713687295],[-71.0620748191264,42.3489718442822],[-71.0623697146427,42.3490931103797],[-71.0625002893402,42.3489796732894],[-71.0623805948818,42.3489127695698],[-71.0624836237921,42.3488073174468],[-71.0626974153038,42.3489150446096],[-71.0629899976606,42.3485981731012],[-71.0628425489457,42.348518987903],[-71.062950201397,42.3483050595051],[-71.0627739978265,42.3482394707552],[-71.0628492336133,42.348151563061],[-71.0620271866504,42.3477557207114],[-71.0621330647651,42.3476290858186],[-71.0630254112843,42.3480381733661],[-71.0632502105885,42.3477750813344],[-71.0628750514031,42.3476238859933],[-71.0630469331856,42.3474031063429],[-71.0635927300288,42.3476555698294],[-71.0636298512409,42.3475903906706],[-71.0633975357699,42.3475062708728],[-71.0634982334626,42.3473217245834],[-71.0636156129954,42.3473564681533],[-71.0636549752589,42.3472930274329],[-71.0627885248031,42.3471024090194],[-71.0628337804188,42.3469948732045],[-71.0633194136643,42.3470984677214],[-71.0633719554358,42.3469553241725],[-71.063021330063,42.3468689574715],[-71.0630626795877,42.3467934984546],[-71.0636211508332,42.3469161638593],[-71.0636501810949,42.3468642586769],[-71.0637461270524,42.3468833345606],[-71.0637642304178,42.3468328671201],[-71.0638693976497,42.3468609368276],[-71.0639207234473,42.3467387232563],[-71.0637633201324,42.3467018140595],[-71.0638161130794,42.346522041545],[-71.06389942051,42.3465325867784],[-71.0639354126098,42.3463858952292],[-71.0638190871684,42.3463668090501],[-71.0638564254685,42.3461163593382],[-71.0632145778822,42.345953405733],[-71.0632318706715,42.345862076816],[-71.0640917395011,42.3460360361736],[-71.0641523914855,42.3459074144173],[-71.0639451121456,42.3458399713052],[-71.0639751369616,42.3457858634958],[-71.0635126762198,42.3456592937126],[-71.0635895239121,42.3454906273972],[-71.0639609143012,42.3455887879946],[-71.0639685508692,42.3455514350883],[-71.0642777718831,42.3456306972011],[-71.0642965309611,42.345602688013],[-71.0643817060989,42.345628149269],[-71.0643979085835,42.3455918400119],[-71.0641823722975,42.3455456351752],[-71.0643538247426,42.3452008306626],[-71.0638574214128,42.3450418998081],[-71.0638866847081,42.3450067015269],[-71.063715998867,42.3449541054847],[-71.063830567683,42.3448059904576],[-71.0646501623063,42.3450057922717],[-71.0646947685991,42.3449264588701],[-71.0641029192222,42.3447402991889],[-71.0642084889794,42.3445949409803],[-71.064558986509,42.3447261151073],[-71.0649576389933,42.344142359242],[-71.064674917118,42.3440391220684],[-71.0647323327539,42.3439465324297],[-71.0650207025364,42.3440278614689],[-71.0651466451733,42.3438518332215],[-71.0649578921291,42.3437778346678],[-71.0650257577775,42.3436874322264],[-71.0651834203406,42.3437364503479],[-71.0652197078792,42.3436870960709],[-71.0654111420945,42.3437365006533],[-71.0655181805765,42.343545549746],[-71.0654590125413,42.3435260794496],[-71.0663465338838,42.3422520446316],[-71.0669101466131,42.3414128299697],[-71.0670331826554,42.3414361587456],[-71.0673960721752,42.3410976110863],[-71.0678999296055,42.340755589041],[-71.0684103625704,42.34037194538],[-71.068823712907,42.3399694659131],[-71.0689921399679,42.3397040115116],[-71.069048949947,42.3394738907696],[-71.0690876271115,42.3391935753409],[-71.0692648416283,42.33871071492],[-71.0694428818648,42.3383825831297],[-71.0696591883138,42.3381037933347],[-71.0698779537169,42.3377894355696],[-71.0699630774318,42.3374366774941],[-71.0699798128319,42.3370973777782],[-71.0697904691908,42.336739581355],[-71.0695382710892,42.3364185216794],[-71.0697469478146,42.3362767617757],[-71.0700611712596,42.3361562559282],[-71.0703212850958,42.3358708091061],[-71.0704177179899,42.3357496134407],[-71.070482316839,42.335631925803],[-71.070659707739,42.3353059791365],[-71.0708295685237,42.3351483690333],[-71.0708335262891,42.334827198342],[-71.0707927031861,42.3345634919841],[-71.0708929688611,42.3344364350656],[-71.0711024822112,42.334434074587],[-71.071343027052,42.3344135020083],[-71.0715664407112,42.3343428135663],[-71.0716372742033,42.3341838135757],[-71.0716627109573,42.3338621879737],[-71.0716157696589,42.3336349635029],[-71.0720672442673,42.3333367119065],[-71.0727433857079,42.3331309643513],[-71.0730419132109,42.3331300092344],[-71.0730191908524,42.3333058280832],[-71.0730338728062,42.3334402670703],[-71.0730894923035,42.3334904750107],[-71.0732249684255,42.3334326194105],[-71.0734232871509,42.3333409578095],[-71.0738189389386,42.3332485483661],[-71.0741546309232,42.3332970609288],[-71.074403494604,42.3335142762999],[-71.0754264278252,42.3343999147684],[-71.0755832570639,42.3341376001808],[-71.0752100044563,42.3334298174732],[-71.0745203830465,42.3330176787384],[-71.0743183863108,42.332986711151],[-71.0741417420472,42.3328958070542],[-71.0737566542292,42.3326911317179],[-71.0729580065803,42.3326531341367],[-71.0723426723124,42.3328104950932],[-71.0717811745971,42.3331327411557],[-71.0712134756564,42.3333868915996],[-71.07086150886,42.3337570409971],[-71.0705801588581,42.3338537952016],[-71.0697991387916,42.3345363779495],[-71.0694279555941,42.3345765739683],[-71.069046155906,42.3345001203933],[-71.0688774931758,42.3342566014655],[-71.0692576383716,42.3331741922442],[-71.0692049870509,42.3329548345652],[-71.0692011789646,42.3329185749232],[-71.06916087332,42.3328977062629],[-71.0690922908181,42.3328974492099],[-71.0690027448094,42.3329752036204],[-71.0689038407193,42.3330625504141],[-71.0687971580673,42.3330995824034],[-71.0686413113775,42.333108224125],[-71.0685161263471,42.3330306670972],[-71.0685055236607,42.3329485925816],[-71.0686073616123,42.3328654775455],[-71.0686117217977,42.3327678144222],[-71.0684768228738,42.3327439078374],[-71.0683277451445,42.3326949429731],[-71.0682225151917,42.3326148447268],[-71.0680838001565,42.3323035092835],[-71.0679765252396,42.3322030197932],[-71.0677229534688,42.3320722200087],[-71.0675512789178,42.3320090704718],[-71.067353291741,42.3319972187229],[-71.0671598675288,42.3320345996449],[-71.0669437644695,42.3320101932505],[-71.0668280073,42.3318986475092],[-71.0668380715975,42.3317842162049],[-71.0667100257844,42.3317468280408],[-71.0667059094503,42.331808455589],[-71.0667051944779,42.3319128850671],[-71.0667311156633,42.332020891552],[-71.066807581777,42.3321198621066],[-71.0669507056226,42.3321941373464],[-71.0671160153011,42.3321997826638],[-71.0672449409943,42.332176199204],[-71.0674046365575,42.3321463046711],[-71.0675881785704,42.3322002225203],[-71.0675897794317,42.3323483774589],[-71.0674308782573,42.3324201868313],[-71.067282752681,42.3324447011],[-71.0670796665536,42.3324173353567],[-71.0668168596185,42.3323441387311],[-71.0666587522879,42.3322998845806],[-71.0665233750153,42.3322539776159],[-71.0663284662121,42.3322809885568],[-71.0661170270757,42.3323253867115],[-71.0659542676339,42.3323797880547],[-71.0659473839145,42.3323455474918],[-71.065932947392,42.3323894019609],[-71.0657470203914,42.3324730745412],[-71.0655884436295,42.3325645472028],[-71.0654828312436,42.3326046639932],[-71.0653387336119,42.332527968003],[-71.0652717111588,42.3324974279021],[-71.0651013000875,42.3325276048719],[-71.0649884211203,42.3326023261532],[-71.0649988038399,42.332614574086],[-71.0650037658612,42.3326203886302],[-71.0650085774375,42.3326260016247],[-71.0650132404041,42.332631416618],[-71.0650177565963,42.3326366371589],[-71.0650221278495,42.3326416667961],[-71.0650263559991,42.3326465090784],[-71.0650304428805,42.3326511675542],[-71.065034390329,42.3326556457725],[-71.0650382001801,42.3326599472819],[-71.0650418742691,42.332664075631],[-71.0650454144315,42.3326680343686],[-71.0650488225026,42.3326718270433],[-71.0650521003179,42.3326754572039],[-71.0650552497127,42.332678928399],[-71.0650582725225,42.3326822441774],[-71.0650611705827,42.3326854080876],[-71.0650639457287,42.3326884236785],[-71.065066599796,42.3326912944986],[-71.0650691346198,42.3326940240968],[-71.0650715520358,42.3326966160216],[-71.0650738538793,42.3326990738217],[-71.0650760419856,42.3327014010459],[-71.0650781181904,42.3327036012428],[-71.0650800843289,42.3327056779611],[-71.0650819422367,42.3327076347495],[-71.0650836937491,42.3327094751566],[-71.0650853407017,42.3327112027313],[-71.0650868849298,42.3327128210221],[-71.0650883282689,42.3327143335777],[-71.0650896725544,42.3327157439468],[-71.0650909196219,42.3327170556781],[-71.0650920713066,42.3327182723203],[-71.0650931294441,42.332719397422],[-71.0650940958699,42.332720434532],[-71.0650949724194,42.3327213871988],[-71.0650957609279,42.3327222589713],[-71.0650964632311,42.3327230533981],[-71.0650970811643,42.3327237740278],[-71.065097616563,42.3327244244091],[-71.0650980712627,42.3327250080908],[-71.0650984470988,42.3327255286215],[-71.0650987459067,42.3327259895498],[-71.065098969522,42.3327263944245],[-71.06509911978,42.3327267467942],[-71.0650991985163,42.3327270502076],[-71.0650992075662,42.3327273082134],[-71.0650991487654,42.3327275243603],[-71.0650990239491,42.332727702197],[-71.065260400073,42.3328601565223],[-71.0652926777011,42.3329082826096],[-71.065362441726,42.3330120341842],[-71.0653120310563,42.3331079937026],[-71.0651492645019,42.3330220589935],[-71.0650891876562,42.3329904084782],[-71.064921290644,42.3328103347135],[-71.0648685178008,42.332702618985],[-71.0648316163793,42.3326275398625],[-71.0647562535925,42.3324913322754],[-71.0646610488783,42.3323004933776],[-71.0645865762905,42.3321348715226],[-71.0645818641394,42.332011032676],[-71.0646303812356,42.3319103862233],[-71.0647464006324,42.3318112823656],[-71.0648066773375,42.3317366964773],[-71.0646596188894,42.3317633508631],[-71.0645347960623,42.3317390097855],[-71.064861041659,42.3309182260602],[-71.0648963100415,42.3309652938765],[-71.0650299216511,42.3308250550594],[-71.065022843676,42.3306094112003],[-71.0649728768956,42.330498438395],[-71.0649381929944,42.3303516290102],[-71.0650371737312,42.3302025090567],[-71.0651415997755,42.330057479596],[-71.0653588536916,42.329857476474],[-71.0655444129949,42.3296179487078],[-71.0655693275461,42.3294537643482],[-71.0657909518981,42.3292630534646],[-71.0659238287263,42.3290829801328],[-71.065907321961,42.3289016573238],[-71.0660726629346,42.3286369889158],[-71.0662325982175,42.3283999874463],[-71.0665232366778,42.3282090758872],[-71.0668035807347,42.3281643934718],[-71.0669848270022,42.3280105005853],[-71.0672161235759,42.3278253725827],[-71.0673884252219,42.3277308069632],[-71.0672648429185,42.3275260403259],[-71.0670362281535,42.3272271179188],[-71.0669253199793,42.3270007199005],[-71.0669256919218,42.3267899930683],[-71.0669905691355,42.3265258723604],[-71.0672724427305,42.326363407388],[-71.0674680222652,42.3262322241885],[-71.0678221802679,42.3260129832022],[-71.0681101943931,42.3259254202945],[-71.0682055582622,42.3257496660683],[-71.0680061100382,42.3255323048763],[-71.067785173145,42.3253498125815],[-71.0675103530516,42.3252472883132],[-71.0673539706195,42.325282736305],[-71.0670616077126,42.3252934108689],[-71.0666189615305,42.3253335875873],[-71.0661344437025,42.3255262499153],[-71.0660157447268,42.3256387251112],[-71.0657895888592,42.3257843654218],[-71.0654591424633,42.325843021508],[-71.0651035815915,42.32576872627],[-71.064961009193,42.3256313951249],[-71.0650946635916,42.3255062160608],[-71.0651218962155,42.3254242090119],[-71.0649621852848,42.3253554177656],[-71.0647412098281,42.3252945342935],[-71.0643961569664,42.3252551264129],[-71.0641452429221,42.3251343655519],[-71.0638035664598,42.3252441792371],[-71.0636944597346,42.3253206519463],[-71.0635423545502,42.325375708774],[-71.0634704817132,42.3254781298683],[-71.0633614621729,42.3255287870122],[-71.0633226779679,42.3256654396828],[-71.0633678921375,42.3257852205595],[-71.063584389852,42.3259059192905],[-71.0637250779395,42.3258849250552],[-71.0638901796946,42.3259836992433],[-71.0640414595437,42.326035553255],[-71.064384160373,42.3261309218326],[-71.0638418129599,42.326752709526],[-71.0634502445491,42.326359710555],[-71.0633075815729,42.3261950237119],[-71.0628280933972,42.3260223201798],[-71.063172850809,42.3258357513024],[-71.063241921356,42.3257592774028],[-71.0631626163738,42.3256476489667],[-71.0629684972218,42.3255613995745],[-71.0629232031152,42.3255185635337],[-71.062917874498,42.3254290871448],[-71.0628747284435,42.3252839747248],[-71.0625672443155,42.3251260979501],[-71.0621670247999,42.3249801606733],[-71.0617582238422,42.3248946206433],[-71.0611621288129,42.3253376965713],[-71.0606463440943,42.3258511938236],[-71.06018259573,42.3258281009338],[-71.0598973082421,42.3260662188927],[-71.0596868959626,42.3262891202611],[-71.0594621657345,42.3268747383531],[-71.0593637340048,42.3269988591809],[-71.0594963944363,42.3270719086616],[-71.0594053567509,42.3282694475144],[-71.0589191572563,42.3281653067854],[-71.0588467237918,42.3288620826494],[-71.0588428577628,42.3291080971088],[-71.0590626618376,42.3291652432968],[-71.0591134423202,42.3293404724554],[-71.059230323249,42.3295435674313],[-71.0595269092813,42.3297188694814],[-71.05989597483,42.3297192718414],[-71.0602474517883,42.3296169284935],[-71.0605385255087,42.3294819186588],[-71.0608641178865,42.3294363623074],[-71.0611678141773,42.3295337976577],[-71.0614851842041,42.3297646076462],[-71.0619220119778,42.3302071267051],[-71.0620318525523,42.3303630486588],[-71.0620849230184,42.3304544451882],[-71.0614752110423,42.3303456912584],[-71.0613379937829,42.3300983863733],[-71.0610231051723,42.3298068198768],[-71.0602077477793,42.3297695388676],[-71.0598459471817,42.3300557105327],[-71.0595270494637,42.3301259686355],[-71.0593566072476,42.3301045142077],[-71.0591989797525,42.3300996393176],[-71.0590303254156,42.3303017144035],[-71.0589832791462,42.3304956729467],[-71.0588576672443,42.3306013615325],[-71.0586671076965,42.3305863893303],[-71.0585115379537,42.3306060583019],[-71.0584259594728,42.330694909863],[-71.0582614806467,42.330827467495],[-71.0580772922063,42.330866205802],[-71.0578422921806,42.3308940427426],[-71.0576678424745,42.3309187860229],[-71.0575367304676,42.3309987785184],[-71.0574278687846,42.3310650837744],[-71.0574063068787,42.3312879054401],[-71.0575479570748,42.3315195789306],[-71.0575938119978,42.3316369658888],[-71.0575468611818,42.331779443499],[-71.0574762947329,42.3319487238199],[-71.0574165765482,42.3320984063159],[-71.0575269652613,42.3322295888276],[-71.0577813756635,42.332339019837],[-71.0579788483461,42.3325260457291],[-71.0581804810505,42.3326594587789],[-71.058269313932,42.3328438686063],[-71.0580270395664,42.3329026416024],[-71.0577080003385,42.3328070695638],[-71.0574611384043,42.332788937009],[-71.057277203208,42.3328437209385],[-71.0572078356386,42.3329444093647],[-71.0572273805219,42.3332161370803],[-71.0571847124965,42.3333402534039],[-71.057264717044,42.3335610675911],[-71.0572685758596,42.3338048550665],[-71.0572627141225,42.3338972803838],[-71.0573812760957,42.3339135237753],[-71.0573996161971,42.3340484385998],[-71.0574019917112,42.3340808153704],[-71.0573548942226,42.3341956297782],[-71.0573001630689,42.3343292770784],[-71.0572245223733,42.3345262084735],[-71.0572258737197,42.3346550490136],[-71.0573694575996,42.334804494662],[-71.0573402969188,42.3349556151321],[-71.057303975574,42.335160996693],[-71.0572746558388,42.3352687925566],[-71.0573516813499,42.3353876952029],[-71.0572453383986,42.3355952056277],[-71.0571562145644,42.3358144239208],[-71.0570257504967,42.3361205402797],[-71.0569367094638,42.3364306855273],[-71.0570608964814,42.3366095410943],[-71.0570258550239,42.3368377928519],[-71.0569032195432,42.3370840177417],[-71.0566592229366,42.33733627649],[-71.0565711547119,42.3375440656267],[-71.0566265521064,42.3377661139343],[-71.0569722914027,42.3379916882879],[-71.0571934636649,42.3380635351316],[-71.0573868771221,42.3382131725295],[-71.0574034572933,42.3383808575471],[-71.057498115524,42.3385320450426],[-71.0576448389115,42.3387123237714],[-71.0577512839761,42.3388776049142],[-71.0578449780771,42.339010619754],[-71.0579363842872,42.3390954796585],[-71.0580981889057,42.3390780416964],[-71.0582818529881,42.3391791680752],[-71.0582981705786,42.3393332045386],[-71.0582327957761,42.3394549774015],[-71.0582182956583,42.3395166231776],[-71.0582768346918,42.3396269630769],[-71.0584028809649,42.3395924889562],[-71.0584337359222,42.3396924931763],[-71.0583908223457,42.3397853276965],[-71.0584535241956,42.3399287781483],[-71.0585923999242,42.3400172880561],[-71.0586702210771,42.3400911304962],[-71.0587223752404,42.3402110146772],[-71.0587607015242,42.3402962133732],[-71.0588225220096,42.3403739974116],[-71.0588504133774,42.3404710483796],[-71.0589446111606,42.3405195391036],[-71.058964852318,42.3406022614607],[-71.0587784260464,42.3408965315386],[-71.0585218926698,42.3413009646317],[-71.0581552275888,42.3416456710106],[-71.0579527122998,42.3418554280248],[-71.0576304039675,42.3422081423285],[-71.0574275439948,42.3425278782738],[-71.0570817514389,42.3429016193413],[-71.0567070044886,42.3431335675595],[-71.0562452858574,42.3431742495818],[-71.0557980785132,42.3430365254566],[-71.0552146662622,42.3429255674806],[-71.0546242939507,42.342731391661],[-71.053774314095,42.3424782481076],[-71.0530920646573,42.3422896748184],[-71.0524010999546,42.3420979128508],[-71.0518329120059,42.3417131385837],[-71.0513911661807,42.3415038220237],[-71.0508607743155,42.3412934220511],[-71.0504751763628,42.341198773651],[-71.0500151706045,42.341049092835],[-71.0494680778705,42.3408185636407],[-71.0489200075492,42.3404333772255],[-71.048387601745,42.3400387725579],[-71.0480004437908,42.3397745662669],[-71.0475928552055,42.3394961043658],[-71.0473985107956,42.3392241552336],[-71.0466663216046,42.3387542091159],[-71.0463195695051,42.3384890114066],[-71.0456680818925,42.3381418526889],[-71.0449578472658,42.3378555659193],[-71.0443875804527,42.3377710720531],[-71.0440620637054,42.3377609646785],[-71.0438730182142,42.3376975020062],[-71.0436420292445,42.3375864702152],[-71.0434960970983,42.3374054411096],[-71.042668340266,42.3368131239017],[-71.0423632094176,42.3367885093832],[-71.0415831130694,42.336895190666],[-71.0409081893202,42.3370888594704],[-71.0403835369,42.337510968932],[-71.0398965184278,42.3377633654784],[-71.0391399633085,42.338004149676],[-71.0382854794212,42.3382263753558],[-71.0376781987339,42.3384816056703],[-71.0368914974624,42.3386756621975],[-71.0359588514949,42.3385924157795],[-71.0348785772835,42.3388304776289],[-71.0345412336552,42.3388472308917],[-71.0338393876943,42.338923405109],[-71.0331131384293,42.3390059778915],[-71.0324249232308,42.3391380252875],[-71.0316001948379,42.3391579347975],[-71.030700121141,42.3392029452709],[-71.0299900120079,42.3391513634484],[-71.0287288185305,42.3390183680465],[-71.0280081847156,42.338904293768],[-71.0273281018712,42.338789320312],[-71.0266864032853,42.3386287615841],[-71.0259664580912,42.3382794706424],[-71.0253985815441,42.3377694076107],[-71.0249061511293,42.3373434935172],[-71.0245717140637,42.336950055172],[-71.024362162574,42.3364375234211],[-71.0241479120835,42.3360260528632],[-71.0240659323754,42.3357338193768],[-71.0239394795723,42.3352937622271],[-71.0239669766144,42.3350165486226],[-71.0238245210139,42.3348353163724]]],[[[-71.0204828201923,42.3568596872112],[-71.0200971366665,42.3566998928115],[-71.0198932736433,42.3565504754782],[-71.0200127774544,42.356292501978],[-71.0204070650599,42.3561493329183],[-71.020670836689,42.3561220932733],[-71.0209157129635,42.3562851770279],[-71.0211743022409,42.3563948310932],[-71.0214643677919,42.3564205084201],[-71.0216512617156,42.3565494523872],[-71.0217299655009,42.3566779377961],[-71.0219058945966,42.3568250962744],[-71.0221412752301,42.3569557118579],[-71.0222993662314,42.3571479831126],[-71.022482055286,42.357188121069],[-71.0226839081215,42.3572929145498],[-71.0226674920036,42.3573674012149],[-71.0225782912336,42.3574320167213],[-71.0223875093843,42.357389104144],[-71.0221234205235,42.357481607987],[-71.021918101422,42.357477679177],[-71.0219240591301,42.3573558221763],[-71.0217527495811,42.3572174496896],[-71.0213222732608,42.3571153720111],[-71.0209872471807,42.35700165592],[-71.0204828201923,42.3568596872112]]],[[[-71.09364900824,42.3586017808435],[-71.093630700478,42.3583802841431],[-71.0934227269971,42.3579608205805],[-71.0933483470797,42.3577503659709],[-71.0934271167012,42.3574443618809],[-71.0935786974116,42.3572403220452],[-71.0936603961619,42.3571113083131],[-71.0937863364366,42.3570939691303],[-71.0939539539053,42.3571016396057],[-71.0942411211133,42.3571062634662],[-71.0944088622606,42.3571104738386],[-71.0944613350328,42.3571353878079],[-71.0947761789315,42.3572821132689],[-71.0952440038122,42.3575248572454],[-71.0956874574034,42.3577996637128],[-71.0961604080587,42.3579872561422],[-71.0965690342087,42.3581585751836],[-71.0970087070614,42.3583386178121],[-71.0976046444553,42.3585105893495],[-71.0981016298809,42.358776221989],[-71.0984066599385,42.3588934774606],[-71.0988266742472,42.3588327659076],[-71.0990734402852,42.358770053337],[-71.0992519318368,42.3585970466],[-71.0993551984748,42.358462822309],[-71.0993815439814,42.3584004608507],[-71.0993700993713,42.3602075947898],[-71.0988025948409,42.3601136791555],[-71.0982935596522,42.3601091611486],[-71.0976225739166,42.3600533212263],[-71.0974251578513,42.3599990775408],[-71.097049329994,42.3599977613802],[-71.0967359667316,42.360027693251],[-71.0963773538166,42.3598166950471],[-71.0960722885229,42.3595936655862],[-71.0956166735642,42.3594087413007],[-71.0951147374691,42.3591709684369],[-71.0946250902559,42.3589151851532],[-71.0942914453472,42.3587487954361],[-71.0940730185139,42.3586633246026],[-71.0937734953612,42.3586848564837],[-71.09364900824,42.3586017808435]]],[[[-70.9901631320789,42.3584810047033],[-70.9903875248952,42.3581526654566],[-70.9908691123578,42.3578366800849],[-70.9914005164175,42.3577358779919],[-70.9920677485838,42.3578492678064],[-70.9926141181173,42.3580641624713],[-70.9928176563585,42.3583802285074],[-70.9932265746261,42.3587593019864],[-70.9931904515001,42.3590374137694],[-70.9929320613593,42.359289933692],[-70.9925716311434,42.3594036738605],[-70.9920913380109,42.3594920709713],[-70.9917481019213,42.3596435338555],[-70.9909772382418,42.3596561704876],[-70.9904817710086,42.3594790678301],[-70.990125512301,42.358986492756],[-70.9901631320789,42.3584810047033]]],[[[-71.0351505431769,42.3685702511924],[-71.035077814417,42.368552315206],[-71.0350494174573,42.368614703898],[-71.035081924153,42.368681626008],[-71.035071775653,42.3688326246],[-71.0349108090887,42.3688014784511],[-71.0347927163893,42.36884814384],[-71.0347847260126,42.3689308728389],[-71.0347276154051,42.3689484259554],[-71.0345859144157,42.3689686537519],[-71.0345813478513,42.3690976035265],[-71.0345746498928,42.3692236697976],[-71.0345066438276,42.3693755624252],[-71.0344591287623,42.3693633274089],[-71.0343903529973,42.3690287695497],[-71.0344558858861,42.3689449196208],[-71.0342684035833,42.36884146743],[-71.0342208267535,42.3687152482534],[-71.0342928248167,42.3686594546308],[-71.0343517676608,42.3687083572205],[-71.0344258645945,42.3688098878857],[-71.0345039328305,42.3688128697951],[-71.0344454289267,42.3686997105754],[-71.0344173123997,42.3686243903558],[-71.0344472055905,42.3686053232261],[-71.0345047415762,42.3686279450162],[-71.0345354053784,42.3686756800578],[-71.0346142373932,42.3687448539825],[-71.0347135335018,42.368681080776],[-71.0347110968633,42.3685710902081],[-71.0345654008581,42.368397665557],[-71.0343581115181,42.3683640747315],[-71.0341435669521,42.3684066634329],[-71.0337523530233,42.3683729114593],[-71.0336098096457,42.368285895072],[-71.0332657140772,42.3680462773931],[-71.0329693283875,42.3678689798095],[-71.0326354636779,42.3676394387411],[-71.0321814298532,42.3674436390839],[-71.0319230607061,42.3673184250186],[-71.0317126674698,42.3672389440893],[-71.0315317074577,42.3672041181794],[-71.0314287261675,42.3671338909992],[-71.0312362311133,42.3670756174652],[-71.0309655618357,42.3669302353101],[-71.0304196843117,42.3667443501394],[-71.029910826382,42.3664529117528],[-71.0295052618242,42.3659989615925],[-71.0292449435582,42.3656752999709],[-71.0290091121828,42.3653597776328],[-71.0288149587257,42.365087941502],[-71.0286633545868,42.3648894216721],[-71.0287193948514,42.3646295666575],[-71.0289575998378,42.364285297842],[-71.0292801451136,42.3641676033578],[-71.0295420796539,42.3641761714832],[-71.0299283958877,42.364285918354],[-71.0303694503462,42.3643559232725],[-71.0307902274658,42.3644113941639],[-71.031316171325,42.3644880096229],[-71.0319265478656,42.3645567595341],[-71.0325958530445,42.3645797392717],[-71.0333255972638,42.3646010131282],[-71.0339544193941,42.3647347458696],[-71.0346990954818,42.3649815154397],[-71.0353578446917,42.3652870435571],[-71.036044998339,42.3656096057685],[-71.0363387723529,42.365849271505],[-71.036707146277,42.3662683484991],[-71.0373382985489,42.3668509371539],[-71.0375852391367,42.3673829131345],[-71.0379242889637,42.3677703865633],[-71.038152714683,42.3679730049211],[-71.0385079801617,42.3681160435444],[-71.0385105873343,42.368205108283],[-71.038167142625,42.3681686880991],[-71.0379496956291,42.3681678148157],[-71.0375771039412,42.3682243582316],[-71.0370068803915,42.3684042428955],[-71.0365759592785,42.3685214555178],[-71.0359609969658,42.3686786321054],[-71.0355350212942,42.3687096646653],[-71.035454634671,42.3687323390421],[-71.0353777716325,42.3686880363097],[-71.0352288867484,42.3686062780795],[-71.0351505431769,42.3685702511924]]],[[[-71.0993671524538,42.3606729039574],[-71.0992460223582,42.3797930077783],[-71.099258370494,42.397939104132],[-71.0944765400148,42.3979330499395],[-71.0828720214926,42.3979481327317],[-71.0823113178394,42.3968437617578],[-71.0821306167399,42.3965890493202],[-71.0818092382196,42.3964641296422],[-71.0816347332556,42.3962805078568],[-71.0815481560648,42.3961301660467],[-71.0815819668714,42.3959005684634],[-71.0814545370423,42.3956947204469],[-71.0811274649737,42.3955740569548],[-71.0806369031515,42.3955972079009],[-71.0801059468715,42.3956011551305],[-71.0796188589805,42.3955511060241],[-71.0790006692487,42.395438331439],[-71.0786361342712,42.3950914134402],[-71.0784524540963,42.3948552703856],[-71.0780721022118,42.3946087786561],[-71.0774355153503,42.3943657575498],[-71.0771079580784,42.3941562946527],[-71.0767839634004,42.3938073801737],[-71.076494547423,42.3934404737568],[-71.076299163933,42.3930279820673],[-71.0761383876301,42.3924147789342],[-71.0761204761464,42.3920443249328],[-71.0762873403729,42.3916816382952],[-71.076379125948,42.391282371629],[-71.07627680444,42.3909389513047],[-71.0758780924519,42.3905989850422],[-71.0755043221719,42.3902540282355],[-71.0749993736771,42.389764909848],[-71.0746537921679,42.3893704463282],[-71.0742895223825,42.3890096085552],[-71.0739998221007,42.3887455204976],[-71.0736889059686,42.3882274966209],[-71.0734653871158,42.3878447135197],[-71.0733857725338,42.387268511063],[-71.0733343967516,42.3866875994756],[-71.0733107404483,42.3862372957395],[-71.0730565053379,42.3855549445104],[-71.0728704724651,42.3850718127422],[-71.0725878321996,42.3845539571742],[-71.0720604878257,42.3840927549505],[-71.0716019032921,42.3838960927639],[-71.0711055658379,42.3838412258235],[-71.0704122294954,42.3838308836639],[-71.0698000191772,42.3838509264374],[-71.06911885238,42.3839091506174],[-71.0685599168441,42.3838926816984],[-71.0678764696711,42.3837432983521],[-71.0672555045225,42.3834613006761],[-71.066722318345,42.3832164016867],[-71.0659517373091,42.3829385133595],[-71.0650749528888,42.3826049943179],[-71.0644388527361,42.3822751211309],[-71.0638992374948,42.3820485034591],[-71.0633470028416,42.3818102021725],[-71.0629138032361,42.3816002968366],[-71.0623775562536,42.3813185943587],[-71.0617005435544,42.3809885501987],[-71.0608897619702,42.3806371320374],[-71.0601722656035,42.3803181562733],[-71.0592741177933,42.3799800398105],[-71.0587937083387,42.3797790973575],[-71.0582388316303,42.37944695198],[-71.0574994773833,42.3791256022725],[-71.0569911491698,42.3789470757352],[-71.0564512494793,42.3787591905449],[-71.0561556650502,42.3782409842605],[-71.0559946708587,42.3781190085829],[-71.0556023779987,42.3785494674848],[-71.0551929220318,42.3787895074826],[-71.0548582540639,42.3789203231144],[-71.054355165627,42.3789864361578],[-71.0537084406315,42.3790586756133],[-71.0530178348916,42.3791306072401],[-71.0524711035872,42.379194344545],[-71.0518376628094,42.3790742682402],[-71.0513169030459,42.3788088789389],[-71.051055398029,42.3785403708206],[-71.0507092555629,42.3783464703104],[-71.0502446068622,42.3781522392174],[-71.049982760636,42.3779976438585],[-71.0498098570827,42.3778909984351],[-71.0496656246182,42.3778087342115],[-71.0495221307435,42.3777842374676],[-71.0493848045706,42.3777847693612],[-71.0492837037571,42.3777507440455],[-71.0492086885435,42.3776989114408],[-71.0491088585234,42.3776099926853],[-71.0490195135972,42.3776203396519],[-71.0489469710067,42.3776517372889],[-71.0489161003004,42.3776561625482],[-71.0488887613226,42.3776600667894],[-71.0488745156644,42.3776219105781],[-71.0489081926565,42.3775764459031],[-71.0490053627448,42.3775435904063],[-71.0491055450798,42.3774818809602],[-71.0492104180232,42.3774562844353],[-71.0492901974361,42.3774200260392],[-71.0493956536196,42.3773505146891],[-71.049480330141,42.3772628536592],[-71.0495910598773,42.3771839943907],[-71.0496708623956,42.3770731814814],[-71.0497128057154,42.3769557518807],[-71.0497294356273,42.3768110623731],[-71.0498500933512,42.3766595092278],[-71.0499677502313,42.37657318867],[-71.0500461551931,42.3764510711239],[-71.0501207654378,42.3763315544778],[-71.0502064273849,42.3762412976749],[-71.0502792364282,42.3761229773129],[-71.0503196715131,42.3760810904348],[-71.0503930837643,42.3759396981964],[-71.0506112065563,42.3757968822975],[-71.0508355947672,42.3756398414642],[-71.0509961352618,42.3755344992051],[-71.0511100072917,42.3753695300347],[-71.051288601505,42.3752596446515],[-71.0514386395401,42.3751060649731],[-71.0515870752282,42.3749923843659],[-71.0516479345975,42.3748388411841],[-71.0517707870473,42.37473107779],[-71.0519896186709,42.374604909524],[-71.0521441768625,42.3745669931291],[-71.0523068879297,42.3744823247822],[-71.0524465309594,42.3743843203343],[-71.0526202580397,42.3743244232884],[-71.0528412907852,42.3742419867121],[-71.0531344766107,42.3741233175169],[-71.0533272793054,42.3740656914429],[-71.0536362148712,42.3740388021412],[-71.053874996033,42.3740236157934],[-71.0540177796828,42.3740423630217],[-71.0541825537105,42.3740898019135],[-71.0543922741877,42.3741551903992],[-71.0545637709281,42.3742435798735],[-71.0546496076639,42.3742952587063],[-71.0548154063502,42.3743622146563],[-71.0549062082867,42.3744387249638],[-71.0549490139577,42.3745206571824],[-71.0549232358697,42.374592897156],[-71.0549810486155,42.3746436650161],[-71.0550952810502,42.3746084050218],[-71.0551462462991,42.3746295953447],[-71.0551388431757,42.3746950117515],[-71.0550867428392,42.3747550571311],[-71.0550243514254,42.3747671092118],[-71.0549464455088,42.3747559100769],[-71.0548633183583,42.374716276291],[-71.0547664018127,42.37471417129],[-71.0547422888526,42.3746299044942],[-71.0546842989934,42.3745675026397],[-71.0545734795174,42.3745550392572],[-71.0544637850679,42.374486879551],[-71.0543540737442,42.3745075230204],[-71.0542540649851,42.3745731906573],[-71.05421211741,42.3745631248553],[-71.0542159707634,42.3745153451013],[-71.0542053161004,42.3744406909479],[-71.0541578540009,42.3744470506767],[-71.0540935625555,42.3744584430292],[-71.0540433544665,42.3745217545759],[-71.0539806063675,42.3745060755995],[-71.0539295570243,42.3744073883402],[-71.0538465832942,42.3744068743479],[-71.0537863364681,42.3744871954878],[-71.0538045050343,42.3745591376724],[-71.0538186410456,42.374598780443],[-71.0537685992827,42.3746752049227],[-71.0537408711092,42.3747696337273],[-71.053645406963,42.3747294163396],[-71.053717630148,42.3746146934619],[-71.0536229384815,42.3745672668073],[-71.0534968326688,42.3746238736273],[-71.0533906226487,42.3747248087985],[-71.0532881510844,42.3748182202159],[-71.0531882533504,42.3747817961035],[-71.053067794824,42.3748047282564],[-71.0529557870167,42.3748583138156],[-71.0528949232165,42.3749108946236],[-71.0528718113251,42.3749771189799],[-71.0528831363706,42.3750332647159],[-71.0529292476709,42.3750777620302],[-71.0529420401868,42.3751176587565],[-71.0530099973184,42.3751490867398],[-71.0530576517828,42.3751427115162],[-71.0530984795616,42.3751852660826],[-71.0530954910295,42.3752493038599],[-71.0531553340007,42.3752790120833],[-71.0532190791235,42.3753419050561],[-71.0533147524525,42.3753557901453],[-71.0533771448908,42.3753437222796],[-71.0534256566985,42.3754202617582],[-71.053541013077,42.375392161409],[-71.0536084135586,42.3754610186569],[-71.0536955485703,42.3754310703464],[-71.0537860640401,42.3754076286066],[-71.0538581232344,42.3753290080129],[-71.0539932296727,42.3753132270656],[-71.0540789832707,42.3752985082376],[-71.0541862253447,42.375255809234],[-71.0542683239441,42.3752111323455],[-71.0543810210375,42.3751620276301],[-71.0544628573017,42.3751417525353],[-71.0545484308284,42.3750645377117],[-71.0545984009504,42.3750254023368],[-71.0547617911968,42.37500886085],[-71.0548281397959,42.3749758895034],[-71.0548862504728,42.3749683505537],[-71.0549392790856,42.3749398154052],[-71.0550079071199,42.3749400808991],[-71.0550726229965,42.3748812209268],[-71.0551417365721,42.3748733399741],[-71.0551999731572,42.3748382644635],[-71.0552523068807,42.3747674642526],[-71.0552928866648,42.3747428755405],[-71.0553700369258,42.374758960467],[-71.0554364371263,42.3747153586433],[-71.0554288544872,42.3746668577268],[-71.0553328388003,42.3746616728869],[-71.0552943225618,42.3746396532701],[-71.0552321732734,42.3745660119285],[-71.0552168322217,42.3745277101807],[-71.0551976513969,42.3744616477619],[-71.0551795809462,42.3743771369895],[-71.0550988495738,42.3743046104333],[-71.0550085630139,42.3742813959784],[-71.055008491251,42.3742291215672],[-71.0549535915864,42.3741632552111],[-71.0549276693576,42.3741054486203],[-71.0548012723819,42.3740788266259],[-71.0547170470231,42.3740288255756],[-71.0546627321651,42.3739824168461],[-71.0545363135353,42.37395571926],[-71.0543667885312,42.3739331250687],[-71.0542589287213,42.373883098976],[-71.0541338744763,42.373843577966],[-71.0540326110965,42.373831543881],[-71.0539083024271,42.3738381571321],[-71.053807910772,42.3738064116489],[-71.0537542690321,42.373766958267],[-71.0537557268403,42.3736881390262],[-71.0538504366098,42.3736066060526],[-71.0539888610728,42.3735385387705],[-71.0541325149207,42.3734992486392],[-71.0542561059411,42.3734648280377],[-71.0544197943365,42.3733974097046],[-71.0545646047957,42.3733314390467],[-71.054724488179,42.3732392683007],[-71.0551655227132,42.3731597345169],[-71.0554350720444,42.373113717291],[-71.0557043609403,42.3730678154292],[-71.055790135932,42.3730640015307],[-71.0558764349741,42.3730513644122],[-71.0559736606429,42.3730347663186],[-71.0561113677806,42.3729784689815],[-71.0562145240776,42.3729149513037],[-71.0563300944008,42.3728266020961],[-71.0564578632349,42.3727859106493],[-71.05658882436,42.3727576752038],[-71.0567094261836,42.3727360687167],[-71.056869504182,42.372678193602],[-71.056983726172,42.372629284423],[-71.0570893421166,42.3725619645609],[-71.0572570301567,42.3724633936811],[-71.0573481302958,42.3723797713562],[-71.0574525446627,42.3722617769651],[-71.0576001948587,42.3721547629565],[-71.0577209701168,42.3720823527916],[-71.0578683529884,42.3719731478292],[-71.057972497646,42.3718806078911],[-71.0581071662443,42.3717827195262],[-71.0582922256554,42.3716492390721],[-71.0583945954924,42.3716041105677],[-71.0584950991997,42.3715711930055],[-71.0586742612248,42.3715154528514],[-71.0587951458067,42.371483565938],[-71.0589368229978,42.371453488562],[-71.0591113800526,42.3714260776222],[-71.0592283175303,42.3714138897107],[-71.0593703470873,42.3713849497282],[-71.0594800519978,42.3713512642636],[-71.0595274265297,42.3713182258951],[-71.059582480148,42.3712441580883],[-71.0596314030482,42.3711991497674],[-71.0597283261013,42.3711348027853],[-71.0596904060343,42.3710919942404],[-71.0598833831044,42.3709973940601],[-71.0599682720641,42.3710556925794],[-71.060078654936,42.3709859813386],[-71.0600302413668,42.3708962740674],[-71.0601262901094,42.3708521812078],[-71.0601838339745,42.3709141691571],[-71.060559224185,42.370715298992],[-71.0602604810734,42.3703423714489],[-71.0603688334426,42.3702937791141],[-71.060679211312,42.3705997011629],[-71.0607965918691,42.3705364259146],[-71.0608613615252,42.3705057265661],[-71.0609123410132,42.3704873264532],[-71.0609436029787,42.3704632517479],[-71.0609926208859,42.3704043285042],[-71.0610523686317,42.3703566865922],[-71.0607097003555,42.3700930298427],[-71.0607878784917,42.3700497373263],[-71.0611443043377,42.3703090337432],[-71.0611521873609,42.3703050523721],[-71.0611980161886,42.3702720157741],[-71.0612413190881,42.3702424210384],[-71.0612804417498,42.3702191701567],[-71.0615268133125,42.3702902430215],[-71.0615831528487,42.3702935917114],[-71.061718170427,42.3703115643892],[-71.061862909842,42.3703578462774],[-71.0620906774631,42.3704220944633],[-71.0621572524877,42.3704561025421],[-71.0623839275678,42.3705203459848],[-71.0624945662988,42.3705190285572],[-71.0626376026578,42.3705526000752],[-71.0628190639981,42.3706083887698],[-71.0629303367417,42.3706229854001],[-71.0630722520983,42.3706475932203],[-71.0632180844485,42.3706533703015],[-71.0634176456146,42.3706636132961],[-71.063566470054,42.3706669777099],[-71.0636772149895,42.3706911405827],[-71.0638436994594,42.3707256603258],[-71.06394513486,42.3707515175757],[-71.0640648314916,42.3707834611116],[-71.0641581615523,42.3708063540853],[-71.0642232654304,42.3708300008426],[-71.0641846747963,42.3708971800594],[-71.0642446140854,42.3709261474724],[-71.0643669361182,42.3709958834344],[-71.0645044498928,42.3710739587429],[-71.0646188509463,42.3711663876069],[-71.0647082101148,42.3712325051309],[-71.0648795664648,42.3713569733724],[-71.0650214786252,42.3714463050903],[-71.0651175685006,42.3715040237075],[-71.0652721387568,42.3716309768263],[-71.0653507696165,42.3717627072618],[-71.0654564854989,42.3718728948764],[-71.0655262092707,42.3719346586965],[-71.065634493201,42.372000863674],[-71.0657070431183,42.3720318920085],[-71.0658256601231,42.3719835255255],[-71.0659010526034,42.3720355660457],[-71.0658272202547,42.3720846197954],[-71.0658423443672,42.3721044750249],[-71.0659068592108,42.3721616810031],[-71.0659564951151,42.3722339322157],[-71.0660655975484,42.3723370367897],[-71.06625183995,42.3724626956639],[-71.0663397720508,42.3725139056667],[-71.0665288528,42.3726038144407],[-71.0666984153549,42.3726621511965],[-71.0668181096664,42.3726951615442],[-71.0670483688678,42.3727777197759],[-71.0673096374258,42.372835138814],[-71.0676685364057,42.3729350360165],[-71.0678947146222,42.3729701836845],[-71.0681142012177,42.3730048962818],[-71.0683533180471,42.3730451059254],[-71.068492451756,42.3730572694654],[-71.0686895379464,42.373112689573],[-71.0688564483817,42.3731240793134],[-71.0690192771675,42.3731787185916],[-71.0692363419146,42.3733060926297],[-71.0692857065344,42.3733526681268],[-71.069341613627,42.3733769460944],[-71.0694521367846,42.3733966230931],[-71.069574512982,42.3734036330815],[-71.0696469084815,42.3734595292676],[-71.069635665649,42.373521664549],[-71.0696129387461,42.373601875206],[-71.0695840611917,42.3736965040324],[-71.0695428285266,42.373808001528],[-71.069518571467,42.3739291816357],[-71.0695360713839,42.3740324163721],[-71.0695572314008,42.3741410635298],[-71.0696241082184,42.374241198631],[-71.0697035628653,42.3743414559538],[-71.06973374961,42.37443710801],[-71.0698044489872,42.3745172000925],[-71.0698906582709,42.3746087827261],[-71.0699851266719,42.3746908355667],[-71.0700884770745,42.3747828164073],[-71.0701466317629,42.3748497573497],[-71.0702151804143,42.374911447008],[-71.0702865433914,42.3749603941007],[-71.0703602913519,42.3749751776018],[-71.0704374305182,42.3749818756245],[-71.0704671841164,42.3749821956546],[-71.0704985461948,42.3749962775784],[-71.0705385508591,42.3750156902026],[-71.0706029156663,42.3750429324808],[-71.070690376668,42.3750699433467],[-71.0707371932014,42.3751086947334],[-71.070742417807,42.3751626012358],[-71.0706397107982,42.3752030677663],[-71.0705278523301,42.3752218299084],[-71.0704462765125,42.3752177896743],[-71.0702902772008,42.375233653959],[-71.0701816891835,42.3752637352272],[-71.0701203945108,42.3752723230016],[-71.0700263088162,42.3752946360088],[-71.0699564667361,42.3753004673118],[-71.0698639118966,42.3753330067234],[-71.0697523935739,42.375301701602],[-71.0696586220567,42.3752778170689],[-71.0695467651065,42.3752433013283],[-71.0694521496878,42.3752341304384],[-71.069352677144,42.3752380954678],[-71.0692639449522,42.3752521459415],[-71.0691977049177,42.3752735596725],[-71.0690922586063,42.3752791735388],[-71.0689732182316,42.3752650886753],[-71.0688914973578,42.3752724125418],[-71.0688134969672,42.3752845473093],[-71.068692800715,42.3752934632289],[-71.0685720552237,42.3753046352724],[-71.068461347384,42.3753165301319],[-71.0683219814235,42.3752996856942],[-71.0682073216043,42.3752944500013],[-71.0680983365198,42.3752735825259],[-71.0680175453688,42.3752635848551],[-71.0679222160093,42.3752500559411],[-71.0678291471182,42.3752422183138],[-71.0678368821428,42.3752417793713],[-71.0677578676085,42.3752340613415],[-71.0676430311357,42.3752019310569],[-71.0675865133882,42.375212424156],[-71.0674962549726,42.3752254479562],[-71.0673999251505,42.3752049616838],[-71.0672907804058,42.3751564222587],[-71.0671532674936,42.3751175956637],[-71.0670267649438,42.3751152392398],[-71.0669471627631,42.3751423511162],[-71.0668745599749,42.3751842647642],[-71.0667942309349,42.3751940577463],[-71.0667141094489,42.3752015198044],[-71.0666193117655,42.3752190136191],[-71.0665318636114,42.3752446164312],[-71.066483973784,42.3752592114406],[-71.0664133898577,42.3753205962502],[-71.0663211400182,42.3753461891613],[-71.0662368449428,42.3753458713444],[-71.0661793224749,42.3753598281894],[-71.0660756366334,42.3753699922304],[-71.0660159027905,42.3753760514858],[-71.0659075492819,42.3753716312224],[-71.0658239065569,42.3753780765137],[-71.0657021142342,42.3753905871002],[-71.0656012588988,42.3753841139211],[-71.0654570996447,42.3753924029865],[-71.0653407301561,42.3753718977889],[-71.0652606105601,42.3753691881691],[-71.065257880518,42.3753842959693],[-71.0653101389319,42.3753901094676],[-71.0653828384939,42.3753982649648],[-71.0654565761719,42.3754144555759],[-71.0655389516224,42.37542186195],[-71.0656766965258,42.3754268615332],[-71.0658540102825,42.375434141368],[-71.0659979260611,42.3754481979534],[-71.0660865697502,42.3754586946636],[-71.0661638860225,42.3754395976421],[-71.0663170834092,42.3754528781858],[-71.0665493759881,42.3754637822841],[-71.0667650631211,42.3754520924538],[-71.0668774756264,42.3754530506096],[-71.0670517610435,42.3754845279089],[-71.0672082690094,42.3754999591589],[-71.0673553023659,42.3754916787085],[-71.0675159203196,42.3755011161938],[-71.0676643273809,42.3755161152228],[-71.0677077194673,42.3755131276404],[-71.067762636668,42.3755142198581],[-71.0678345747464,42.3755283128883],[-71.0679201483188,42.3755527029754],[-71.0679999589965,42.3755907854675],[-71.0681677545927,42.3756600110921],[-71.0683259774025,42.3757413602248],[-71.0684054635519,42.3757907317456],[-71.0685132853938,42.3758186897945],[-71.0686075959495,42.3758726630749],[-71.0686606279358,42.375923807215],[-71.0686562104846,42.37592532837],[-71.0686607886179,42.3759514783927],[-71.0686273870409,42.3760116584531],[-71.0685321855807,42.3760353700604],[-71.0684788366691,42.3760851875894],[-71.0683892434081,42.3761046412469],[-71.0683091770684,42.3760774641742],[-71.068290006962,42.3761249946491],[-71.0683467855011,42.3761804318596],[-71.0683597640597,42.3762226006704],[-71.0683080483279,42.3763105245625],[-71.0682764206676,42.3763716471773],[-71.0682097176313,42.376515131708],[-71.06822082876,42.3765782282193],[-71.0681462155685,42.3766222745476],[-71.0681410354568,42.3766793512489],[-71.0681505091817,42.3767577435856],[-71.0681847177839,42.3768089509848],[-71.0682494652366,42.3769007885223],[-71.0682921792368,42.3769956187744],[-71.0682938092103,42.3770870773327],[-71.0683009028678,42.3771839300482],[-71.0683242117166,42.3772566830493],[-71.0683924937474,42.3773195761876],[-71.0684689729267,42.3773573115439],[-71.0685417131743,42.3774144130864],[-71.0685690823281,42.3774868469742],[-71.0685772808469,42.3775407730619],[-71.0685905260567,42.3776083569628],[-71.0685994077789,42.3776678849081],[-71.0686323306862,42.3777341970881],[-71.0686422996022,42.3777913305993],[-71.0686508619693,42.3778464614732],[-71.0686087651852,42.377923716013],[-71.0686247067047,42.3779909673708],[-71.0686770596947,42.3780361586268],[-71.0687423656147,42.3780844069939],[-71.068821166427,42.3781289702519],[-71.0688930297252,42.3781545032731],[-71.0689462514249,42.3781930119302],[-71.0689718254643,42.3782362223454],[-71.068974806398,42.3782999568662],[-71.0689469540134,42.3783528703373],[-71.0689850672186,42.3784234723598],[-71.0690703266587,42.3784433224439],[-71.0691432322343,42.3784631846974],[-71.069225568995,42.3784752599178],[-71.0693557731973,42.3784911914243],[-71.0694996786129,42.3785062464105],[-71.0696506596572,42.3785267264105],[-71.0698012840258,42.3785333737783],[-71.0699801456468,42.3785414636465],[-71.0700926143795,42.3785399367728],[-71.0702786944675,42.3785175077323],[-71.0704258361068,42.3784942560698],[-71.0705518098941,42.378479215505],[-71.0706253974532,42.3784534910568],[-71.070701528268,42.3784499559541],[-71.0709359696713,42.3784266365933],[-71.0712160039697,42.3784051414151],[-71.0712208068206,42.3785080526636],[-71.0709371682051,42.3785124774494],[-71.070813819359,42.3785376905348],[-71.0708443595143,42.378636619519],[-71.0706292907348,42.378650383553],[-71.0706244373928,42.3787144230652],[-71.070647754841,42.378827891669],[-71.0706762333524,42.3789083771049],[-71.0707267284496,42.3789619092786],[-71.070797926037,42.3790210093208],[-71.0708449135587,42.3790864958053],[-71.070775186452,42.3791428721387],[-71.0707814475935,42.3792052064711],[-71.0708318548838,42.3792717252898],[-71.0709048381346,42.3792936509255],[-71.0709773674072,42.3793143797479],[-71.0710295792176,42.3793957475189],[-71.0710270285792,42.3794909343912],[-71.0710115399455,42.379594104246],[-71.0709594896522,42.3797165263561],[-71.0708033061856,42.3797545872838],[-71.0706566158514,42.3798172116845],[-71.0705590271995,42.3798746873301],[-71.0703894586804,42.3798669590113],[-71.0702581539473,42.3798416729213],[-71.0701862198268,42.3798394653335],[-71.0702100879289,42.3798818082908],[-71.0703190233069,42.3799062838174],[-71.0704562124591,42.3799298702334],[-71.070587094711,42.3799526724433],[-71.0707110605422,42.3799947370134],[-71.0708443915096,42.3799872784452],[-71.0709652991333,42.3800049702205],[-71.0711082581346,42.3800504396953],[-71.071214588106,42.3800769020179],[-71.0713547651265,42.380150365646],[-71.0715671219466,42.3801516246664],[-71.0717702029164,42.380191015899],[-71.071838857524,42.3802015173022],[-71.0720377516241,42.3802583422196],[-71.0722654089971,42.3803573352981],[-71.0724567563227,42.3804401472509],[-71.0726420270686,42.38053817976],[-71.0727722570761,42.3807095505435],[-71.0728080977704,42.3808487466796],[-71.0728098363664,42.3809668230069],[-71.0727980366131,42.3810732827594],[-71.0727562209885,42.3812161350904],[-71.0727711834431,42.3813623405509],[-71.0727887723439,42.3815085557572],[-71.0727732174358,42.381621887844],[-71.0726921226075,42.3818140017518],[-71.0726815654331,42.3819316981005],[-71.0726748039825,42.3820665239906],[-71.0726189679155,42.3821871944284],[-71.0725943028694,42.382329107519],[-71.0725889607533,42.3824523723682],[-71.0725948854133,42.3825748099261],[-71.072622197392,42.3826450445952],[-71.0726114618647,42.3826990253374],[-71.0725422614077,42.3828355580906],[-71.0724741960698,42.3829675487273],[-71.0723895634417,42.3831190000486],[-71.0722954008421,42.3832677415885],[-71.0722353600371,42.3833748241714],[-71.072168951267,42.3834717207476],[-71.0722179063384,42.3834870125077],[-71.0722748385537,42.3834162218367],[-71.0723527244501,42.3833023861322],[-71.0724219957213,42.3831655194814],[-71.0725045544993,42.3830256935851],[-71.0725914703431,42.3828532574979],[-71.0727090918247,42.3827042016907],[-71.0727976854887,42.3827137569836],[-71.072968855978,42.3827107821546],[-71.07304968397,42.3826684272393],[-71.0731252673828,42.3825847350557],[-71.0732046043332,42.3824809995842],[-71.0732911771637,42.382414129215],[-71.0733168005008,42.3823070521431],[-71.0733666623648,42.3822279444052],[-71.0734235213577,42.3821659780345],[-71.0735541517053,42.3821183251172],[-71.0736500774546,42.3821487663841],[-71.0737752524466,42.3822398217078],[-71.073846361763,42.3822745165871],[-71.0740325191243,42.382298940289],[-71.0741598519745,42.3822973390918],[-71.0743184492052,42.3822211739377],[-71.074374414602,42.3821327283402],[-71.0744592499181,42.3820423837852],[-71.0745375926998,42.3819787580403],[-71.0746095532607,42.3818735234593],[-71.0747041826407,42.3817715817791],[-71.0748606269676,42.3817487599717],[-71.0750153031578,42.3817592263112],[-71.075135526616,42.3817703675031],[-71.0752376437024,42.3818188817581],[-71.0753648597788,42.3818361993895],[-71.0754429812298,42.3817533173364],[-71.0754759142693,42.3816566296238],[-71.0755253008684,42.3815924283547],[-71.0756153707305,42.3815548525974],[-71.07572623579,42.3815763883771],[-71.0758270075705,42.3816120605653],[-71.0759548638567,42.3816935628261],[-71.0760436245852,42.3817436317081],[-71.0761184414662,42.3818155783103],[-71.0762001549046,42.3818693651075],[-71.0763221935806,42.3818906071818],[-71.0764367166864,42.3817969607821],[-71.0764796983552,42.3817094023634],[-71.0765241651316,42.3816508654212],[-71.07651242373,42.3815744712722],[-71.0765775658353,42.3814482840593],[-71.0766930282281,42.3813892728908],[-71.0767396739706,42.3813453187516],[-71.0769629448576,42.3811563991855],[-71.0770724330551,42.3811039845319],[-71.0771813965092,42.3810170695238],[-71.0773061309288,42.3810142518742],[-71.0774228325126,42.3810917669529],[-71.0775453604696,42.3811526558602],[-71.0777039867327,42.3811774405374],[-71.0778559859279,42.3811007782935],[-71.0779449689969,42.3810517641452],[-71.0780944519544,42.3810159421106],[-71.0782004818364,42.3809782222897],[-71.0781942049804,42.3809205015041],[-71.0781539066773,42.3808478805309],[-71.0780996352244,42.3807915214604],[-71.078097131554,42.3807359539345],[-71.0780303795915,42.3806731976242],[-71.0780402278411,42.3805757559247],[-71.0781941272594,42.380551917401],[-71.0783728364026,42.3805821902286],[-71.0785546206711,42.3805840597268],[-71.0787039752396,42.3805672907374],[-71.0788747775065,42.380552672639],[-71.0789958354583,42.3806024563296],[-71.079155516744,42.3805905382631],[-71.0792623298708,42.3805585700502],[-71.079359926287,42.380498889154],[-71.0794767110951,42.3805098795315],[-71.0796313756899,42.3804844373112],[-71.0798146507696,42.3804366353586],[-71.0799644140306,42.3804108405039],[-71.0801612489553,42.380456420173],[-71.0802437209746,42.3805048583004],[-71.0803844429973,42.3806049220339],[-71.0805214796699,42.3806488789588],[-71.0806490838377,42.3806092298309],[-71.0807148367778,42.3805952289008],[-71.0808082882112,42.3806164957511],[-71.0808721654137,42.3806678073856],[-71.0809385705667,42.3807288893435],[-71.0810044757559,42.3808008003076],[-71.0809948220331,42.3807470788154],[-71.0809721570509,42.3806938447898],[-71.0809016468211,42.3806415730476],[-71.0808312923095,42.3805624252318],[-71.0807779793861,42.3805362903787],[-71.0808955055978,42.3805460117295],[-71.0809865762934,42.3805472126007],[-71.0810804075943,42.3805400663014],[-71.0811619043789,42.3805146230041],[-71.0810276975868,42.3804926731681],[-71.0808937419505,42.38048556639],[-71.080755851895,42.3804615302447],[-71.0806766160959,42.3804825689202],[-71.0805952508244,42.3805000563462],[-71.0804640718364,42.3805229780765],[-71.0803806769715,42.3804522064341],[-71.0803552767857,42.3803662022715],[-71.0802906654455,42.380303329725],[-71.0801465272874,42.3802697094702],[-71.0800647343807,42.3802310934013],[-71.0800888954723,42.3801777041764],[-71.0801573041615,42.3800981096156],[-71.0802605291078,42.3799798815734],[-71.0803353070831,42.3798967332816],[-71.0802719742766,42.3799283179155],[-71.0801328663916,42.3800318986437],[-71.080037156543,42.3801454907138],[-71.0799936142179,42.3802114451869],[-71.0799307126227,42.3802323424095],[-71.0798181040774,42.3802562003526],[-71.0796616307326,42.3802859150761],[-71.0795391286537,42.3802922868654],[-71.0794160915531,42.3803248645968],[-71.0793215840378,42.3803506518718],[-71.0791826773211,42.3803575650103],[-71.0790269121341,42.3804027338361],[-71.078899374581,42.3803798114158],[-71.0787088287081,42.3803395928333],[-71.0785757447501,42.3803100225205],[-71.0784007869377,42.380231158552],[-71.0782191380259,42.3801804166741],[-71.0780942492149,42.3801018778584],[-71.0779859062986,42.380054003495],[-71.0779286771066,42.3799528391392],[-71.077849606023,42.3798816135019],[-71.0776902470081,42.3798471905184],[-71.077601191068,42.3798415233539],[-71.0774490299877,42.3798449760124],[-71.0773343012958,42.3798487080711],[-71.0772437974622,42.3798303157221],[-71.0770687015733,42.37972029373],[-71.076954781695,42.3796031505024],[-71.0768578666093,42.3794918027117],[-71.0768726031395,42.3795669960904],[-71.076953910666,42.3796777516167],[-71.0770235585217,42.3797538238103],[-71.077165991996,42.3798835072111],[-71.0773209952362,42.3799523463911],[-71.0774444218439,42.3800369730477],[-71.0775584208509,42.3801391484019],[-71.0775938586121,42.3802760684025],[-71.0775651304769,42.3804036602137],[-71.0775495261065,42.3805290939175],[-71.077487927331,42.380636574689],[-71.0773824685623,42.3807507806098],[-71.0772390088919,42.3807759267],[-71.0770668073872,42.3807164594317],[-71.0769205802395,42.380708768057],[-71.0768304113125,42.3807109101457],[-71.0765625058284,42.3806941461067],[-71.0764881862231,42.3807096508476],[-71.0763374562274,42.3807717410938],[-71.0761907599427,42.3808878666354],[-71.0760811657551,42.3809594012278],[-71.0759893732302,42.3809716321161],[-71.0758509822022,42.3810224014733],[-71.0756265397367,42.3809521091412],[-71.0754947009652,42.3809133804217],[-71.0752876671476,42.3808274402104],[-71.0750949225202,42.3807941690346],[-71.0749946129437,42.3807453270261],[-71.0748443592536,42.380696099799],[-71.0747807152824,42.3806108221902],[-71.0747894172392,42.3805253439566],[-71.0748368601939,42.3804299803135],[-71.0749004224519,42.3803496522321],[-71.0749255379392,42.3803142438418],[-71.0749603247243,42.3802251848187],[-71.0749787976427,42.3801198192069],[-71.075003217798,42.3800285155798],[-71.0750764962019,42.3799514992934],[-71.0751409942324,42.37985760251],[-71.0751525755161,42.3797830409569],[-71.0750540687631,42.3796942751533],[-71.0749412193337,42.3795911655352],[-71.074879216715,42.3795351858505],[-71.0748046729165,42.3794064692392],[-71.0747997616871,42.3793221524552],[-71.0747964825822,42.3792566202317],[-71.0747925911683,42.3791664822757],[-71.0748133934372,42.3790499601132],[-71.0748923892631,42.3789539776009],[-71.0749513325935,42.3789065846712],[-71.0748170491268,42.3789471555257],[-71.0746680526354,42.3789110952003],[-71.074608620307,42.3788736359632],[-71.074615350174,42.3788132218879],[-71.0746639789412,42.378702284926],[-71.074688108747,42.3786407317435],[-71.074648722621,42.3785439105282],[-71.0745496521932,42.378428741912],[-71.0744837880964,42.3783421270859],[-71.0744717070573,42.3782613856808],[-71.0745959972533,42.3782718739401],[-71.0746554020571,42.3782613880732],[-71.0746186177203,42.3782202017035],[-71.0745749666192,42.3781391513542],[-71.0746137186609,42.3780603947197],[-71.0746145929341,42.3779857183829],[-71.0745631009967,42.3778655275273],[-71.074534995194,42.3777809159927],[-71.0744906408453,42.3777005817166],[-71.074467999918,42.3776447473607],[-71.074479198219,42.3775903084597],[-71.0745251718728,42.3774316172532],[-71.0745746815587,42.37734877197],[-71.0745567695711,42.3772501413835],[-71.0745311617098,42.3771980484264],[-71.0745921213307,42.3770769195407],[-71.0746909617347,42.376900840271],[-71.0747700662254,42.3767749144989],[-71.074887316181,42.3766132857739],[-71.0750486543139,42.3764607703153],[-71.0751580921665,42.3763729312578],[-71.0752810664254,42.3762398044704],[-71.0753535991605,42.3761556314745],[-71.0754432449554,42.3760172251089],[-71.0755840797157,42.3758845734069],[-71.0756736238323,42.3758183055072],[-71.0758056715487,42.3757167682636],[-71.0758869919452,42.3756531525213],[-71.0766763323851,42.3754521535087],[-71.0770411625562,42.3755038306568],[-71.0773149318997,42.3755287049604],[-71.0779243780443,42.3753006944897],[-71.0785931019787,42.3752035287621],[-71.0790082700481,42.3751687370091],[-71.0795987482768,42.375176453946],[-71.0802704494227,42.3750767487824],[-71.0805952325123,42.3750096637008],[-71.0809738295165,42.3748514633906],[-71.081398834566,42.3747211597811],[-71.0819734799544,42.3746527901882],[-71.0823804314169,42.3746205722136],[-71.0827064278598,42.3747259105354],[-71.0830093718204,42.3748660722267],[-71.0839894571468,42.3748307181622],[-71.0844811925187,42.3747843581624],[-71.0848549327121,42.3747857075383],[-71.0854018795834,42.3747486270751],[-71.085765807355,42.3747715998845],[-71.0858102061392,42.3750845180764],[-71.0861127054177,42.3752939340802],[-71.0864105783227,42.3754941063361],[-71.0865411249397,42.3756228746966],[-71.0870027968187,42.3759107573501],[-71.0873677171406,42.3760746637077],[-71.0879545176492,42.3761915525542],[-71.0883982872777,42.3761022905605],[-71.0887943908942,42.3762572113516],[-71.0893687421704,42.3764016688597],[-71.0897810419162,42.3763558049055],[-71.0903619650651,42.3763492503853],[-71.0907333369065,42.3764219088625],[-71.0910299394227,42.3763614550342],[-71.0910929600394,42.3761972102676],[-71.090603196068,42.3760669603771],[-71.0902844256209,42.3760540669792],[-71.0899411022502,42.3759931401809],[-71.0901352218305,42.3758270900064],[-71.090341519036,42.3757732609662],[-71.0908695103262,42.375684297701],[-71.0914718302303,42.375810508599],[-71.0920149054067,42.3759113261271],[-71.0925614650927,42.3759894052514],[-71.092998173824,42.3760713218947],[-71.0933728421935,42.3762240032555],[-71.0936532103161,42.3763600538815],[-71.0937374453995,42.3764839703922],[-71.0939651710731,42.3766333896237],[-71.0941059109181,42.3764376603515],[-71.0943344512697,42.3762879792466],[-71.0945249432639,42.3762131606714],[-71.0945037051558,42.3759938776934],[-71.0945014148121,42.3757744943478],[-71.0944978848513,42.3756377003724],[-71.0944292491656,42.3755664476777],[-71.0943982986198,42.375529508578],[-71.0943124767349,42.3754842778919],[-71.0942004874144,42.3754138081595],[-71.0932872729996,42.3752122928989],[-71.0925536254256,42.3751908346389],[-71.0923561900047,42.3750175181231],[-71.0918737285989,42.3750124645899],[-71.0915081723882,42.3750700599641],[-71.0910955960997,42.3751619352497],[-71.0907799392206,42.3753113084617],[-71.0903265646679,42.3754509641446],[-71.089920213161,42.3756112439967],[-71.0894390478131,42.3757392224553],[-71.0891737312486,42.3757448356189],[-71.0887553583024,42.3756470663067],[-71.0884521498408,42.3756957237673],[-71.0880238047358,42.3756444487611],[-71.0877104008991,42.3756144352672],[-71.0874254389982,42.375478361959],[-71.0873234684857,42.3751328873736],[-71.0872648866841,42.3748263372079],[-71.0870940221864,42.3744509221676],[-71.0869640255326,42.3742415933494],[-71.0867681289058,42.3741236304949],[-71.0866690443074,42.3738306903251],[-71.0864735237521,42.3737020311364],[-71.0866287197775,42.3735198679615],[-71.0868332971278,42.3731195928791],[-71.0869484546439,42.3728135325799],[-71.087390108728,42.3720241204671],[-71.0871979621793,42.3719541752657],[-71.0869799840811,42.3720170994779],[-71.0867921208091,42.3723128784726],[-71.0866738625158,42.3726398622016],[-71.08663158852,42.3730809517726],[-71.0865264752413,42.3733243440616],[-71.086310505254,42.3734929839617],[-71.0861871708067,42.3734495427555],[-71.0858429624049,42.3732494119054],[-71.085741542014,42.3729319425322],[-71.0853789417863,42.3728662525648],[-71.0849701377469,42.3727293170818],[-71.0844865932197,42.3725487365018],[-71.0838993751563,42.3726144740461],[-71.0831755696074,42.3724146161153],[-71.0824209263769,42.3724375523443],[-71.0816200482303,42.3725374688273],[-71.0811621388653,42.3726384953106],[-71.0805419574733,42.3726945434632],[-71.0800082492081,42.3726988806703],[-71.0792614695468,42.3727707561073],[-71.0786335880553,42.3728063743299],[-71.0778967326329,42.372768840167],[-71.0773290076494,42.3726400608703],[-71.0765704894001,42.3724582273072],[-71.0760903117148,42.3722365565922],[-71.0756099542591,42.3720287393731],[-71.0751045720298,42.3717884520159],[-71.0747745547329,42.3715242156556],[-71.0747161795944,42.3712199325286],[-71.0748918416914,42.370921336602],[-71.0751615222769,42.3704931085698],[-71.0753937399699,42.3701215035155],[-71.0758256065636,42.3698675010926],[-71.0762161496785,42.36973682205],[-71.0766091725477,42.3698988023093],[-71.0770000264557,42.3697248065267],[-71.0772413691337,42.3694309780718],[-71.077444597217,42.3693475597287],[-71.0774968069747,42.3693077707943],[-71.0775648681483,42.3692789378067],[-71.0776186555622,42.3692324020143],[-71.0776556242012,42.3691914873216],[-71.0776994123687,42.3691436444854],[-71.0777305188796,42.3691029673183],[-71.0777674761007,42.3690620525472],[-71.0778163382941,42.3690222511784],[-71.0778756765697,42.3689798222964],[-71.0779710103495,42.3689223321149],[-71.0780320771027,42.3688910746787],[-71.0781215484562,42.3688456724115],[-71.0782231114218,42.3687970384011],[-71.0782908844381,42.3687605821841],[-71.0783745311396,42.3687368118044],[-71.0784765968606,42.3686837083248],[-71.0785110672523,42.368637034464],[-71.0785298612094,42.3686038668467],[-71.0785590894032,42.3685591209841],[-71.0786042609384,42.3685064607794],[-71.0786851532712,42.3684613024301],[-71.0787453849049,42.3684351728614],[-71.0788329304649,42.3682319878798],[-71.0789494351105,42.3679582907011],[-71.0787760930418,42.367790788307],[-71.0783282784063,42.3677767120171],[-71.0780715781561,42.3675885699143],[-71.0782667352443,42.3673116852837],[-71.0788345441945,42.3669318177095],[-71.0793565184543,42.3667764791531],[-71.0797002212319,42.3667187004955],[-71.0801931318238,42.3668649126185],[-71.0805771590054,42.3668850336875],[-71.0806334233335,42.3667872258696],[-71.0802905990694,42.3666209713092],[-71.079847749681,42.3664679809376],[-71.0795796522741,42.3663296761503],[-71.0796866077397,42.3660284146801],[-71.0799120717306,42.3657713023933],[-71.0802181482346,42.3657292299786],[-71.0806487844108,42.3658709340319],[-71.0809076667423,42.3659475518584],[-71.0812757681086,42.3660727124619],[-71.0814940281653,42.3661148330675],[-71.081771399815,42.3663218965376],[-71.0820833964931,42.366453461041],[-71.0825073739612,42.3666338526841],[-71.0827663081812,42.3667700447914],[-71.0829971481449,42.3668737671152],[-71.0832373746327,42.3669230425546],[-71.0833436866588,42.3668914698729],[-71.0831099736028,42.3667601925822],[-71.082685764572,42.3665957227558],[-71.0822958321653,42.366420469718],[-71.0820961610615,42.3663073571059],[-71.0818189292877,42.3661437606119],[-71.0816193304361,42.3660216885266],[-71.0816198178257,42.3658389605983],[-71.0818512752471,42.3657393824335],[-71.0820525369313,42.3655534480006],[-71.0820018713387,42.3654201590964],[-71.0817833593283,42.3654556600036],[-71.0814737060389,42.3656554486004],[-71.0812079953589,42.3657659996282],[-71.0810484957435,42.3657562008001],[-71.0807400608196,42.3656083833609],[-71.080509005029,42.3655112661893],[-71.0803005491734,42.3653388074694],[-71.0803042960038,42.3650577524569],[-71.0805549753811,42.364520130171],[-71.0807848287754,42.3641043793852],[-71.081257088851,42.3636784209322],[-71.081394945278,42.3634312827128],[-71.0816833431535,42.3633085788332],[-71.0815663725012,42.3629181653734],[-71.0816213693639,42.362578462051],[-71.0812884379207,42.3622503174014],[-71.0812920399554,42.3620313053981],[-71.0814425029332,42.3619101139446],[-71.0817263141879,42.3618528467286],[-71.082155591151,42.3618010464883],[-71.0826247820272,42.3616142203803],[-71.0829393363982,42.3615853340978],[-71.0831499714029,42.3615921901106],[-71.0833356952976,42.3615625098058],[-71.0834516805526,42.3614877821277],[-71.0838774352244,42.3614500696426],[-71.0842192425774,42.3614544564907],[-71.0848403702036,42.3614567002764],[-71.0850963191771,42.3614665744455],[-71.0856654118146,42.3615404978336],[-71.086227853919,42.3617320719812],[-71.086580343684,42.3619109130146],[-71.0867112009559,42.3620948318445],[-71.0869544674588,42.3622957516309],[-71.0871577201351,42.3623601965523],[-71.0873086437547,42.3624396968558],[-71.0878801319201,42.3623794349138],[-71.0883049506675,42.362376944916],[-71.088776198445,42.3623881162118],[-71.0893694384573,42.3624069585092],[-71.089891604851,42.3622243535595],[-71.0904129997941,42.3621604238253],[-71.0907123015907,42.3623012297432],[-71.0910366731235,42.3624671872025],[-71.0910684263318,42.3623211497364],[-71.0908065925038,42.3621211170034],[-71.0905508163382,42.3619691088753],[-71.0904141876745,42.3617559404726],[-71.090620691162,42.3616039064143],[-71.0912297009074,42.361526779613],[-71.0915455252393,42.3613546155089],[-71.0918982358725,42.36143308796],[-71.0924100826232,42.3614768143089],[-71.092681899283,42.3613204032],[-71.0929354863984,42.3611387801684],[-71.0932981999062,42.3609392235798],[-71.0936603722608,42.3609867022344],[-71.0937685048588,42.3613027182521],[-71.093771097061,42.361544809867],[-71.0938830966833,42.3617782788084],[-71.0941296540638,42.3616926941329],[-71.0942275226306,42.361304530856],[-71.0944528536174,42.3611160521967],[-71.0950247769879,42.3609883640289],[-71.0956868907274,42.3607374375513],[-71.0961048199626,42.3605961737111],[-71.0963692541558,42.3605616007525],[-71.0969189668774,42.360536911059],[-71.0974775736999,42.3606285233245],[-71.0977864660746,42.3607350381918],[-71.0980669903479,42.3608939445342],[-71.0983161659073,42.3611647770445],[-71.0983997803613,42.3613687251407],[-71.0985896143543,42.3615708877875],[-71.0986808367811,42.3613449689537],[-71.0984164716437,42.3609689676119],[-71.0982236256774,42.3606044642534],[-71.0983398425214,42.3604156636227],[-71.0988546829293,42.3605002300232],[-71.0993671524538,42.3606729039574]]],[[[-71.0127593483364,42.3811293835089],[-71.0129876539823,42.3809921557774],[-71.0134272420824,42.3808435864568],[-71.0137193893487,42.3807065604093],[-71.0139977928647,42.380480287678],[-71.0140491212524,42.3804912016971],[-71.0142365165747,42.3804403791203],[-71.014522497579,42.3803088073134],[-71.0146849774956,42.3801482325875],[-71.0147277328617,42.3799337251885],[-71.0150332524774,42.3799099419421],[-71.0153011545422,42.3799717859175],[-71.0155562107566,42.3801317219611],[-71.0158057835294,42.3803469756285],[-71.0160242251609,42.3805547518132],[-71.0162865935091,42.3806552723092],[-71.0165173618904,42.3807151437795],[-71.0168395202223,42.380777203783],[-71.0171263891969,42.3806956386455],[-71.0173762333305,42.3807330574859],[-71.0176214799553,42.3808589757875],[-71.0179105963252,42.3809512475229],[-71.0182874586315,42.3810802564176],[-71.0186190293527,42.3811190844336],[-71.0188355276394,42.3812504958529],[-71.0189556251,42.3811834720501],[-71.0191632548595,42.3811530507342],[-71.0193506695601,42.3811023536399],[-71.0195490090662,42.3810142616918],[-71.0197993371035,42.380826501377],[-71.0200060443532,42.3806322739289],[-71.0201260213512,42.380508018419],[-71.0203319581972,42.3803942835468],[-71.0205779355776,42.3802549081925],[-71.0205356396768,42.3801705583848],[-71.0203750523297,42.3801563837989],[-71.0203613336979,42.3799691925649],[-71.0204635535267,42.3798540889888],[-71.0206677667581,42.379680375177],[-71.0209211711478,42.3794648125098],[-71.0212923295054,42.3793001498608],[-71.0216408051926,42.3791997838043],[-71.0219464965427,42.3791763088646],[-71.0221786195833,42.3792224688478],[-71.0225613644846,42.3792155670049],[-71.0227695781285,42.3792754660599],[-71.0229271397685,42.3792840755966],[-71.0231933765787,42.3793028213557],[-71.0232487456911,42.3791112534743],[-71.0232096736388,42.3789353232687],[-71.0232554200808,42.3788239862385],[-71.023576597363,42.378755509215],[-71.0238320416608,42.3787941574084],[-71.0239872801695,42.3788237407702],[-71.0241614148235,42.37871641949],[-71.0242791066567,42.3786531242025],[-71.024352087632,42.378493302331],[-71.0244638623484,42.378354901449],[-71.0245502848228,42.3784221161225],[-71.0246184999441,42.3784883111317],[-71.024634236102,42.3784837128478],[-71.0246136491028,42.3783658834167],[-71.024451609151,42.3782111072323],[-71.0243485757917,42.3780985027902],[-71.0242444684317,42.3779594015341],[-71.0241061589993,42.3777669484994],[-71.0240452995219,42.3775607756727],[-71.0240215785402,42.3773802960298],[-71.0237922499043,42.3774442572184],[-71.0233833465614,42.3774761430147],[-71.0230466536724,42.3774520745423],[-71.0225682163355,42.3774718855031],[-71.0221269813715,42.3775102431868],[-71.021640366397,42.3774919660488],[-71.0211537249403,42.3773834374728],[-71.0207434141733,42.3772915380789],[-71.020353266986,42.3771063297049],[-71.0201353597268,42.3769481553744],[-71.0199828582538,42.3768676912712],[-71.0197203897238,42.3767104249832],[-71.0194426152725,42.3765977382576],[-71.0188940510489,42.3763539643784],[-71.0185666630996,42.3761524232858],[-71.0181142648615,42.3759526224487],[-71.0178488906137,42.375846427168],[-71.0174042581215,42.3756679083961],[-71.0171023472039,42.3755289232538],[-71.0166531493258,42.3753584136464],[-71.0163200658708,42.3752193623038],[-71.0158546923162,42.3750201664992],[-71.0156628119531,42.374830302308],[-71.0156717301286,42.3746798267621],[-71.0158100120101,42.3745418800039],[-71.0160029726253,42.3745183642303],[-71.0162055044879,42.3744459319334],[-71.0163822374341,42.3743276769596],[-71.01665172758,42.3742717132482],[-71.0171079050796,42.374235654001],[-71.0177061370997,42.3741322529705],[-71.0181674050077,42.3741379383466],[-71.0186984746629,42.3740917483313],[-71.0189606756373,42.3739979156995],[-71.0192728216498,42.3739287443566],[-71.0194478134139,42.3736129718101],[-71.0195862756104,42.3734498911883],[-71.0198304354711,42.3733075596359],[-71.0199460203508,42.3731914508092],[-71.0201954776645,42.3730176590296],[-71.020563864323,42.3728570570319],[-71.0208269315795,42.3728367670929],[-71.0211598685733,42.3728548678776],[-71.021554086095,42.3729249703524],[-71.0217943713979,42.3729618051628],[-71.0219974260894,42.3729394411814],[-71.0221725178974,42.3729394415472],[-71.0224902859155,42.3729858230725],[-71.0226905845707,42.3730150019647],[-71.0231081593564,42.3731446992414],[-71.0234473474773,42.3734822563403],[-71.0238647084439,42.3738086448497],[-71.0242704084957,42.3741529766136],[-71.0247311429815,42.3744426944018],[-71.0250211606117,42.3747035668865],[-71.0253772781382,42.3748768689294],[-71.0258168174751,42.3750123297549],[-71.0268770741542,42.3751282052729],[-71.0271358845842,42.3752712079141],[-71.0274743943156,42.3755093496613],[-71.0277091874365,42.3755845841858],[-71.0279434286086,42.3756100154837],[-71.0282356475544,42.3756508022357],[-71.0281985676146,42.3757864377392],[-71.0281604671172,42.3759122994901],[-71.0283619183955,42.37591092765],[-71.0286805272119,42.3758697705988],[-71.0289697701992,42.3758245645517],[-71.0291602508738,42.3758932799004],[-71.0293208660297,42.3759479496676],[-71.0295015777259,42.3760466267722],[-71.0295325271868,42.3761513936696],[-71.0294720914111,42.376276963916],[-71.0295886455425,42.376365291315],[-71.0307071201796,42.3752728619302],[-71.0309009651298,42.3751296498815],[-71.031037351636,42.3750271033523],[-71.0309609395063,42.3748727521506],[-71.0309165627256,42.3747287022245],[-71.0311298165062,42.3747402688194],[-71.0313953870552,42.3747493069894],[-71.0315387666835,42.3746276002484],[-71.0317296992304,42.3744616350306],[-71.0317783927961,42.3743394923682],[-71.0317667670483,42.3741316435717],[-71.0316226272434,42.374018343379],[-71.0315194679635,42.3741638732406],[-71.0314803202797,42.3743606091519],[-71.0313885556228,42.3745030346366],[-71.031257407552,42.3744358433817],[-71.0310909560808,42.3744602365693],[-71.0310866360645,42.3742904092578],[-71.0311452299279,42.3741450240835],[-71.031001437849,42.3739105035026],[-71.0308550999667,42.3737275947012],[-71.0308293093144,42.3736079399204],[-71.030726023195,42.3734787593922],[-71.0307271482849,42.3732299119326],[-71.030869213332,42.3731863737892],[-71.0308603142863,42.3731218952011],[-71.0306678158017,42.3731072621026],[-71.0304822254851,42.3730639081421],[-71.0302704626318,42.3729980580944],[-71.0300269064527,42.3729153717386],[-71.0298102253575,42.3729047919223],[-71.0295704173697,42.3729986739438],[-71.0295852929134,42.3728398227801],[-71.0297156742379,42.3727426770354],[-71.0297474088283,42.3726219283482],[-71.0298381764725,42.3725910100473],[-71.0300876461651,42.3725071203519],[-71.030231130848,42.3724665221679],[-71.0304067705422,42.3724426357458],[-71.0308834365147,42.3723628807534],[-71.0310826191945,42.3724227280862],[-71.0313576841725,42.3722944713606],[-71.0315978994318,42.3722909703069],[-71.0318057415513,42.3722773167194],[-71.0320332769212,42.3722342503455],[-71.0325590573027,42.3721696643043],[-71.0328775162173,42.3721687600201],[-71.0332585133303,42.3721758473816],[-71.0335060972515,42.372079373423],[-71.0338277114827,42.3719469621917],[-71.0341354901154,42.371902478538],[-71.0344487328254,42.3718766025692],[-71.0347467926439,42.371855478082],[-71.0352168929351,42.3713917826785],[-71.0356294009836,42.3710100876158],[-71.0360275011219,42.3706759355142],[-71.0362922560575,42.3704972900523],[-71.0363579055987,42.3703727901567],[-71.0362995774074,42.3701627644226],[-71.0362397148784,42.369989896901],[-71.0361418440658,42.3698623308504],[-71.0360289435474,42.3697157332575],[-71.0358859983651,42.3696119870183],[-71.0356923109878,42.3694167167168],[-71.0354556885711,42.369201098415],[-71.0355871879115,42.3691704570791],[-71.0358091324797,42.369125622392],[-71.0360328578266,42.369083803051],[-71.0363535688828,42.3689964598194],[-71.0368127159719,42.3688666503994],[-71.0374378760174,42.3686464719515],[-71.0379581900189,42.3685601106313],[-71.0385888222758,42.3685034063039],[-71.0391411801684,42.3685229284795],[-71.0396364380436,42.368633154114],[-71.0399274437878,42.3689085764767],[-71.0402099463185,42.3691665059102],[-71.040568445335,42.3694136398424],[-71.041015461586,42.3695367625039],[-71.0415386658882,42.369649030257],[-71.042026962913,42.3698009368714],[-71.0424184523958,42.370074137023],[-71.0430134214738,42.3702768826336],[-71.0434278118941,42.3705136660711],[-71.04371544708,42.3708098495811],[-71.0436868291462,42.3712772622034],[-71.0433357265567,42.3715026578503],[-71.0429771416164,42.3716152257464],[-71.0425596885153,42.3717886661902],[-71.0421068183687,42.371971792196],[-71.0415867300306,42.3721981059371],[-71.0410918682387,42.3724623593118],[-71.0404408432126,42.3728790235705],[-71.0400272917735,42.3732809893025],[-71.0397417094202,42.373668414329],[-71.0394683219145,42.3741622075429],[-71.0394169677504,42.3745557924268],[-71.0394160603298,42.3750255209626],[-71.0393957720224,42.3752607863337],[-71.039397329602,42.3757897687194],[-71.0393828487112,42.3762180663774],[-71.0394165542332,42.3766183430906],[-71.0393341721102,42.3769354439547],[-71.0393494026366,42.3772708617954],[-71.0393652986277,42.3777609903371],[-71.0393892386354,42.3781139679798],[-71.0395000603631,42.3786730052716],[-71.0396975963629,42.3790341571897],[-71.039903328604,42.3794124486439],[-71.0400071921329,42.3797636813978],[-71.0401451951024,42.3801558752769],[-71.0403017383801,42.3806277116593],[-71.0404078589392,42.3810381050065],[-71.0403896702614,42.3814577628428],[-71.0402604559152,42.3818174739844],[-71.0400347644406,42.3821733895579],[-71.0398523033458,42.3823615987928],[-71.0396463422962,42.3825337348007],[-71.0392180992079,42.3826916757889],[-71.038927363888,42.3827403865868],[-71.038499481801,42.3827495687651],[-71.037996791685,42.3827514958085],[-71.0370655667857,42.3828563288814],[-71.0363316443133,42.3828594574326],[-71.0357785692892,42.3828223944533],[-71.0352170510918,42.3827578163299],[-71.0342375815012,42.382673492718],[-71.0334279198055,42.3826034215643],[-71.0331303088967,42.3825568180963],[-71.0326912277875,42.3824218555887],[-71.0319919379036,42.3823520219898],[-71.0312814018171,42.3824400554486],[-71.0307073700224,42.3823614979596],[-71.030320151039,42.382236833373],[-71.0295039667998,42.3821493250074],[-71.0288088053831,42.3819634913307],[-71.0282513533483,42.3817637769819],[-71.027472968474,42.3815638881317],[-71.0269250159364,42.3815675197158],[-71.0267965012127,42.3815824352555],[-71.0261365941078,42.3816759937741],[-71.0258500999082,42.381783724123],[-71.0254556996793,42.3819207602753],[-71.0250208859205,42.3821823841675],[-71.0247390414013,42.3824148200183],[-71.0246045384294,42.3826262022975],[-71.0243764858783,42.3829227083296],[-71.0241713652959,42.3830731584681],[-71.0238932743895,42.3832133445425],[-71.0236076274118,42.3833508243622],[-71.0234728585258,42.3835473618537],[-71.0232640542898,42.3838285013177],[-71.0229935443383,42.3842063277912],[-71.0227552775758,42.3845654335773],[-71.0226473515381,42.3848595594703],[-71.0226036769075,42.3850063307762],[-71.0224690842593,42.3852025334887],[-71.022332166569,42.3853243809867],[-71.0219250102151,42.3855939971139],[-71.0214398755416,42.3858500497239],[-71.0209765998629,42.3860757711967],[-71.0203096369351,42.3861900596922],[-71.0195571209456,42.3862626024027],[-71.0191352535338,42.3864971808396],[-71.0189555559189,42.386666447967],[-71.0187252896703,42.3867788751088],[-71.0182210014756,42.3868929627181],[-71.0175894615957,42.3870406119133],[-71.0168922956279,42.3871854415365],[-71.0163451688575,42.3873811744817],[-71.0156289809561,42.3875830126983],[-71.0148220001382,42.3879101555017],[-71.0142088209619,42.3880852751241],[-71.0136049169988,42.3884156734987],[-71.0131601770138,42.3886394361948],[-71.0128443887984,42.3887496176957],[-71.0125482385933,42.3886520888421],[-71.0124364101285,42.3884642138287],[-71.0121189363689,42.3882317421744],[-71.011909691207,42.3881641979332],[-71.0116577631538,42.3879684402787],[-71.0114491307792,42.3877502681064],[-71.0113318198786,42.3874321973443],[-71.011195506891,42.3870772072835],[-71.0110284306861,42.3866624494885],[-71.0106614431423,42.3862339378655],[-71.0107923341294,42.3859383829919],[-71.0107286584688,42.3858472530018],[-71.010614709594,42.385771553785],[-71.0105395528313,42.3857175475754],[-71.0103427929131,42.3855733680524],[-71.0103380206847,42.3854675792977],[-71.0102879111857,42.3853454180809],[-71.0101840039891,42.3853269911216],[-71.0101125858946,42.3852314152191],[-71.0101088226979,42.3851351244964],[-71.0100651882156,42.3850648721079],[-71.009980876558,42.3850504729921],[-71.0099076839233,42.3849992158749],[-71.0098789939488,42.3849308990782],[-71.0098821116868,42.3848558983166],[-71.0099832014501,42.384657361171],[-71.0101383332574,42.3844922153285],[-71.0103683883709,42.3843642934584],[-71.010670096368,42.3842781275112],[-71.0108243780034,42.3840126909585],[-71.0110286667221,42.3839029102942],[-71.0113619589413,42.3837670011108],[-71.0115052023717,42.3836691283739],[-71.0115036658818,42.3835411566941],[-71.0115366628489,42.3834008292882],[-71.0117064877093,42.3832954473993],[-71.0119340666591,42.3832054869191],[-71.0121337932134,42.3831268405107],[-71.0124281581742,42.3830094832529],[-71.0125225241403,42.3828394634766],[-71.012655033349,42.382543980033],[-71.0127851693722,42.382366155506],[-71.0128538616627,42.3822757208102],[-71.0127699519303,42.3821188521611],[-71.0126416548875,42.3819133237573],[-71.0125249833711,42.3817264308343],[-71.0124670815572,42.3815387171234],[-71.0126348397967,42.3814183490143],[-71.0127674650523,42.3813180228332],[-71.0127593483364,42.3811293835089]]]]},"properties":{"year":1795}}]}