{"type":"FeatureCollection","crs":{"type":"name","properties":{"name":"EPSG:4326"}},"features":[{"type":"Feature","geometry":{"type":"MultiPolygon","coordinates":[[[[-71.0183115046171,42.2818147972482],[-71.03894147493,42.2819046753343],[-71.0388407376303,42.2822136970597],[-71.0384742107094,42.282717950353],[-71.0384710158509,42.2831563907511],[-71.0382867931703,42.2835268451814],[-71.0381034918581,42.2837959498175],[-71.0377421164851,42.2835920498987],[-71.037605917332,42.2836250624662],[-71.0375597341637,42.2837602012705],[-71.0378751163705,42.2839974911695],[-71.0373276639263,42.2844673013163],[-71.0368381497545,42.284056150373],[-71.0365471545084,42.2840549766793],[-71.0361913236868,42.2840535404774],[-71.0363546320655,42.2838113749315],[-71.0361297098823,42.2836164416021],[-71.0360645221824,42.2836645808521],[-71.0361279333983,42.283858999112],[-71.0357361290658,42.2843428079237],[-71.0352139744494,42.284971449467],[-71.034951098374,42.2854798488619],[-71.034754657117,42.28584303206],[-71.0347206296432,42.2860369194128],[-71.0347518046886,42.2862313310069],[-71.0344574049461,42.2866668660332],[-71.0341651388497,42.2867866982118],[-71.0339060047695,42.286834583504],[-71.0335512389533,42.2867117305906],[-71.0332276290038,42.2867104160992],[-71.0331321695307,42.2864915353723],[-71.0331336007706,42.2862973790819],[-71.0330039534329,42.2863210458795],[-71.0330028797054,42.2864666630924],[-71.0329369697557,42.2866120167013],[-71.0329038406294,42.2867332949225],[-71.0330324277176,42.2868310356808],[-71.0329989427631,42.2870005791443],[-71.0328678569187,42.2871940713121],[-71.0326083454448,42.2872902336876],[-71.0322858135798,42.2871675080244],[-71.0319953510253,42.2870448984121],[-71.0320272204337,42.287166454861],[-71.0322849169643,42.287288917291],[-71.0323150151849,42.2875558004463],[-71.0321502493385,42.2879918572334],[-71.0320196905412,42.2881854874868],[-71.0318558226104,42.2884275086681],[-71.0317897399958,42.2886454730953],[-71.0317886635383,42.2887910765364],[-71.031722385988,42.2889604996121],[-71.031494763245,42.2891297987588],[-71.0313316134769,42.2892988127959],[-71.0309439148109,42.2898514958754],[-71.0307441576996,42.290000176604],[-71.0305163472362,42.2901690622556],[-71.0303540964163,42.2902410112647],[-71.0303535560071,42.2903138826867],[-71.0301583223972,42.290458704593],[-71.0300605488214,42.2905551118092],[-71.0298655081459,42.2906513947819],[-71.0297695181564,42.2905298492202],[-71.0294460650198,42.2904799843015],[-71.0290590508134,42.2903571224846],[-71.0288656367827,42.2902349165674],[-71.0287381341207,42.2900161611373],[-71.0286426971385,42.2897730794957],[-71.0284822275153,42.2895783958579],[-71.0283543812334,42.2893593771284],[-71.0281939177151,42.2891888880359],[-71.0280975692306,42.2891158937543],[-71.0279356741782,42.289090622868],[-71.027902534178,42.2892118995861],[-71.027934045575,42.2893091101075],[-71.0277716106575,42.2894056467625],[-71.0276432107703,42.2893079146169],[-71.0276777974039,42.288992742017],[-71.0276475530946,42.2887257201195],[-71.0274865630028,42.2885793144738],[-71.0271647592992,42.2883594951701],[-71.027067862854,42.2883108159346],[-71.0269072281836,42.2881887427893],[-71.0268429522266,42.2881157413649],[-71.0267140093439,42.288066532739],[-71.0265843389384,42.288114675882],[-71.0262609063736,42.2881133425252],[-71.0260010340553,42.2882336834804],[-71.0260323606954,42.2883548285882],[-71.0261618544631,42.2883553627936],[-71.0264209922163,42.2882839572835],[-71.0265508339871,42.2882844924856],[-71.0265169805453,42.2884540313465],[-71.0262889832981,42.2886471165669],[-71.0261904511757,42.2888168005926],[-71.0263844028955,42.2888661409043],[-71.0266779629405,42.2885517758012],[-71.0267435220226,42.2884308931344],[-71.0269680880698,42.2886743837529],[-71.0270642401796,42.288795932402],[-71.0271933572318,42.2888936818572],[-71.0270935828581,42.2892327672496],[-71.0272207009535,42.2895490023641],[-71.0270582608562,42.2895966140836],[-71.0268304446378,42.2897898243236],[-71.0267328253219,42.2898622945871],[-71.0267647060171,42.2899592467833],[-71.0269265976064,42.2899358418571],[-71.0271214697072,42.2898152312844],[-71.0272516672502,42.2897188230504],[-71.0274440098476,42.289962043112],[-71.0275396160202,42.2901568585384],[-71.0277969754147,42.2903519417734],[-71.0279248229397,42.2905463553631],[-71.0279874925012,42.2908378558707],[-71.0284726531241,42.2908643170259],[-71.0289891577828,42.2910362522731],[-71.0292468783983,42.2911587214808],[-71.0295696142166,42.2912810592662],[-71.0297650155661,42.2911362377852],[-71.0301203326671,42.2911622973429],[-71.0305091545534,42.291139281303],[-71.0308010838746,42.2910436668528],[-71.0309948735824,42.2910686667939],[-71.0314159223004,42.291021967712],[-71.0316106146068,42.2909498893249],[-71.0318056523259,42.2908534801564],[-71.0318701185797,42.2908295342432],[-71.032129277848,42.2908305900041],[-71.0319036232064,42.2907328636472],[-71.0319045205923,42.2906114557452],[-71.0318416542793,42.2903441639834],[-71.0320384776,42.2899808506012],[-71.0322021774422,42.289714880067],[-71.0325603525728,42.2894252319831],[-71.0325617865416,42.2892309525892],[-71.032497862323,42.2891092795955],[-71.0326276921538,42.2890614042992],[-71.0327894201466,42.2890620621661],[-71.0329828412361,42.2891841245919],[-71.0331769829987,42.2891607050482],[-71.0333707545766,42.2892100328026],[-71.0336286391181,42.2893081610225],[-71.0337244680966,42.2895027119977],[-71.0336573176035,42.2898664178019],[-71.0336886547547,42.2899634890606],[-71.0337844655606,42.2901581631154],[-71.0337182165364,42.2903517960213],[-71.0336191682582,42.2905942196098],[-71.0336168463132,42.2909095110763],[-71.0336451689822,42.2915161697784],[-71.0339043184945,42.2914688179372],[-71.0343572478898,42.2914706546563],[-71.034485486487,42.2915923269992],[-71.0350230296695,42.2933173137145],[-71.035279522327,42.2936579977531],[-71.0355942709216,42.2948724802767],[-71.0358162261014,42.2954799204097],[-71.0361031810055,42.2960876224913],[-71.0371285162016,42.2974507251447],[-71.0377381170596,42.2982052064569],[-71.0383152911362,42.2989112738381],[-71.0388924862398,42.2996415468222],[-71.0392776499629,42.3000798183635],[-71.0394374399953,42.3003228869827],[-71.0394689904853,42.3004686345503],[-71.0393708493921,42.3006379201911],[-71.03917561777,42.3007584266397],[-71.0392066219179,42.3009285038752],[-71.0371343368731,42.3010902658523],[-71.035547468292,42.3012536767496],[-71.0349973745027,42.3012514518243],[-71.0304728520777,42.3003836840378],[-71.0306720565264,42.2997292778348],[-71.0305753448005,42.2996803423468],[-71.0306106316423,42.2993167826397],[-71.0287035579891,42.2989691928914],[-71.0283724799465,42.2999868954458],[-71.0280491783762,42.2999128326116],[-71.0280158381386,42.3000825117756],[-71.0278863410478,42.3000819797463],[-71.0278222149765,42.2999846354196],[-71.0274664773658,42.2999589780505],[-71.027467202847,42.2998617632875],[-71.0254308021092,42.29953793282],[-71.0251402764992,42.2994154582217],[-71.0248100536928,42.3003604036939],[-71.0247422879296,42.3007485714781],[-71.0248371941799,42.3010155992448],[-71.0249652540595,42.3012104136186],[-71.0252228104904,42.301357099366],[-71.0292631473191,42.3020528642913],[-71.0291973970091,42.3021982160492],[-71.025189660825,42.3014781148463],[-71.0249641615926,42.3013560303149],[-71.0247712698136,42.3011608108921],[-71.0246443063671,42.3008691801755],[-71.0246147942928,42.3004810086366],[-71.0249463012682,42.2994391236254],[-71.0246891141375,42.2991952209158],[-71.0242064216571,42.298829246638],[-71.0235958838182,42.2982443806178],[-71.0234035560573,42.298049558143],[-71.0232760679966,42.2977337285875],[-71.0233429094755,42.2974911667551],[-71.0236370698055,42.2971043370309],[-71.0237689510448,42.296764977364],[-71.0236454658251,42.2959882426014],[-71.0238410915168,42.295770422912],[-71.0237786208153,42.2954791950535],[-71.0234566118083,42.2952836979887],[-71.0232633756878,42.2951372885918],[-71.0229721453483,42.2951360797464],[-71.0228439185873,42.2949658541541],[-71.0227486659425,42.2947226328992],[-71.0227501272434,42.2945287372203],[-71.0228486720889,42.2943349983159],[-71.0228820079354,42.2942138485469],[-71.0230125919119,42.2940929765902],[-71.0230459251281,42.2939476304575],[-71.0229823790329,42.2937775502414],[-71.0228208225498,42.2937525337781],[-71.0225620212077,42.2937758041085],[-71.0224310700481,42.2939208812921],[-71.0221385501021,42.2941377479703],[-71.0217788327961,42.2945973118537],[-71.0214870388976,42.2947173850943],[-71.0212260257014,42.2949591233014],[-71.0209981752985,42.2951278666871],[-71.0208987230961,42.2954186811699],[-71.0205091043912,42.2956598813649],[-71.0198927637908,42.2958270005389],[-71.0183336078921,42.2966210431726],[-71.016775891503,42.2972213059445],[-71.0166117545708,42.297487252602],[-71.0165430178123,42.2980208948231],[-71.0164116513056,42.2983115847529],[-71.0160526133518,42.2986495686877],[-71.0151414303217,42.2993494884357],[-71.0150430413825,42.2995187662429],[-71.0150411816765,42.2997615838897],[-71.0151380863804,42.299786187781],[-71.0152342275651,42.2999322148022],[-71.0151675396644,42.300126232138],[-71.014843304272,42.3002216705515],[-71.0147775218039,42.3003912090199],[-71.0142905952309,42.300583450379],[-71.0138336934872,42.3010424400039],[-71.0134412384444,42.3016231134352],[-71.0134067616733,42.3018898645264],[-71.0134039645913,42.3022538306229],[-71.0134671388275,42.3024724684615],[-71.0136275979514,42.3026187569599],[-71.0138206514042,42.3027409987699],[-71.0141760274832,42.3028391719672],[-71.0144676631956,42.3027921381017],[-71.0147270551303,42.3027448303989],[-71.0149547711721,42.3026000337023],[-71.0151813651206,42.302600990016],[-71.0154394629591,42.3026991595861],[-71.0154696635065,42.302966047012],[-71.0153394139904,42.3030627154556],[-71.0150160921828,42.303037279566],[-71.0146599726486,42.3030598475685],[-71.0144650587523,42.3031317731182],[-71.0142054538855,42.3032519515791],[-71.0140101653704,42.3033725384278],[-71.0136199570124,42.3036134525301],[-71.0133277320602,42.3037578364467],[-71.0129706940325,42.3039019312336],[-71.0127109217154,42.3039735788906],[-71.012451872243,42.3040207465844],[-71.0122239573419,42.3042142148227],[-71.0119636222695,42.3043585937198],[-71.0115739395472,42.3045510859357],[-71.0113154921914,42.3044529062406],[-71.0108628245907,42.3044266483646],[-71.0103779163401,42.3043761796614],[-71.0100215993313,42.3044230643073],[-71.0097286336569,42.3046404451124],[-71.0094355072047,42.3048330818775],[-71.0093059737821,42.3048812061389],[-71.0090471315778,42.3048556317401],[-71.0086911898665,42.304829901787],[-71.0084329039157,42.3047802567129],[-71.0084659028811,42.3046592453627],[-71.0085322644581,42.3044653812134],[-71.0086308465186,42.3042958497125],[-71.008923055046,42.3042001549841],[-71.009117066227,42.3041769123071],[-71.0093112390877,42.3042018133326],[-71.0094077763343,42.3042506290411],[-71.0095382222672,42.3041297732314],[-71.0092475168031,42.3040317113204],[-71.0090540917823,42.3039580127904],[-71.0090872714067,42.3038610736915],[-71.0093478082221,42.3036194980432],[-71.0095106782905,42.3035231125368],[-71.0097702718615,42.3034271395052],[-71.0100622891463,42.3033315779975],[-71.0102573952885,42.3032351919555],[-71.0104199125054,42.3031146087521],[-71.0101957553499,42.3028222739072],[-71.0099071205702,42.3024573390278],[-71.0095534437276,42.3021647242059],[-71.0092964850503,42.3019451334848],[-71.008616306828,42.3019909040375],[-71.0055851852047,42.3023117161263],[-71.0055852820454,42.3023122230592],[-71.0026167300111,42.3026258149694],[-70.9998061326751,42.3029231369523],[-70.9990292091545,42.3029686897886],[-70.9984692036038,42.3030260514384],[-70.9981218261079,42.3030617167574],[-70.9979750299373,42.3030714340342],[-70.9974422235078,42.3031071072283],[-70.9970811621301,42.3032270931582],[-70.9967935027855,42.3033229140384],[-70.9965053965785,42.303467703385],[-70.9959810322758,42.3037315963328],[-70.9950066391993,42.3044739376551],[-70.9925303016697,42.3063617355244],[-70.992332836006,42.3066333038701],[-70.9922673195836,42.3067240162621],[-70.991618524569,42.3069150356876],[-70.9905434493482,42.3078081837885],[-70.9905433909115,42.3078081626379],[-70.990543019628,42.3078084711452],[-70.9878962279374,42.3068505436488],[-70.9872843321521,42.3065561614339],[-70.9869320619351,42.3060931464467],[-70.9871431028679,42.3059768470061],[-70.9871926264594,42.3059493163196],[-70.9874546328305,42.3055379664928],[-70.9878479006243,42.3049573847684],[-70.9881671084175,42.3047207476714],[-70.9883034910523,42.3046190849866],[-70.9889201573663,42.3045492583427],[-70.9891542969138,42.3044880041855],[-70.9893734161188,42.3044303793082],[-70.9896983041125,42.304261869282],[-70.9900251455713,42.3040651560204],[-70.990218071135,42.3039484389293],[-70.9923899647892,42.3036184761278],[-70.9926896419483,42.303690392325],[-70.9929064021343,42.3037422634942],[-70.9931847047535,42.3037822036709],[-70.9937787982275,42.3038669632625],[-70.9943537855154,42.3038290320229],[-70.9944590755552,42.3038219775701],[-70.994666378268,42.3037798298349],[-70.9950436562858,42.3037027397562],[-70.9951826781822,42.3036441587034],[-70.995497517877,42.3035109822584],[-70.9958548155028,42.3033185254804],[-70.9960297229435,42.3032420615018],[-70.9965691421913,42.3030056308143],[-70.997120153619,42.3028382546859],[-70.9973362972916,42.3027967532046],[-70.9975982906339,42.302746890494],[-70.9977365691293,42.3027202210508],[-70.9982421187091,42.3026435193702],[-70.9985146720173,42.3026019893649],[-70.9987922006186,42.3025377414786],[-70.9991303370805,42.3024592708275],[-70.9995617723111,42.3023579389014],[-70.9999413040794,42.3022686290384],[-71.0003120998336,42.3022878812681],[-71.0004584891299,42.3022953595927],[-71.0006961063875,42.3022859485048],[-71.0010092612314,42.3022732718884],[-71.0016240461962,42.3022033690239],[-71.0017461515976,42.3021856530311],[-71.0021103106654,42.3021327127741],[-71.002169958262,42.30211701894],[-71.0025644159723,42.3020130082204],[-71.0030495137897,42.3020151073049],[-71.003428528446,42.3019637352868],[-71.0035679602263,42.3019447210118],[-71.0039216165646,42.3019608311249],[-71.0044908037245,42.301963287146],[-71.0047259531305,42.3019533648463],[-71.0048558473226,42.3019475959396],[-71.0052191450477,42.3019573765206],[-71.0055161700163,42.3019504395767],[-71.0055162137323,42.3019506684204],[-71.0056756415368,42.3019257380137],[-71.0058126223436,42.301891958685],[-71.0060411692605,42.3018502888165],[-71.0062233799889,42.3018165665071],[-71.006451441393,42.3017664727554],[-71.0067477046428,42.3017506291354],[-71.0069865981964,42.3017211608829],[-71.0071804151421,42.3017219923453],[-71.0074545210775,42.3016592503776],[-71.0079226253903,42.3015501401705],[-71.008071580533,42.3014135776074],[-71.0081754179167,42.301217327152],[-71.0080971595868,42.3010200233074],[-71.0079774104226,42.3009204305273],[-71.0077523284222,42.300749513216],[-71.0074299623762,42.300602784141],[-71.0069781153681,42.3003824772126],[-71.0063656315384,42.3001129486168],[-71.0059782354374,42.2999898707838],[-71.0058176347454,42.2998435587011],[-71.0056564574076,42.2997215894563],[-71.0053665190588,42.2996231237381],[-71.0052055517225,42.2994768228931],[-71.0051095992717,42.2993309266051],[-71.0052404476591,42.299113118049],[-71.005437067724,42.2988228722337],[-71.0055028634949,42.2987018658166],[-71.0055686645501,42.2985565289994],[-71.0054395314479,42.2985074312477],[-71.0052781520223,42.2984826784705],[-71.0051168059258,42.298408837406],[-71.005214080772,42.2983853215768],[-71.005440477555,42.2983862963172],[-71.0056029584809,42.2983384551],[-71.0057355102234,42.2979022978458],[-71.0058358120018,42.2975144189722],[-71.0058067966736,42.2970775665444],[-71.0057468738828,42.2964464341771],[-71.0056194406353,42.2962273905305],[-71.0053621544265,42.2959837174558],[-71.0050387063208,42.2959579925772],[-71.0047812049474,42.2957870664168],[-71.0047819652069,42.2956898517176],[-71.004945409989,42.295496667862],[-71.0049469267832,42.2953026492143],[-71.0047863266955,42.2951321405355],[-71.0046900265799,42.2950104356925],[-71.00465892001,42.2948888886313],[-71.0045299822772,42.2948397921084],[-71.0042385692437,42.2948385349805],[-71.004012000736,42.2948375570749],[-71.003817094908,42.294933659619],[-71.0033954046383,42.2950773223176],[-71.0032338460297,42.2950766238677],[-71.0032025649798,42.2949310039224],[-71.0033648834935,42.2948347615537],[-71.0035920442018,42.2947386622181],[-71.0038840030306,42.294691382807],[-71.0040779856356,42.2946922203122],[-71.0043043641188,42.2947174073052],[-71.0045627902269,42.2947670611733],[-71.0048217914077,42.2947196386359],[-71.0050187969947,42.2943805792136],[-71.0051822193395,42.2941873811978],[-71.0055073808751,42.2939948929085],[-71.0057343245325,42.2939470687922],[-71.0059292565228,42.2938022856479],[-71.006123965906,42.29373051057],[-71.0066112190589,42.2935141101134],[-71.0069045237486,42.2932242767411],[-71.007100194741,42.2930309542381],[-71.0071989490868,42.2928374895657],[-71.0073620134882,42.2926438898114],[-71.0073635237689,42.2924497477893],[-71.0073324239157,42.292279784118],[-71.0072698341776,42.2920611585168],[-71.0072393035925,42.29179438999],[-71.0073689971941,42.2917461454903],[-71.0074658866518,42.2917707558925],[-71.0075625673731,42.2918198478315],[-71.0077565126098,42.2918690826302],[-71.0082415098153,42.2918955052857],[-71.0086627669019,42.291824558509],[-71.0088256267082,42.2917039788567],[-71.0090846137833,42.2916566822297],[-71.0092796854179,42.2915602976176],[-71.0094742176968,42.2915127247768],[-71.0096370607999,42.2913677983197],[-71.0098315702886,42.2913441595835],[-71.0100583333022,42.2912965863446],[-71.0102198627747,42.2913216070073],[-71.0103823447302,42.2912254923625],[-71.0106415109661,42.2912019908757],[-71.010803225746,42.2912026796162],[-71.0110620381699,42.2911795864554],[-71.0114519863227,42.2910115520474],[-71.0116468934627,42.2908667591042],[-71.0123623370321,42.2904330851406],[-71.0127850796879,42.2901678428752],[-71.0131101985285,42.2899751959894],[-71.013532205637,42.2897829585103],[-71.0138884397788,42.2897357889935],[-71.0143407973668,42.2898105747093],[-71.0147611255492,42.2898608927214],[-71.0151492218503,42.2898625313523],[-71.0154728475243,42.289863896771],[-71.0158601826439,42.2899868182769],[-71.0162156746063,42.2900367195083],[-71.016475941111,42.2898923305554],[-71.016799937605,42.2898209445975],[-71.0170904042537,42.2898949151796],[-71.017283794522,42.2900171409289],[-71.0171539500102,42.2900648756355],[-71.016701012736,42.2900629710138],[-71.0164413189056,42.2901347506145],[-71.0162779180752,42.29037688864],[-71.0160810067109,42.2907155692605],[-71.0159804062593,42.2912004138765],[-71.0161749114081,42.2911528159049],[-71.0163372021452,42.2910804899387],[-71.0164331672304,42.2912023205625],[-71.0167238046055,42.2913006109338],[-71.0170481777979,42.2912291026176],[-71.0171761961002,42.2913752623086],[-71.0171430342999,42.2914965358659],[-71.016882390184,42.2917139340483],[-71.0164915035289,42.2920517993958],[-71.0165874725861,42.2921978248269],[-71.0167480982565,42.2923439852382],[-71.016973547564,42.2924663475962],[-71.0171347087556,42.2925884366643],[-71.0171652826505,42.2928066620087],[-71.017035224999,42.2929275282299],[-71.0168390473997,42.2931695291423],[-71.0169666999462,42.2933640910386],[-71.0171932642827,42.2933891151109],[-71.0171615808328,42.2932921747939],[-71.0170985846119,42.2931219566162],[-71.0171962227122,42.2930010773221],[-71.0173909188038,42.2929048280395],[-71.0178120071563,42.2928583158344],[-71.0175858173848,42.2928327605314],[-71.0173925829352,42.2926864643402],[-71.0171686112943,42.292370086536],[-71.0167814259958,42.2922470443858],[-71.0168796145615,42.2920777653792],[-71.017074862874,42.2919329771085],[-71.0173671881753,42.2918127789516],[-71.0175935800883,42.2918137298236],[-71.0177538168669,42.2919844942451],[-71.0180111364956,42.2922278782998],[-71.0182680850238,42.2924475731971],[-71.0185593029092,42.2924487939673],[-71.0186574889239,42.292327792493],[-71.0191750816061,42.2923299599542],[-71.0192725265844,42.2922821024148],[-71.0189168388381,42.2922560064472],[-71.0185932008657,42.2922546507311],[-71.0183985081762,42.2923267071148],[-71.0181732394084,42.2921560829791],[-71.0180448486777,42.2920341178255],[-71.0177879016632,42.2918145456406],[-71.0176919327856,42.2916685349036],[-71.0175304010911,42.2915952443925],[-71.0175326198692,42.2913040105579],[-71.0175983856548,42.2911828738],[-71.0178569928781,42.2911839594342],[-71.0181489225742,42.2911369175838],[-71.0181172593136,42.2910397037187],[-71.0179549746283,42.2910872895555],[-71.0176320984391,42.290989127098],[-71.0174064502508,42.290866766469],[-71.0172776914281,42.2908178218985],[-71.0170509524048,42.2908652725359],[-71.0167921623753,42.2908399756629],[-71.0167286167076,42.2906700287258],[-71.0170205686378,42.2905981102461],[-71.0171839652064,42.2903562325999],[-71.017540383137,42.2902849932302],[-71.0176365338499,42.2904068099506],[-71.0180247998246,42.2904326345223],[-71.0181548315287,42.2903603088472],[-71.0184460582552,42.2903615299822],[-71.0185747965397,42.290410745743],[-71.0187359750977,42.2904841565654],[-71.018801715373,42.2903874878147],[-71.0190603407963,42.2904127794784],[-71.0192872624231,42.2903408568389],[-71.0193854430816,42.290195646039],[-71.019772971294,42.2903186796058],[-71.0198707838466,42.2902218704601],[-71.0201288349637,42.2903201666566],[-71.0204198597808,42.2903455905918],[-71.0202592490548,42.2901507578758],[-71.0202933046722,42.2899812080389],[-71.0204880051418,42.2898606066876],[-71.0207156568248,42.2896917401436],[-71.0207502796488,42.2894251101964],[-71.0207519340745,42.2892064861421],[-71.0208836304889,42.2889158059428],[-71.0211120098265,42.2886501207134],[-71.0215656535941,42.2885791385008],[-71.0216304917772,42.2885794085186],[-71.0217605334378,42.2884827319571],[-71.0219550274623,42.2884593477498],[-71.0222138062783,42.2884362144603],[-71.0222788258904,42.2884124131412],[-71.0224090320826,42.2883157502248],[-71.022668192103,42.2882440781828],[-71.0228634176681,42.2880992812878],[-71.0228648814564,42.287904988272],[-71.0227690913082,42.2877589687348],[-71.0226416290491,42.2874918152986],[-71.0223837662906,42.2873206529996],[-71.0220295653524,42.2871010827653],[-71.0217081546602,42.2868327103056],[-71.0212907726621,42.2863942572892],[-71.0207759838672,42.2860282551486],[-71.0203571650651,42.2857838179904],[-71.0200668978086,42.2856611925692],[-71.0199711155461,42.2854910988809],[-71.0201020539027,42.2852974836728],[-71.0200392416404,42.2850546552758],[-71.019817674201,42.2844229892458],[-71.0188592273463,42.282817577127],[-71.0183115046171,42.2818147972482]]],[[[-71.0463628939775,42.2981631662569],[-71.0464284871151,42.2982757047767],[-71.046437728604,42.2982730027335],[-71.0466688733992,42.2981903899426],[-71.0460038783179,42.2962721649651],[-71.0456844949497,42.2955438234904],[-71.0445354089116,42.2935004396046],[-71.0442111684011,42.2934512294409],[-71.043889650337,42.29328016463],[-71.0433738705273,42.2929385381399],[-71.0426348630198,42.2923522916748],[-71.0421210181231,42.2917450297258],[-71.0421238296748,42.291356169637],[-71.0418992744949,42.2910403434188],[-71.0418375420505,42.2906512258806],[-71.0419683855383,42.2904093876527],[-71.0419428286385,42.2896082653982],[-71.0419126155686,42.289195995939],[-71.0416214246094,42.2891701876304],[-71.0416180848175,42.2896316168654],[-71.0416826291038,42.2896318743882],[-71.0415760205736,42.2911116250162],[-71.0420211771341,42.2920349159409],[-71.0420152060931,42.2928605588611],[-71.0421124248568,42.2929335174122],[-71.0422082382997,42.2932009058642],[-71.0420459463721,42.2932002590524],[-71.0416569929875,42.2931740611871],[-71.0410762405463,42.2931470959967],[-71.0410781754646,42.292880097089],[-71.040235368343,42.2928767272911],[-71.0402043646103,42.2928286789385],[-71.0395883966922,42.2928262120334],[-71.0395896310864,42.2926564281192],[-71.0392023469314,42.2926548753841],[-71.0392344058387,42.2925577861467],[-71.0394944390855,42.2925588287688],[-71.0394956737263,42.2923890448463],[-71.0391065470064,42.2923874843959],[-71.0391074339046,42.2922656233541],[-71.0394337754914,42.2920245721785],[-71.0394012871079,42.2919272240959],[-71.0391415063509,42.2921452647044],[-71.0390168280878,42.2915381799529],[-71.0387892862325,42.2916344845221],[-71.0387256275392,42.2915123643164],[-71.0381728007675,42.2917045789697],[-71.0381109873715,42.2915824658388],[-71.0383697014075,42.2915109346504],[-71.0386619690915,42.2913902440724],[-71.0387589231929,42.2912454912355],[-71.0388579004821,42.291076099656],[-71.0387591026979,42.2912208451772],[-71.0385981213456,42.2912941390734],[-71.0385010887527,42.2911965314662],[-71.0383396903586,42.291074018352],[-71.038178292589,42.2909515050081],[-71.037889638627,42.2908298488773],[-71.0377287720689,42.290634765942],[-71.0379232871109,42.2905150531065],[-71.0379254150681,42.2902234080475],[-71.0378293399632,42.2902476683549],[-71.0379278926651,42.2898838400699],[-71.0378693730248,42.2890579372366],[-71.0378055388258,42.2889604625258],[-71.0375815435454,42.2885720587318],[-71.0372930182235,42.2881820252917],[-71.0373919946458,42.2880126348703],[-71.0374909705387,42.2878432443578],[-71.037621464948,42.2876507030927],[-71.0378500633643,42.2874078935321],[-71.0378514721684,42.2872148326002],[-71.0380470451095,42.286948612232],[-71.0383062792952,42.2868031428823],[-71.0385348620503,42.2865617011442],[-71.0386639443412,42.2865622196183],[-71.0388573883281,42.2865876431391],[-71.0388565010282,42.2867095043187],[-71.0389886735129,42.2865388764875],[-71.0390208990754,42.2864185103339],[-71.0388925248632,42.2863207771569],[-71.0384105498658,42.2859066921087],[-71.0386701280266,42.2857132989643],[-71.0400810445792,42.2846687287883],[-71.0409603795206,42.2839424267099],[-71.0415530022033,42.2833368387337],[-71.0416217392583,42.2819924922536],[-71.0999906871703,42.2821968957483],[-71.0996063123111,42.3514592321777],[-71.0991729956593,42.3513824142193],[-71.0984935598053,42.3511103029942],[-71.0980398895988,42.3510416251387],[-71.0974496225566,42.350972467387],[-71.0959960295655,42.3511015554849],[-71.0951801329187,42.3510986860811],[-71.0944996291111,42.3509963336244],[-71.0931779643932,42.3515640092324],[-71.0929972743286,42.3515305079982],[-71.0923425615385,42.3517226214512],[-71.0919372590811,42.3518827546587],[-71.0914403999432,42.3519275447251],[-71.0886746280232,42.3522860115367],[-71.0850966469247,42.3531973972879],[-71.0846952603181,42.3533191803232],[-71.0845676357037,42.3533570581632],[-71.0843820997353,42.3532180941339],[-71.0840405933225,42.3532168593542],[-71.0824243145256,42.3536491596666],[-71.0815217944612,42.3538991889969],[-71.0813645922143,42.3542217583447],[-71.0813386937144,42.3542298795235],[-71.0792487598827,42.3548151344494],[-71.0772884312758,42.3553378427223],[-71.0758254215436,42.3557487058287],[-71.0752032903949,42.3560229966592],[-71.0748597539186,42.3563215915212],[-71.074545281839,42.3566901242951],[-71.0743881936843,42.356989407347],[-71.0743784105195,42.357071525743],[-71.0743550966453,42.3572439641179],[-71.0742314081438,42.3572435062607],[-71.0741973887474,42.3576349838829],[-71.0737633964433,42.35765665334],[-71.0736672240753,42.3579561611189],[-71.0734512283003,42.3579553601988],[-71.0733239746042,42.3582095673722],[-71.0731037739005,42.3588317557793],[-71.0731626733908,42.3591318385868],[-71.0736585039308,42.3592500633864],[-71.0732496594751,42.3601946937038],[-71.0730944230176,42.3602173947022],[-71.0730232427837,42.3614631409776],[-71.0730201282312,42.3619245639898],[-71.0731427356266,42.3620865896538],[-71.0728510096105,42.3640024448942],[-71.0725381859016,42.3643928857143],[-71.0720374972012,42.3647141647376],[-71.0713234092734,42.3649196301645],[-71.0709498302426,42.3650099763678],[-71.0707322707292,42.3649639796382],[-71.070422720958,42.3648697155135],[-71.070076126558,42.3656078107508],[-71.0703229130479,42.3657004720916],[-71.0699471868729,42.3661057324543],[-71.0688014035446,42.3673378672072],[-71.0683210747271,42.3671046638416],[-71.0680823346793,42.367455662465],[-71.067563011094,42.3675249117042],[-71.0662112448857,42.3680880565658],[-71.0654972034076,42.3682784244074],[-71.0648169113895,42.3683936072818],[-71.0650662075765,42.3686588136402],[-71.0654922088485,42.3690054722624],[-71.0651925585739,42.3690810174034],[-71.0649112491909,42.3689060601383],[-71.0645343699965,42.3686663860906],[-71.0637496515394,42.368393672159],[-71.0630715116114,42.3681966659797],[-71.0625219427303,42.3680987302052],[-71.0622955067211,42.3680006526481],[-71.0619077606972,42.3679991764789],[-71.0617632379587,42.3680711957133],[-71.0615818910122,42.3681280127632],[-71.0617358843054,42.3693540701394],[-71.0623505908278,42.3693796877098],[-71.0625703278434,42.3693791543154],[-71.0629080294885,42.3694091921136],[-71.0633866099897,42.3693603478048],[-71.0639368519572,42.3693624350957],[-71.0648093936329,42.3694862327537],[-71.064907924393,42.3693893894311],[-71.0652665498837,42.3693304988235],[-71.0654384671794,42.3693023944018],[-71.0656580534602,42.3693237623856],[-71.0659184027277,42.3693247451832],[-71.0662361797161,42.3692985591621],[-71.0666888971767,42.3692509728325],[-71.0673361463495,42.3691082697974],[-71.0677267376574,42.3689645988699],[-71.0683449002111,42.368483578502],[-71.0687349646279,42.3681454700409],[-71.0690582457808,42.3681234046013],[-71.0693159233085,42.3682448628696],[-71.0695418772075,42.3684154944873],[-71.069703542694,42.3685365925222],[-71.0698661957994,42.368512554557],[-71.0709294822612,42.3690984528347],[-71.071187334445,42.369195261189],[-71.0714458368234,42.3691962245925],[-71.0717068346641,42.3691013499159],[-71.0718686244301,42.3689321664754],[-71.0718987790828,42.3688419088738],[-71.0689633541104,42.3674165209369],[-71.0701017502787,42.3661843569891],[-71.0708137822493,42.3665567110969],[-71.0705331027071,42.3668322500547],[-71.0713679153303,42.3673433523017],[-71.0715551799364,42.3672290337978],[-71.0720184408388,42.367530622115],[-71.0718941113327,42.3676218985376],[-71.0721727602477,42.3676462123992],[-71.0722976858966,42.3677397853326],[-71.0723903207778,42.3676935755821],[-71.0731959312388,42.3681580016372],[-71.0736909005223,42.3684145158349],[-71.0742481916363,42.3687397205586],[-71.0751755381742,42.3692278601386],[-71.075455269878,42.3693671861271],[-71.075548217242,42.36927442086],[-71.0757031627559,42.3692982695872],[-71.0757026943174,42.3693680990733],[-71.0757650144673,42.3694367909115],[-71.0760755214317,42.3693927507954],[-71.0762938705365,42.3693237240981],[-71.0763574201867,42.3692089420564],[-71.0763589700603,42.3689775462868],[-71.0762969615708,42.3688623017662],[-71.0761109394846,42.368791785167],[-71.0757693491484,42.3687905258286],[-71.0755823907274,42.3688596673635],[-71.0754263617974,42.368997384746],[-71.0731984257995,42.3677883160627],[-71.078296204502,42.3625670352015],[-71.0794442643287,42.3626177931217],[-71.0803447732714,42.362690913688],[-71.081368530568,42.3628329379196],[-71.0816796341371,42.362972363209],[-71.0820211931713,42.3629736049974],[-71.0820236359509,42.3626039188021],[-71.0811546576486,42.3625090183531],[-71.0805330883453,42.3624136446859],[-71.0786394485782,42.3623149835632],[-71.0786420661422,42.3619220208473],[-71.0783629745094,42.3619675522401],[-71.078238197354,42.361852078443],[-71.0783346643198,42.3615060140231],[-71.0787376057253,42.361437659297],[-71.0787079069798,42.3611842407932],[-71.0790510018365,42.3612306820411],[-71.0797028609251,42.36121115819],[-71.0803244149709,42.3610285803086],[-71.0815384260121,42.360594846534],[-71.0852111513986,42.359384049092],[-71.0961938021816,42.3556892134699],[-71.0967856128704,42.355522873225],[-71.0965883612042,42.3551894556064],[-71.0971284336143,42.3550297783029],[-71.0973221524122,42.3553385362705],[-71.0995899608152,42.3546262334477],[-71.0993484600878,42.3980068790708],[-71.0831572489217,42.3979082925998],[-71.0827061696524,42.397398673464],[-71.0811649811162,42.3969206900345],[-71.0807121270096,42.3966821640608],[-71.079442112155,42.3965433450618],[-71.0778554649061,42.3959638278156],[-71.0778545598143,42.3960993783543],[-71.0769937072335,42.3958264786426],[-71.0763641033155,42.3946767467332],[-71.0762289897423,42.3944407414183],[-71.0749275974692,42.3921082470399],[-71.0750658667598,42.391873249764],[-71.0743024134519,42.3905874567977],[-71.0740749931883,42.390620846024],[-71.0725029111952,42.3879162568418],[-71.0698325572993,42.3864905159968],[-71.070335602203,42.3861213330684],[-71.0697914325754,42.3857482370242],[-71.0695633469454,42.3858815689684],[-71.069564717042,42.3856802965737],[-71.0682961067674,42.3853715734002],[-71.0679759018245,42.3857414341911],[-71.0658865704077,42.3855309231583],[-71.0660708062897,42.3853289713346],[-71.0649375059316,42.3849536287193],[-71.0646616094388,42.3853236479253],[-71.0632999757371,42.3851172101732],[-71.0643082200468,42.383805197152],[-71.0635383258706,42.3834983086664],[-71.0622093701561,42.3852472506024],[-71.0603931785233,42.3850719095436],[-71.0604407598602,42.3848694444317],[-71.0611679736935,42.384939312977],[-71.0623581809236,42.3834938255945],[-71.06213148146,42.383425870462],[-71.0619490854079,42.3836278230981],[-71.0618569792851,42.3835932414705],[-71.0614457834786,42.3840298303672],[-71.0612190830739,42.3839618734453],[-71.0617235626416,42.3833900863551],[-71.0610868619968,42.3833205665686],[-71.0598502182288,42.3848000942163],[-71.0595334956502,42.3846633277654],[-71.0606327730545,42.3832846024432],[-71.060043854713,42.3832494902502],[-71.0587598403247,42.3848972411704],[-71.0581690706698,42.3848607431116],[-71.0518147329196,42.3841953629083],[-71.0509065438167,42.3841247288883],[-71.0509075065029,42.3839891781908],[-71.0502729020408,42.3838853758035],[-71.0503205148875,42.3836829148227],[-71.050184324032,42.3836152898224],[-71.050002205502,42.3835132541032],[-71.0497740764654,42.3836479160821],[-71.0496819029759,42.3838830641319],[-71.0486393781287,42.3837447936873],[-71.0485266898636,42.3837484592561],[-71.0485592889303,42.3835801709918],[-71.0481401120374,42.3833115241748],[-71.0476571609524,42.3829221321743],[-71.0474351287219,42.3824625643857],[-71.047437206107,42.3821722941511],[-71.0475046175573,42.3817850649883],[-71.0492492898356,42.3821301154292],[-71.0494445815397,42.381937817884],[-71.0497389618451,42.3815761223619],[-71.0473150347332,42.3811791159725],[-71.0476472243816,42.3799220925834],[-71.0510414750224,42.3804680222242],[-71.0515224242261,42.3806191450286],[-71.051983371543,42.3807263723061],[-71.0572360656675,42.3814737725828],[-71.057235346666,42.3815764626049],[-71.0568289822972,42.3815844826457],[-71.0568285121171,42.381651573457],[-71.0570549597552,42.3817537690715],[-71.0574534971691,42.3818087030281],[-71.0575569303231,42.3815434688483],[-71.0580111772716,42.3815547995217],[-71.058280877748,42.3815462506756],[-71.0584889148256,42.3813758945942],[-71.0585476567075,42.3811625190121],[-71.058469678572,42.3809568341876],[-71.0582285241807,42.3808450002036],[-71.0566234503968,42.380343161642],[-71.0549964691219,42.3800712477553],[-71.0541597318506,42.3800899159557],[-71.0541478084644,42.379947469004],[-71.0529179841674,42.3799262654385],[-71.0514386334831,42.379674044066],[-71.0508547796339,42.3794513187495],[-71.0506594998965,42.3796436187983],[-71.0495269717285,42.3794461271708],[-71.048816151766,42.3794186953529],[-71.0487187923161,42.3793457438389],[-71.0481689824773,42.3792710161434],[-71.0474747819278,42.3769214117945],[-71.0476359611577,42.3768494760141],[-71.0490200679799,42.3780160251664],[-71.0492472121563,42.3780169153823],[-71.0492794648077,42.3778965487192],[-71.0480571772263,42.3768264852639],[-71.0481223290417,42.3767541715104],[-71.0489593981879,42.3774598762507],[-71.0492844708078,42.3771941486695],[-71.0492853295257,42.377073658981],[-71.0495788299481,42.3768324531635],[-71.0498413298544,42.3762762002245],[-71.0498768012058,42.3759627831763],[-71.0486522934438,42.3752076419639],[-71.0487824261611,42.3750862901184],[-71.0488791338067,42.3749908226093],[-71.0496863551777,42.3754773270001],[-71.0500762118044,42.3751885736182],[-71.050333531191,42.3753593654718],[-71.0506271947781,42.3750935112541],[-71.048632178095,42.3733686734744],[-71.0489261813762,42.3730549014009],[-71.0500851633537,42.3739302770924],[-71.0500507169938,42.3740999281405],[-71.050342477645,42.374101068975],[-71.050567545036,42.3743922274082],[-71.050667352091,42.3738599829207],[-71.0506027218112,42.3738597304505],[-71.0491879784167,42.3725958628446],[-71.0493187877017,42.3723786661475],[-71.0507338692705,42.3735946101292],[-71.0507676230132,42.3735221722185],[-71.0511571225555,42.3732813371268],[-71.049645548621,42.3718719575783],[-71.050003476179,42.3716556490492],[-71.0515148781532,42.3730896696079],[-71.0520675570976,42.3727522514527],[-71.050491347813,42.3713426311654],[-71.0507193239504,42.3712230286179],[-71.0521976685154,42.3726322648787],[-71.0522962234867,42.3725354324294],[-71.0543220111622,42.3743589111828],[-71.0545486311583,42.3744323586533],[-71.0547097959983,42.3743604129214],[-71.0546154797767,42.3741176923664],[-71.0527487906325,42.3725139158519],[-71.0529769505953,42.3723682940091],[-71.0537485638699,42.3729285707813],[-71.0539449840668,42.3728321165475],[-71.0541047747701,42.3729545984252],[-71.0542345449773,42.3728825316491],[-71.0532380286978,42.3720064595726],[-71.0534661760367,42.3718622059457],[-71.054591102953,42.3728592664883],[-71.0550139854076,42.3725952705465],[-71.0541456959484,42.3718648417592],[-71.0541786213884,42.3716472601329],[-71.0545684000406,42.3716254930523],[-71.0568580105262,42.3726982359687],[-71.057181999733,42.3725789905143],[-71.0573460191861,42.3723619126345],[-71.0575081791163,42.3724104599333],[-71.0576377719503,42.3723630349665],[-71.0576387870669,42.3722178994252],[-71.0559603541144,42.3714131654955],[-71.0576165534953,42.3706445567987],[-71.0591333341215,42.3713281541198],[-71.0594247483274,42.3713771940471],[-71.0599117232658,42.3711859953232],[-71.0599125616568,42.3710655053914],[-71.0595258205937,42.3706518837693],[-71.0596240180598,42.3706043363393],[-71.0596243612594,42.3705550449983],[-71.0598523172862,42.3704354243297],[-71.0600114466283,42.3706537423437],[-71.0602060037251,42.3705572703067],[-71.0601111578549,42.3703884910661],[-71.0603058853172,42.3702673731814],[-71.0603397881235,42.3701716559381],[-71.0604806148261,42.3701009936198],[-71.060825417937,42.3699065092108],[-71.0610214758497,42.3698593341809],[-71.0611834576254,42.3696668893267],[-71.0612178717101,42.3694972347756],[-71.0611998916291,42.3694273349145],[-71.0608999086571,42.3682198889557],[-71.060698639814,42.3682204896796],[-71.0606998380339,42.3680479698794],[-71.0608715922717,42.3680431487568],[-71.0608123394746,42.3672693012396],[-71.0606191440206,42.3671713472606],[-71.0592875481064,42.3677468112249],[-71.0589343124745,42.3678276117286],[-71.0587066984576,42.3678993084854],[-71.0583500074277,42.3679458629078],[-71.0576678100657,42.3683321060091],[-71.057633214723,42.3685264052217],[-71.0572105333546,42.3687671345631],[-71.0565296833901,42.3689589438479],[-71.0554913122778,42.3690507826753],[-71.0551040704161,42.3689767157561],[-71.0551030399043,42.3691232205856],[-71.0549093369668,42.36909782487],[-71.0549101944947,42.3689759657139],[-71.0534533941373,42.3687033172921],[-71.0533227710326,42.3688972424052],[-71.0528386977954,42.368677652171],[-71.0520207261824,42.3697178313698],[-71.0516009372728,42.3695464097676],[-71.0521244349051,42.36889258264],[-71.0516715901536,42.3686963861777],[-71.0511166998511,42.3693500887805],[-71.0508570410408,42.3692518590268],[-71.0516416155975,42.3682362041188],[-71.0511575629722,42.3680152375729],[-71.0502780005402,42.3688853782867],[-71.0499872965671,42.3687391016997],[-71.0513234852211,42.3675311732548],[-71.0508404697373,42.367165069688],[-71.0498313788941,42.3678156225199],[-71.0492217083047,42.3670861671729],[-71.0502590860826,42.3668711492998],[-71.050260458782,42.366678091492],[-71.050066765277,42.3666526876076],[-71.0491257532955,42.3668187888053],[-71.0491278321684,42.3665271483011],[-71.0499702910451,42.3664578777518],[-71.050004733459,42.366288226434],[-71.0489670801559,42.3662841621104],[-71.049165038702,42.3659700123915],[-71.0499737395715,42.3659731793736],[-71.0500080161193,42.3658268045142],[-71.0497815979034,42.3657300714776],[-71.0497838491366,42.3654137852057],[-71.0492345006479,42.3652911402003],[-71.0492009251887,42.3653389321122],[-71.0487153402797,42.365337027896],[-71.0487186322964,42.3648756059142],[-71.0497862660199,42.3650742224297],[-71.0507258693523,42.3651025428582],[-71.0507277657408,42.3648355479015],[-71.0495615863893,42.3647337704783],[-71.0495624541604,42.3646119112423],[-71.0492712543874,42.3645382005671],[-71.0488174046646,42.3644884976055],[-71.0488184496592,42.3643419926796],[-71.0492412526827,42.3643436504601],[-71.0494060261757,42.3637623677072],[-71.0496663522964,42.3637633872908],[-71.0496992889272,42.3635458065489],[-71.0483071952646,42.3635403478567],[-71.0482121198521,42.3631511092471],[-71.0485040058823,42.3631276090526],[-71.0485031360925,42.3632494683212],[-71.0488592903283,42.3632755122651],[-71.0488251980586,42.3633958719669],[-71.0490210690282,42.3633733630165],[-71.0490271212295,42.3625244556787],[-71.0503518195089,42.3629171382235],[-71.0507727667888,42.3629187831567],[-71.050743792016,42.3625790975749],[-71.0500966249588,42.3624547051412],[-71.0490305865296,42.3620383876947],[-71.0486405133346,42.3621094274599],[-71.0479600515051,42.3622532641118],[-71.0479616170259,42.3620341912254],[-71.0487065187082,42.3619152538317],[-71.0487078960385,42.3617221958275],[-71.0478982122839,42.3618641557406],[-71.0478019184271,42.3616460673598],[-71.0493586911883,42.3613358823218],[-71.0494210557768,42.3616524220461],[-71.0504879562229,42.3619468765936],[-71.0504888124415,42.3618263864802],[-71.0507491306123,42.3618274036135],[-71.0507579210299,42.3605896413317],[-71.0498823096752,42.3606587876866],[-71.0492992538323,42.3606085807227],[-71.0492361981627,42.3603892544987],[-71.0476469117551,42.3606020936195],[-71.0476196977329,42.360018688384],[-71.050667143426,42.3595938460298],[-71.0507014553594,42.3591818374538],[-71.0484003976954,42.3595370439697],[-71.0483049757688,42.3591970965215],[-71.0484342063502,42.3591976040091],[-71.0484361122338,42.358930608737],[-71.04931205242,42.3588121819258],[-71.0493761503934,42.3588850030755],[-71.0502517377498,42.3588158605468],[-71.0502556996182,42.3582585933633],[-71.0494131747008,42.3583525118538],[-71.0494154275135,42.3580362250662],[-71.0494183629628,42.3576240937641],[-71.0496439289794,42.3575770537208],[-71.0496463560616,42.3572361211448],[-71.0488679397436,42.3574028566497],[-71.0488052207903,42.3571369769897],[-71.0497796699495,42.3569217166867],[-71.049844974669,42.3568247559011],[-71.0490345446707,42.3568215807684],[-71.0490698529568,42.3565300699121],[-71.0497179904234,42.3565093323047],[-71.0498158861929,42.3562427126753],[-71.0498176107758,42.356000362941],[-71.0496883867144,42.3559998570075],[-71.049524383407,42.3562169247661],[-71.0493305466558,42.3562161653172],[-71.0496574091895,42.3556834399289],[-71.0498198614827,42.3556840759799],[-71.0500182987887,42.3552973560352],[-71.0499207997355,42.355249050882],[-71.0501811431969,42.3549830665461],[-71.0516212410816,42.3528773128509],[-71.0518167487042,42.3529013521817],[-71.0521754240866,42.3525631763938],[-71.0520146958498,42.3523201937049],[-71.0521135587182,42.3521754386591],[-71.0555502674058,42.3469965875705],[-71.0569791335314,42.3464434485527],[-71.0577889345019,42.3462535018349],[-71.0582448591602,42.3459882510066],[-71.0589924099529,42.3457241172579],[-71.0591546890828,42.3454810133999],[-71.0597089318746,42.3451435635293],[-71.0597730279666,42.3452163791038],[-71.0605532816075,42.3447592964332],[-71.0609523335205,42.3431108765382],[-71.0610828800107,42.3429169416505],[-71.0611501600645,42.3427967045801],[-71.0608590566918,42.3427216536747],[-71.060598303526,42.3427945968935],[-71.0602410797821,42.3429383715221],[-71.0601041245139,42.3440537852509],[-71.0586726370201,42.3449944503027],[-71.0584132208123,42.3451385946179],[-71.0580559693066,42.3452837315955],[-71.0576014083448,42.3453545536947],[-71.0568228235074,42.3455692658778],[-71.0557197160074,42.3457347956389],[-71.0547488467269,42.3457310401831],[-71.0511187090788,42.350594186986],[-71.0485362273094,42.3539565321961],[-71.0483096273782,42.354150075364],[-71.0481457903835,42.3543438647106],[-71.0475596802703,42.3547290569648],[-71.0469099815523,42.3549702248523],[-71.0461321163449,42.3550630047128],[-71.0453547605271,42.3550845805217],[-71.0447405545095,42.3550095805757],[-71.0441248591127,42.3548852785628],[-71.0435447542419,42.3546899136878],[-71.044460762284,42.3533585302854],[-71.0433623884538,42.3528448140542],[-71.0430368919195,42.3531830943736],[-71.0423268020355,42.3528406971426],[-71.0415424474677,42.3538316462731],[-71.0409608718934,42.3535869694855],[-71.0429236296797,42.3509740480318],[-71.0425353701803,42.3508027173564],[-71.0427641680174,42.3505612704619],[-71.0421183584033,42.3502684201349],[-71.0399928796492,42.3531709579514],[-71.0387008993419,42.3526317759217],[-71.0408906770987,42.3497774419086],[-71.0398913639253,42.3493613038772],[-71.0376997095415,42.3522156117013],[-71.0367629701714,42.3518229755407],[-71.0388227095104,42.3490900193571],[-71.0379212104705,42.3486797332989],[-71.0376801954202,42.3485705938515],[-71.037533038645,42.3485001703943],[-71.0375983334259,42.348405954801],[-71.0371787249966,42.3482344797518],[-71.0364591325269,42.3492010094764],[-71.0358130143951,42.3489560459504],[-71.0341118430722,42.3511098407435],[-71.0338209050479,42.3510114449915],[-71.033985311803,42.3507451079002],[-71.0335987522233,42.3505970310576],[-71.0334679239122,42.3508155801421],[-71.0330795091076,42.3506688632751],[-71.0347476497953,42.3484916725714],[-71.0343926526491,42.3483204487382],[-71.0339070273342,42.3483417585425],[-71.0337099361788,42.3485353928876],[-71.0332557361731,42.3488005537647],[-71.0321426390619,42.3503008350852],[-71.029485514293,42.3491685781735],[-71.0266224080778,42.3479477793747],[-71.0262332988275,42.3478982530605],[-71.0261030044445,42.3480428566671],[-71.0231326182429,42.3468667132741],[-71.0231417610742,42.3456535948157],[-71.0265109885568,42.3455703016924],[-71.0304946587171,42.3455140669961],[-71.0309503371946,42.3452968466849],[-71.0305621449557,42.3451254753708],[-71.0265138984323,42.3451814464047],[-71.0265155275371,42.3449637421975],[-71.025867675174,42.3449610725416],[-71.0258704042985,42.3445968629792],[-71.0255455571407,42.3445955229819],[-71.0255154530277,42.3444256115944],[-71.0217594188612,42.3444100502367],[-71.0217665697298,42.3434639269799],[-71.0313194563019,42.3433088303839],[-71.0318716708589,42.3432631562546],[-71.0376932815609,42.3432428954626],[-71.0381838108774,42.3435556866308],[-71.0387024508011,42.343557768614],[-71.0386754174981,42.3427087248082],[-71.0407327574846,42.3405083595755],[-71.040766239379,42.3402182120629],[-71.0410260331293,42.3400248157919],[-71.0412221918992,42.3399530283876],[-71.0413845244941,42.3397099493084],[-71.0417105765197,42.3395414622941],[-71.0420025245302,42.3394947018753],[-71.0418096214476,42.3393720698885],[-71.0414855051767,42.3392735608782],[-71.0412597309991,42.3391028730539],[-71.0410666518087,42.3390048856254],[-71.0409376313833,42.3389810932539],[-71.0407745165744,42.3390776586987],[-71.0407085206208,42.3392704595403],[-71.0405454047164,42.339367024654],[-71.0403507345254,42.339488109914],[-71.0402213651879,42.339512239152],[-71.040092712242,42.339437785001],[-71.0399957727283,42.3393169030426],[-71.0399398282564,42.338126799412],[-71.0398420148765,42.3381264079561],[-71.0399309985867,42.3393412903861],[-71.0398664036054,42.339341031882],[-71.0398626998988,42.3398503786191],[-71.0394729325521,42.3398967418308],[-71.0392126061506,42.3401627028044],[-71.0391428847747,42.3408662185167],[-71.0389278055771,42.3415075349641],[-71.0360136203652,42.3414862267198],[-71.0359306451885,42.3417268800568],[-71.0354463174595,42.3415784142657],[-71.0351218376663,42.3415291789485],[-71.0350977752501,42.3405336358182],[-71.0346435751587,42.3405564448452],[-71.0346124890945,42.3402660376538],[-71.0337063008986,42.3402623659742],[-71.0337305928542,42.3414742522136],[-71.0333742040678,42.3414974528764],[-71.0302975344369,42.34148492494],[-71.0303074334857,42.3401513139537],[-71.0293680265068,42.3401474723596],[-71.0293577410419,42.3415303748323],[-71.029227823445,42.3416270598267],[-71.0289687209068,42.3417218462449],[-71.0277380374292,42.3416688739297],[-71.0275772569284,42.3414491330843],[-71.0273192265825,42.3414001487367],[-71.0270927565031,42.3413266470872],[-71.0269308838291,42.3412534107985],[-71.0263810720276,42.3412265006924],[-71.0261199571057,42.3415896458434],[-71.0250830803442,42.3415360744715],[-71.0250497005521,42.3418029407639],[-71.0213246490985,42.3418600629131],[-71.0179244137332,42.3419197960313],[-71.0177311846871,42.3418450460313],[-71.0140701538617,42.3419761413711],[-71.013072783974,42.3413461730079],[-71.0105895491714,42.3397774185218],[-71.0108830240775,42.3395363094479],[-71.0106920551551,42.3391712752388],[-71.010075828144,42.3391440043614],[-71.0097183193308,42.3393122678736],[-71.0093343176205,42.3388505602057],[-71.0093992941217,42.3388015443341],[-71.0097522820654,42.3392165648998],[-71.0099470099577,42.3390955314499],[-71.0094667116932,42.3384376103008],[-71.0095008653725,42.3383172616153],[-71.0092487358519,42.3372728135115],[-71.0092519319258,42.3368606814007],[-71.0093518132652,42.336594102975],[-71.0099669224314,42.3365241559801],[-71.0101618323987,42.3363784763169],[-71.0106505428385,42.3361861233418],[-71.0109410231777,42.3360915115587],[-71.0111381452389,42.3358979157215],[-71.0112693899206,42.3356314689779],[-71.0114008237818,42.3353403762824],[-71.0116294942933,42.3351236363256],[-71.0119548862959,42.3348087201724],[-71.0122190186162,42.334300478154],[-71.0123831255377,42.3338397352118],[-71.0125475673524,42.3335747969926],[-71.0132022116439,42.3326793391607],[-71.0138904217553,42.3317360954852],[-71.0141513769917,42.3313976231503],[-71.0144106590565,42.3312768548884],[-71.0148024385928,42.3309635802274],[-71.0148998857009,42.3307695570933],[-71.01493384651,42.3306724832004],[-71.0148057871272,42.3305268015847],[-71.0150002897502,42.3304304051677],[-71.0152280072757,42.3303341484982],[-71.0155507470541,42.3303601556928],[-71.0156472489222,42.3305303501301],[-71.0161655929325,42.3305571795963],[-71.0174261263856,42.3307801899309],[-71.0182657469862,42.331026069875],[-71.0190406001549,42.3312963192894],[-71.0196218861284,42.3315411081171],[-71.020202802906,42.3318351856326],[-71.0206859210927,42.3321288524398],[-71.020879497131,42.332154305993],[-71.0218510910734,42.3322788457942],[-71.0226912960579,42.3324521250902],[-71.0233043391139,42.3326491030603],[-71.0240161076285,42.3327246228648],[-71.0244368533811,42.3327263641971],[-71.0245682351014,42.3326789837074],[-71.0246340985126,42.3325094684706],[-71.0249884095335,42.3325109330535],[-71.025636134411,42.3325136076711],[-71.0261260392492,42.3321514063928],[-71.0287868948453,42.3311915424935],[-71.0289834069677,42.3310704841588],[-71.0293712823116,42.3310241488649],[-71.0297932783254,42.3308560881444],[-71.0305086300812,42.330446866232],[-71.0308996143836,42.3302293816137],[-71.0312577355692,42.3299638377371],[-71.0320048020968,42.3295054426493],[-71.0324915376715,42.3293143582525],[-71.0329815603737,42.3289274816562],[-71.0332398976762,42.3289285309303],[-71.0334672187083,42.3288815298143],[-71.0337594867527,42.3287854985056],[-71.0340510382123,42.3287866806711],[-71.0346656918335,42.3287645239165],[-71.0352503932407,42.3285491778081],[-71.0354500728025,42.3284965839987],[-71.0358650541764,42.3285256454247],[-71.0361562432296,42.3285761139755],[-71.0363182646846,42.3286260608278],[-71.0367382719551,42.3287249713736],[-71.0371920259415,42.3287514457402],[-71.0374164473599,42.3288481969187],[-71.037674679309,42.329116240495],[-71.0380939824582,42.3293123603079],[-71.0386758528462,42.3294844845185],[-71.0392896245571,42.329584163136],[-71.0399681624697,42.3296594510954],[-71.0407782441969,42.3296626901395],[-71.0417822597863,42.3296420501121],[-71.0427527034231,42.3296705609343],[-71.0434651628775,42.3296487461129],[-71.0440823572961,42.3295307012947],[-71.0447626435491,42.3293636098977],[-71.0452829086036,42.3291233111248],[-71.0459645821118,42.3287617840283],[-71.0464211270134,42.3283993647817],[-71.0468446287902,42.328012166878],[-71.0472361160095,42.327456423012],[-71.047629617715,42.3268760391192],[-71.047860911419,42.3262703693215],[-71.0479310381287,42.3254942776409],[-71.0479687591199,42.3248631994082],[-71.0479391842921,42.3243537201538],[-71.0479416095037,42.3240141543658],[-71.0476838734754,42.3236735650626],[-71.0474608545897,42.3233810357849],[-71.047104925407,42.3233549872841],[-71.0467488200323,42.3233535835875],[-71.0464237282427,42.3234015943825],[-71.0460681528716,42.3233262508593],[-71.0458754581886,42.3231803485795],[-71.0457466450865,42.3231319156177],[-71.0453576832696,42.3230810845382],[-71.0449705573302,42.3230316286633],[-71.0445822962118,42.3228835805519],[-71.0440648709429,42.3227363880851],[-71.0436145720051,42.3224922426411],[-71.0434224188491,42.3222723985017],[-71.0434553553533,42.322054817578],[-71.0433923484622,42.3218368555263],[-71.0432957951317,42.3216653148568],[-71.0431363228249,42.3215195398927],[-71.0396503568166,42.3200747570593],[-71.0394566308601,42.3200739809617],[-71.0392947982313,42.320000761747],[-71.0392621262786,42.3199266908844],[-71.0392630032971,42.3198061997536],[-71.0392638902782,42.3196843394024],[-71.0369071900352,42.31875335746],[-71.0365204580757,42.3186545812485],[-71.0364567765869,42.3185324604679],[-71.0364244496406,42.3184118353785],[-71.036620907483,42.3182907636591],[-71.0370095902271,42.3181225420957],[-71.0370746942426,42.3180502336671],[-71.0371087944448,42.3179285070441],[-71.0370771774921,42.3177106676581],[-71.0369162451274,42.3175155846678],[-71.0330097098142,42.3163591852429],[-71.0329438288309,42.3162863468045],[-71.0329183756901,42.3154852268192],[-71.0323999659508,42.3154831187335],[-71.0324344277173,42.3153134707984],[-71.0325303609328,42.3153138610544],[-71.0326276032467,42.3153868272931],[-71.0328858852856,42.3153878773657],[-71.032803553442,42.3135445194591],[-71.0326092562545,42.3133739412036],[-71.0326440802078,42.3131550012561],[-71.0328722442337,42.3129861406884],[-71.0331299813056,42.3130597588097],[-71.0365805014852,42.3104529613059],[-71.0371008123832,42.3101894218666],[-71.0375215887659,42.3101664693573],[-71.0377793197648,42.3102400770947],[-71.0393258708414,42.3111677992359],[-71.0441601058705,42.3141241371684],[-71.0443534687481,42.314172828021],[-71.0445159917935,42.3141488256195],[-71.0451008788975,42.3138841368368],[-71.0458157630895,42.3134994641584],[-71.0461400002082,42.3133063103925],[-71.0462391688934,42.3131122672649],[-71.0461772017578,42.3127491690073],[-71.046015036418,42.3127238818443],[-71.0458535686009,42.3126013798295],[-71.0456937693317,42.3125035308389],[-71.0456949877358,42.3123337475476],[-71.0457604197311,42.3122135114064],[-71.0455982559299,42.3121882236524],[-71.0454352172633,42.3122847962605],[-71.0451766033833,42.3123316970929],[-71.0448216035958,42.3121851500923],[-71.0446938673474,42.3119902092859],[-71.0444353208301,42.3117714724346],[-71.0441789757659,42.3115034503809],[-71.0439873767197,42.3112110380021],[-71.0438915285057,42.3109436520252],[-71.0439578403096,42.310701556259],[-71.0442182931686,42.3106546654699],[-71.0444440503933,42.3105583432116],[-71.0448004381615,42.3105104621127],[-71.0450273400777,42.3105113606735],[-71.0448990849092,42.3103889887203],[-71.0449001282355,42.3102438513342],[-71.0449013487244,42.3100740679713],[-71.044803923221,42.31002575801],[-71.0445126352781,42.3099999571403],[-71.0444480702152,42.3099997012087],[-71.0442541976104,42.3100235791679],[-71.0440271199459,42.3100473250517],[-71.0438024196143,42.3099971398971],[-71.0435753418752,42.3100208848883],[-71.0432180865819,42.3101892535997],[-71.0426991956848,42.3102597606558],[-71.0424086101791,42.3101367398006],[-71.0423784771946,42.3099668315815],[-71.0423797044406,42.3097970482357],[-71.0423802289873,42.3097244795457],[-71.0424770245547,42.3096043700871],[-71.0428025725503,42.30948380162],[-71.0430303503455,42.3093628434819],[-71.0433852235172,42.3092684059187],[-71.0436124762954,42.3092200153246],[-71.0436453254665,42.3092694391421],[-71.0441306576541,42.3092467188117],[-71.0441632399029,42.3090770598222],[-71.0442611858427,42.3090528016275],[-71.0444884273261,42.3090057785199],[-71.0448456725628,42.3088374058179],[-71.0449119883543,42.3085939401738],[-71.0451409688928,42.3083045636255],[-71.0454667542805,42.3078923361413],[-71.046189390648,42.3064163910214],[-71.0462238105305,42.306246738633],[-71.0463913547604,42.3055189534312],[-71.0465879877051,42.3051075819635],[-71.0469146094679,42.3045748585319],[-71.0472965171131,42.3043066193643],[-71.0476193134634,42.3043078906595],[-71.0478546141601,42.3044210961973],[-71.0479816703833,42.3047105101488],[-71.0479035274049,42.3053208930641],[-71.0475824784589,42.3061069543605],[-71.0475117035242,42.3069761560731],[-71.0476307292883,42.3073572790587],[-71.0479606625475,42.307652968359],[-71.0488007877879,42.3078014117294],[-71.0511929627515,42.307858703736],[-71.0525513059328,42.3077681527486],[-71.0532001412591,42.3075776117657],[-71.0532664139428,42.3073355104601],[-71.0532069534044,42.306612310083],[-71.0532739013206,42.306274363152],[-71.0533391387891,42.30617876855],[-71.0530866833237,42.305357600097],[-71.0524468772647,42.3045349228667],[-71.0512889767744,42.3034213057728],[-71.0492321310737,42.3016277382598],[-71.0489690964955,42.3023017520262],[-71.0487052365281,42.3028319894321],[-71.0485186573621,42.3031297554487],[-71.0480807349385,42.3032362055661],[-71.0478714081263,42.3031025637334],[-71.0478654477936,42.3029039973736],[-71.0479322541076,42.3025893300888],[-71.0479992356971,42.3022500167276],[-71.0479050526137,42.3020072868763],[-71.0473537282195,42.3019804695818],[-71.0470612617118,42.3021244588035],[-71.0469309327369,42.3022937334309],[-71.0468978420864,42.3025359622628],[-71.0468315500755,42.302778060135],[-71.0468959314136,42.3028029607407],[-71.0469260731111,42.3029728680272],[-71.0436311374872,42.3022806746408],[-71.0432790025477,42.3017452632687],[-71.0433493360011,42.3009445243835],[-71.0437063611791,42.3008008009602],[-71.0439997068005,42.3005349593651],[-71.0440970176081,42.3003409102523],[-71.0440338526377,42.300147593587],[-71.0439398653954,42.2998802143579],[-71.0433577293994,42.2997806845703],[-71.0433899632695,42.2996589482914],[-71.0438433341981,42.2997100425866],[-71.0438782794658,42.2994678218159],[-71.0446565284075,42.2992271799401],[-71.0447851148642,42.2993002603923],[-71.0447870244883,42.2990346309812],[-71.0455324095898,42.2987459287771],[-71.0457573540007,42.2990138245617],[-71.0460494655441,42.2989177614052],[-71.0460167867517,42.298845061362],[-71.0463424492659,42.2986998365668],[-71.0461178470028,42.2983840190672],[-71.0461529785063,42.2983718344802],[-71.0463730185469,42.2982946554692],[-71.0463037563653,42.2981793639037],[-71.0459451038517,42.298295703704],[-71.045496367029,42.2978571345512],[-71.0450781148875,42.2975405487171],[-71.0447884591641,42.297295672594],[-71.044790900235,42.2969561049575],[-71.0446954147797,42.2966407960079],[-71.0445357336966,42.2962759389916],[-71.0445372995847,42.2960582322823],[-71.0447345486838,42.2958152851376],[-71.0448639943305,42.2957678737791],[-71.0449595536409,42.2958161765267],[-71.0451211539707,42.2959140341775],[-71.04528379701,42.2958667537793],[-71.0453818990281,42.2958178485179],[-71.0455418227607,42.2958924214587],[-71.0457335692624,42.2961588169009],[-71.0458626006507,42.2964263333848],[-71.0459899556896,42.2966705656034],[-71.0460197484637,42.2968883961995],[-71.0459866571523,42.2971306250375],[-71.0461783994618,42.2973983888944],[-71.0462745802146,42.2976178508605],[-71.0463047177768,42.2977877584908],[-71.0463040212394,42.2978849734141],[-71.0464014292078,42.2979332822246],[-71.046399859874,42.2981523581001],[-71.0463628939775,42.2981631662569]]],[[[-71.0488169994243,42.3132922047866],[-71.0487490048789,42.313254967843],[-71.0486699220282,42.3132204258293],[-71.0485110827985,42.3132458178252],[-71.0483962161325,42.3133138294193],[-71.0483037996262,42.3133381128699],[-71.0482023934982,42.3133294987025],[-71.0480533252766,42.313278250005],[-71.0480018953896,42.3132465547931],[-71.0478711387171,42.3132145474958],[-71.0477303208599,42.3130414668221],[-71.0476548501716,42.3130178923894],[-71.0476053437758,42.3129752504989],[-71.0475303038064,42.3128914302991],[-71.0475252293611,42.3128270551632],[-71.0475291440418,42.3127955776269],[-71.047418955387,42.3127253115432],[-71.0474078964007,42.3127238987316],[-71.0473193168307,42.3127276576218],[-71.0472454564487,42.3127369514689],[-71.0471776005373,42.3126805445092],[-71.0471207057586,42.3126392425507],[-71.0470526541333,42.3126102199194],[-71.0469976042906,42.3125689251704],[-71.0469534664819,42.3125495815536],[-71.0469143632975,42.3126000899674],[-71.0468772322481,42.3126328057796],[-71.0468401011603,42.3126655215795],[-71.0469212427001,42.312669949287],[-71.0469836619643,42.3127126423807],[-71.0469758516632,42.3127728589766],[-71.0469016579855,42.3128287060856],[-71.0468828767908,42.3128751868318],[-71.0468845255876,42.3129025785067],[-71.0470074218308,42.3130016496242],[-71.047246218136,42.3131463628068],[-71.0474171098705,42.3132415147772],[-71.0475185157506,42.3132501296376],[-71.0475639706132,42.3133434181773],[-71.047721773562,42.3134631648093],[-71.0478463605524,42.3135841497972],[-71.0480504123222,42.3136862775612],[-71.0482899951875,42.313721450962],[-71.0485082313869,42.313645630076],[-71.048713670448,42.3135533274242],[-71.0487713478451,42.3134850909836],[-71.0488620464166,42.3134430000549],[-71.0488823491598,42.313441710495],[-71.0488991866721,42.3134089143869],[-71.0488169994243,42.3132922047866]]],[[[-71.0926516338502,42.3507392304907],[-71.0926322016332,42.3506036065079],[-71.0925931434798,42.3503624812006],[-71.0924504272085,42.3504523455763],[-71.0924905519796,42.3505277961962],[-71.0924489719208,42.3506782656659],[-71.0923872807036,42.3507985404648],[-71.0925698319014,42.350829310778],[-71.0926516338502,42.3507392304907]]],[[[-71.0991407210087,42.339578041063],[-71.0990806755447,42.3394422762651],[-71.0990203440243,42.3393516955773],[-71.0988990132346,42.339275963776],[-71.0986759851693,42.3392300003272],[-71.0984120680806,42.3392290787737],[-71.098249561947,42.3392435727442],[-71.0981488118221,42.3391240961595],[-71.0980885775983,42.3390184535944],[-71.0979672485626,42.3389427208043],[-71.0977847290309,42.3389119589796],[-71.0976220320274,42.3389565748284],[-71.0974591431762,42.3390313132096],[-71.0972960622439,42.339136174121],[-71.0972139071496,42.3392851342468],[-71.09702810274,42.3394802854607],[-71.0970069380891,42.3396157667177],[-71.0969878107817,42.3397211316785],[-71.0968043385447,42.3398396128736],[-71.0966619399873,42.3398842985489],[-71.0965381892308,42.3398989260593],[-71.0964565989266,42.33995888657],[-71.0964157076575,42.3400039281809],[-71.0965794856397,42.3400798115458],[-71.0966601159746,42.3401704647232],[-71.0965968854499,42.3402455514521],[-71.0964139785876,42.3402750329673],[-71.0962109621145,42.3402743201397],[-71.0960488373796,42.3402285654905],[-71.0959881248055,42.3401982287336],[-71.0958660265013,42.3402429847578],[-71.0958044481575,42.3403482002889],[-71.0956820607314,42.3404381402431],[-71.0955396600346,42.3404828245225],[-71.095315955906,42.3405422841938],[-71.0949907513668,42.3406000166773],[-71.0947465516245,42.3406895264694],[-71.094482242425,42.3407488413901],[-71.0942379448105,42.3408534114721],[-71.0939937430254,42.3409429196603],[-71.0939323541907,42.3410180114286],[-71.0937087433648,42.3410624065939],[-71.0936271488794,42.3411223650815],[-71.0935048624108,42.3411958721161],[-71.0933012622035,42.3412855223767],[-71.0930974677176,42.3414052950152],[-71.0927723448359,42.3414493290586],[-71.0927108571173,42.3415394815358],[-71.0926290671457,42.341629562047],[-71.0927506857459,42.3416601163193],[-71.0926281944788,42.3417651143656],[-71.0925255288382,42.3419441218567],[-71.0922607270613,42.3420787384919],[-71.0921970054739,42.3425153021071],[-71.0922772532641,42.3426648345562],[-71.0924593929237,42.3427558505599],[-71.0926627081856,42.3427113859154],[-71.09284504236,42.3427722785769],[-71.0930882842789,42.3428333865206],[-71.0932302078891,42.342864012128],[-71.0933517323595,42.3429096271216],[-71.0935750597452,42.3429104167654],[-71.0938391854707,42.3428812266899],[-71.0939602271734,42.3430021478683],[-71.0940399966014,42.3432269858959],[-71.0940796355858,42.3433777429036],[-71.0942410908927,42.343528929848],[-71.0941796998426,42.343604021706],[-71.0941790236645,42.3437094512512],[-71.094117439142,42.3438146657993],[-71.0938534063232,42.3438287951453],[-71.0938333935769,42.3437835393381],[-71.0930010769107,42.3437655344241],[-71.0927584131038,42.3436140581339],[-71.092698668351,42.3434331060333],[-71.0923737288254,42.3434470162041],[-71.0923326383235,42.3435221790536],[-71.0921691490203,42.3436872780381],[-71.0919850647153,42.3438974888224],[-71.0918418852253,42.3440612901586],[-71.0918411079927,42.3441817810394],[-71.0917589246716,42.3443321063177],[-71.0916768381539,42.3444673701735],[-71.0915131502314,42.3446625909077],[-71.0914492372122,42.3448417350209],[-71.0915111171665,42.3449775102014],[-71.091629923862,42.3451586726462],[-71.091608356908,42.3453543981651],[-71.0917088130399,42.345519064385],[-71.0917907060765,42.3457000955534],[-71.0918096491624,42.3459110265961],[-71.0919104864335,42.3460168164187],[-71.0920313450531,42.3461664930377],[-71.0919694631872,42.3463168904379],[-71.0920603838901,42.3465294460505],[-71.0918904832471,42.3468287078349],[-71.0918471555498,42.3469641093075],[-71.0919030417987,42.3471710636679],[-71.0918742860632,42.347336640247],[-71.0919110788311,42.3479282846076],[-71.0918979637484,42.3479583614456],[-71.0918972925532,42.3480624216634],[-71.0918968244816,42.3481349899718],[-71.0918685275654,42.348229367422],[-71.0917830184016,42.3483221725228],[-71.0917940395784,42.3489027713435],[-71.0918324489701,42.349243849551],[-71.0918309031719,42.3494834618224],[-71.0919280720832,42.3495865000163],[-71.0920123113323,42.3496908614946],[-71.092109604438,42.3497747305503],[-71.0921494194516,42.3498981037501],[-71.092275160195,42.3498643185606],[-71.0922502267112,42.3497231980002],[-71.0920959761337,42.3495980497034],[-71.0919863626309,42.3494210283044],[-71.091931145275,42.3491100138953],[-71.0919199639876,42.3488402330592],[-71.0919351544843,42.3484883911218],[-71.092007636274,42.3481257984922],[-71.0920235418532,42.3479492223582],[-71.092012721802,42.347337131525],[-71.0920141255973,42.3471194265569],[-71.0921003036482,42.346922561017],[-71.0922559754759,42.3465397245219],[-71.0922752786129,42.3461221731815],[-71.0922770167523,42.3458524380178],[-71.0922379628853,42.345611312338],[-71.0922589456392,42.3455059548483],[-71.0922192125935,42.3453702586395],[-71.0920776634228,42.3452807555896],[-71.0920578456958,42.3452053767744],[-71.0918957113297,42.3451596163181],[-71.0918767681818,42.3449486852548],[-71.0919178601516,42.3448735225917],[-71.0919793522399,42.3447833706042],[-71.0919196969166,42.3445887260009],[-71.0920422919322,42.3444686674151],[-71.0920447195879,42.3440921334212],[-71.0922082985041,42.3439133424817],[-71.0925542221553,42.3437940751969],[-71.0927370440477,42.3437796612067],[-71.0928582791863,42.3438704607981],[-71.0930002050113,42.3439010866824],[-71.0933858615679,42.3439175128813],[-71.0937309126878,42.3439337943167],[-71.0939744586518,42.3439483470689],[-71.0942589791384,42.3439055355816],[-71.0943606862968,42.3438757710373],[-71.0944435385828,42.343620014338],[-71.0943636794504,42.3434088687592],[-71.0942835223576,42.3432442764257],[-71.0941833617034,42.3430330590616],[-71.0942256087069,42.3427771591477],[-71.0943887918798,42.3426586105229],[-71.0944097700734,42.3425532525728],[-71.0941259232426,42.3424920040905],[-71.0938208166107,42.3425799276417],[-71.0935766075725,42.3426694349102],[-71.0935063928022,42.3426815099066],[-71.0934108576451,42.3426127097956],[-71.0932928578333,42.3425931230063],[-71.0932123172585,42.3424887753639],[-71.0931119676781,42.3423076797662],[-71.0930318240423,42.3421417173052],[-71.0930935055945,42.3420214419322],[-71.0932160934092,42.3419013820275],[-71.0933584021495,42.3418717620086],[-71.0935003237336,42.3419023872889],[-71.0936024061614,42.3418137471418],[-71.09360308328,42.3417083175563],[-71.0936855489459,42.3415128067633],[-71.0939096446685,42.3413931047941],[-71.0940318432039,42.3413332894876],[-71.0940336703518,42.3410484926431],[-71.0941756870101,42.3410640557233],[-71.0943989113519,42.3410799051393],[-71.0943993940548,42.3410045982774],[-71.0945424722753,42.3408544858048],[-71.0947456835065,42.3408250788318],[-71.0948467104491,42.3409007434508],[-71.0949267608581,42.3410817660642],[-71.0952100328107,42.3412320116081],[-71.0954939713193,42.3412781960583],[-71.0956569557676,42.3411897683406],[-71.0957187276287,42.341054430161],[-71.0957808840717,42.340858846448],[-71.0957003503497,42.3407531312931],[-71.0956401186629,42.3406474874827],[-71.0958437135036,42.340557833068],[-71.0959863938984,42.3404693335022],[-71.0961697821127,42.3403645457886],[-71.0963725106652,42.3404104428174],[-71.096636336644,42.3404264304288],[-71.0967790243588,42.3403365606607],[-71.0968828580457,42.3402616162044],[-71.0968839134735,42.3400959410543],[-71.0969859010443,42.3400209900299],[-71.0971280120122,42.340021488089],[-71.097311876266,42.3398413916512],[-71.0973533330932,42.3397073506618],[-71.0973755511621,42.3394061941643],[-71.0975189060944,42.3392108937933],[-71.0977429777099,42.3390925535091],[-71.0978849995915,42.3391067427977],[-71.0978840425096,42.3392573566116],[-71.0979643865972,42.3393931930328],[-71.0981266062278,42.3394238836084],[-71.0982888260157,42.339454573955],[-71.0984311268788,42.3394249476417],[-71.0986551107055,42.3393202977503],[-71.0987153461624,42.3394259400116],[-71.0988571693763,42.3394716200771],[-71.0988764205709,42.3396373660997],[-71.0989361880836,42.3398169459229],[-71.0990778214829,42.3398927484723],[-71.0990365503818,42.3399980365351],[-71.0990560884988,42.340118598371],[-71.0991768486794,42.3402846982666],[-71.0993187695197,42.3403153163755],[-71.0994814688204,42.3402706981388],[-71.0995630566603,42.3402107354856],[-71.0994619298459,42.3401501363792],[-71.0993401201814,42.3401497119549],[-71.0992591998867,42.3401042447953],[-71.0993003753142,42.3400140180348],[-71.0992811228945,42.3398482720968],[-71.0991804652598,42.3397137350511],[-71.0991407210087,42.339578041063]]],[[[-71.0214903498726,42.3328839248264],[-71.0202655530618,42.3320778057418],[-71.018748662597,42.3313443906941],[-71.017587032399,42.3309752996569],[-71.0162932892407,42.3307507821228],[-71.0156131111329,42.3306507008433],[-71.0155164105864,42.3307475105281],[-71.0153222747773,42.3307959853893],[-71.015126670991,42.3307951605047],[-71.0146708509677,42.3312779536879],[-71.0143438344182,42.3315682241599],[-71.0143763046072,42.3316655785186],[-71.0140171777189,42.3320515603231],[-71.0136578465309,42.332463555991],[-71.0136563629163,42.3326566147994],[-71.0128376543324,42.3337690917082],[-71.0125738771129,42.3344717709604],[-71.0125705129656,42.3349085491672],[-71.0126980067336,42.3351281705065],[-71.0126968891447,42.3352733068238],[-71.0127291689338,42.3353953073588],[-71.0125647126025,42.3356616149441],[-71.0123362332721,42.3358537109503],[-71.0121407704867,42.3360719624593],[-71.0121043745501,42.3364839537492],[-71.012295902779,42.3367764176937],[-71.0123924056778,42.336946614628],[-71.012617725201,42.3371652815592],[-71.0129754038518,42.3369723631722],[-71.0131678750622,42.3371429659455],[-71.0128436049274,42.3373113799129],[-71.0127117940475,42.3376517656873],[-71.0127750799797,42.3378218214628],[-71.0129994856879,42.3379199893274],[-71.0132899625575,42.3380663603793],[-71.0137747795155,42.3381409822845],[-71.0144561488337,42.3380959380382],[-71.0148101108373,42.3383877142615],[-71.015262991461,42.3385361348025],[-71.0167523459902,42.338542404664],[-71.0189216005273,42.3384542852286],[-71.020121205931,42.3382155715061],[-71.0213556581184,42.3377606482979],[-71.0222014344048,42.3372055109164],[-71.0229536043256,42.3363350505257],[-71.0232181818423,42.3355118571435],[-71.023256340906,42.3348561425937],[-71.0229698808961,42.3341758040605],[-71.0224896602185,42.3334946600204],[-71.0220054017566,42.3331051483674],[-71.0214903498726,42.3328839248264]]],[[[-70.9875331765823,42.3200253519237],[-70.9874889408963,42.3200196776297],[-70.9874896225562,42.3200205723327],[-70.98748990688,42.3200232003929],[-70.9874898096854,42.3200274895836],[-70.9874893467899,42.3200333676784],[-70.987488534011,42.3200407624507],[-70.9874873871664,42.3200496016741],[-70.9874859220734,42.320059813122],[-70.9874841545495,42.3200713245678],[-70.9874821004121,42.3200840637852],[-70.9874797754786,42.3200979585474],[-70.9874771955664,42.3201129366281],[-70.9874743764929,42.3201289258007],[-70.9874713340756,42.3201458538387],[-70.9874680841318,42.3201636485155],[-70.987464642479,42.3201822376046],[-70.9874610249347,42.3202015488795],[-70.9874572473162,42.3202215101136],[-70.9874533254411,42.3202420490806],[-70.987449275127,42.3202630935537],[-70.9874451121913,42.3202845713067],[-70.9874408524518,42.3203064101128],[-70.987436511726,42.3203285377456],[-70.9874321058315,42.3203508819787],[-70.9874276505862,42.3203733705854],[-70.9874231618078,42.3203959313394],[-70.9874186553141,42.3204184920141],[-70.9874141469229,42.3204409803831],[-70.9874096524521,42.3204633242197],[-70.9874051877196,42.3204854512977],[-70.9874007685434,42.3205072893905],[-70.9873964107416,42.3205287662716],[-70.9873921301321,42.3205498097145],[-70.9873879425331,42.3205703474929],[-70.9873838637627,42.3205903073801],[-70.987379909639,42.3206096171499],[-70.9873760959803,42.3206282045756],[-70.9873724386047,42.3206459974309],[-70.9873689533305,42.3206629234893],[-70.9873656559759,42.3206789105244],[-70.9873625623593,42.3206938863097],[-70.9873596882989,42.3207077786188],[-70.987357049613,42.3207205152251],[-70.9873546621198,42.3207320239023],[-70.9873525416377,42.320742232424],[-70.987350703985,42.3207510685636],[-70.9873491649799,42.3207584600947],[-70.9873479404406,42.3207643347909],[-70.9873470461853,42.3207686204257],[-70.9873463117993,42.3207721356053],[-70.9873995379717,42.3212625687118],[-70.987424275303,42.3216255333679],[-70.9874204832755,42.3220938038956],[-70.9873031504998,42.3224561348494],[-70.9874139191655,42.3229043773304],[-70.9874951171369,42.3235866314448],[-70.9877501629522,42.3239917003484],[-70.9881189124049,42.3244835384819],[-70.988573916156,42.3248059708607],[-70.9888872017922,42.3250839549798],[-70.9891140993544,42.3253204764739],[-70.9895721739722,42.3254922998179],[-70.9902018404846,42.3256662517454],[-70.9905735391464,42.325795240877],[-70.9909146813261,42.3260528039056],[-70.9909681157796,42.3265213274324],[-70.990706186287,42.3269679151434],[-70.9904478069302,42.3272022827249],[-70.9901305662086,42.3274131112347],[-70.9896992507312,42.3275823547135],[-70.9894675708617,42.3277086671063],[-70.9889515478935,42.3278556233812],[-70.9883766410672,42.3279817763813],[-70.9876301360028,42.3281057925056],[-70.9873149443403,42.3280619400984],[-70.9869418626999,42.3281027225604],[-70.9864835552555,42.3281855701654],[-70.9862248772406,42.3282268613267],[-70.9859945669366,42.3281833846515],[-70.9857085549166,42.328182105368],[-70.9851927567682,42.3280729942181],[-70.9846781032915,42.3280501492543],[-70.9843625681444,42.3280487342614],[-70.9839905228512,42.3279621706168],[-70.9836472070488,42.3277470243653],[-70.9834768190334,42.3275970094868],[-70.9834211817195,42.3274050630286],[-70.9835665050803,42.327234558487],[-70.9838243740552,42.3270659284659],[-70.9840842654314,42.3268753987775],[-70.9840578040236,42.3267260306237],[-70.9839426060774,42.3265968030124],[-70.9839175295089,42.3262776527251],[-70.98395163752,42.3254891117052],[-70.9840748358152,42.3246366151982],[-70.9841374249719,42.3239755429927],[-70.9841993098815,42.3234007309735],[-70.9842900233316,42.3229109424221],[-70.9843498199517,42.3225921727594],[-70.9843234221307,42.3222086610633],[-70.9841830928041,42.3219944265478],[-70.9840119231374,42.3217156980914],[-70.9840136531713,42.3215034702606],[-70.9841596532007,42.3212480736171],[-70.984505260864,42.3209511250814],[-70.9847661727207,42.320631887664],[-70.984801511612,42.3203705170031],[-70.9849980742354,42.3202495335965],[-70.9850858254263,42.3201225853737],[-70.9853194011432,42.3197607770693],[-70.985607967621,42.3194430307999],[-70.9858965423221,42.319123914572],[-70.9861556946289,42.3190196402828],[-70.9864710181905,42.3190415885483],[-70.9869288626285,42.3192353300585],[-70.9871991870495,42.3193460774781],[-70.9872157696986,42.3193488899888],[-70.987781696851,42.3191829942782],[-70.9880566980536,42.319171896182],[-70.9880579604419,42.3190158059079],[-70.9882351773746,42.3190042717865],[-70.9884582140414,42.3194872449814],[-70.9881177623147,42.31960622427],[-70.9879744447775,42.3193043482082],[-70.9873534890707,42.3194302908263],[-70.9875550628236,42.3196009782578],[-70.9875288055221,42.3198815599179],[-70.9875508568095,42.3198926123354],[-70.9882769113722,42.3200040189548],[-70.9882279708863,42.3198956293486],[-70.9883740245016,42.3198593095218],[-70.9885647290122,42.3202339667882],[-70.98840392564,42.3202688519429],[-70.9883238077978,42.3201370461518],[-70.9875331765823,42.3200253519237]]],[[[-71.0111130807929,42.3081751417092],[-71.0114004474571,42.3083596808777],[-71.011627428831,42.3086171224192],[-71.0117852437066,42.3089427191086],[-71.0120117463222,42.3092172735953],[-71.0121472961982,42.3094402174043],[-71.0123287459325,42.3096462400525],[-71.0125111953127,42.3096986353776],[-71.012762397131,42.3097848825656],[-71.0129901233498,42.3099228973775],[-71.0131959485984,42.3099580010372],[-71.0133793789957,42.3099073073586],[-71.0134486589241,42.3098221450379],[-71.0132895725236,42.3096845451046],[-71.0134060122803,42.3093943437666],[-71.0136361246021,42.3092241600933],[-71.0138885656729,42.3091225335492],[-71.0142777350848,42.3091415551007],[-71.0148710022667,42.3093490534967],[-71.0153262976186,42.3096248271736],[-71.0157590750211,42.3099002439687],[-71.0161680626646,42.3102954926126],[-71.0167125767015,42.3108964252226],[-71.0170051941191,42.3115305419417],[-71.0170693841295,42.3121122138756],[-71.0170665137521,42.3124884885548],[-71.0170412135918,42.3128304237198],[-71.0167615067286,42.3134792499087],[-71.0161851868009,42.3140413714479],[-71.0155423518765,42.314278147145],[-71.0140277974014,42.3148531545572],[-71.0135682107072,42.3151076884034],[-71.0128111701791,42.315361218112],[-71.0114551025902,42.3161248610574],[-71.0107407555088,42.3167718240297],[-71.0102339769068,42.3171631910528],[-71.0098413381591,42.3176574770675],[-71.0095856069757,42.3181523459868],[-71.0096522688595,42.3184093667449],[-71.0095821615508,42.3185970670625],[-71.0092600978373,42.3188179369979],[-71.0089386917088,42.3189537503912],[-71.0084783903021,42.3192938376919],[-71.008178426546,42.31956613267],[-71.0074413675237,42.3202300935358],[-71.0069584372798,42.3205358325601],[-71.0060405240892,42.3208224619692],[-71.0054440031905,42.3209740754352],[-71.0045965837319,42.3210902362251],[-71.0036800236263,42.32122307106],[-71.0030847218437,42.3212886880363],[-71.0024207951286,42.3213032053123],[-71.0017345317437,42.3212487481318],[-71.0007286391851,42.3211245727631],[-70.9999742332983,42.3209845041003],[-70.9994725205996,42.3208111627427],[-70.9991307279938,42.3206046817605],[-70.9991091539485,42.3204164513142],[-70.9991339761016,42.3201941915309],[-70.9993181198056,42.320058191],[-70.9993651804055,42.319870122625],[-70.9993209605436,42.3196990462352],[-70.999139931687,42.3194415210442],[-70.9990047930546,42.3191673536815],[-70.9990521422911,42.3189451783596],[-70.9993041213922,42.3189121817645],[-70.9996702188548,42.3189137760648],[-71.0001051706341,42.3189156686996],[-71.0003793007486,42.3190191581903],[-71.0005828927533,42.3192937583173],[-71.0010157738415,42.3195352591535],[-71.0012667617533,42.3196048115869],[-71.0017701999023,42.3196239738969],[-71.002458379057,42.3194559343862],[-71.0031466716903,42.3192024493848],[-71.003929086779,42.3186412691887],[-71.0045056868725,42.3180623546156],[-71.0048986891133,42.3175508492509],[-71.0052924553594,42.3169879848161],[-71.0055235831537,42.3167154010766],[-71.005868442641,42.3164604079842],[-71.0062374266816,42.3161370681298],[-71.006331706322,42.315760926261],[-71.0064944618237,42.3154539404244],[-71.006519236322,42.3151632156425],[-71.0066611476646,42.314616378502],[-71.0067777776074,42.3143092059804],[-71.0070078568658,42.3141905060128],[-71.0071240877791,42.3139342679542],[-71.0071496264272,42.313592335845],[-71.0069443756162,42.3135057396309],[-71.0070829787102,42.313335450297],[-71.007403443418,42.3133198455201],[-71.0077243412453,42.3132698732284],[-71.0079996504907,42.3131512417767],[-71.008344299414,42.312964703393],[-71.0086217000083,42.3126238481613],[-71.008669043798,42.312418784493],[-71.0088993115546,42.312231632124],[-71.0090618457021,42.3119242425772],[-71.0092689479467,42.3117713589792],[-71.0094996640204,42.3115499620623],[-71.0097526490357,42.3113801576403],[-71.0100063950075,42.3110904085165],[-71.0101684853348,42.3108175071973],[-71.0103535429681,42.3105785379811],[-71.0105844595469,42.3103059429911],[-71.0108613403276,42.3100507822026],[-71.0110693282685,42.309760698991],[-71.0112319216759,42.3094192118968],[-71.0113265273861,42.3090434640449],[-71.0113068753036,42.3086498542947],[-71.0111254328074,42.3084436930685],[-71.0111130807929,42.3081751417092]]],[[[-71.074096136731,42.3979159857342],[-71.0167595335205,42.3976881707675],[-71.0160563916188,42.3973734546704],[-71.0163753943287,42.3972734997006],[-71.0169201131862,42.3973097583981],[-71.0170586302853,42.3970068076212],[-71.0175125194675,42.3970760368855],[-71.0179707288309,42.3966057488066],[-71.018018650107,42.3962350235339],[-71.018427421027,42.3962367349104],[-71.018565861174,42.3959672050109],[-71.0187940018745,42.3958335085876],[-71.0187510375132,42.3955297282093],[-71.0188447624216,42.3951590708377],[-71.0191649197045,42.3948566713996],[-71.0190768419228,42.3944852539757],[-71.0187600234118,42.3943492102749],[-71.0183529489409,42.3940776032217],[-71.0180363914182,42.3939077932168],[-71.0175825050736,42.3938383605008],[-71.0176404270779,42.3922533555105],[-71.0180036421017,42.3922886429131],[-71.01809632178,42.3919851015057],[-71.0181450462837,42.3915808191529],[-71.0186028412743,42.3911105811733],[-71.018970159922,42.3906060060532],[-71.0195161990651,42.390507333599],[-71.0198784528345,42.3906437019306],[-71.0206046001267,42.3907480120768],[-71.0206518466833,42.3905120702153],[-71.0202439687482,42.3903753224054],[-71.019928265843,42.3900704045891],[-71.0197944587936,42.389732685124],[-71.0198876724349,42.3894295414522],[-71.0202984518161,42.3891613505671],[-71.0204821338275,42.3888923489332],[-71.0227673043657,42.3870802563561],[-71.0227235595831,42.386877824693],[-71.0233618311966,42.3865768830154],[-71.0233180430783,42.3863067973023],[-71.0245022975991,42.3859068685255],[-71.0244572817733,42.3858731224381],[-71.0261433071934,42.385137896582],[-71.0261901209131,42.3850032330525],[-71.026918197005,42.3847702270833],[-71.0269174396917,42.384871451791],[-71.0275099678725,42.3846039138409],[-71.0292816531187,42.3846111759806],[-71.0293266034787,42.3846787538014],[-71.0295058831224,42.3850168400653],[-71.0295508329917,42.3850845547119],[-71.0293180660276,42.3858257162009],[-71.0297719571932,42.3858611321591],[-71.0304518768397,42.3860664877278],[-71.0309512413903,42.3861021530535],[-71.0311789888009,42.3860355641589],[-71.0313616156021,42.3859014519153],[-71.0313626145304,42.3857666681907],[-71.0315452426,42.3856322270401],[-71.0315477403438,42.3852950760081],[-71.0317745690623,42.3853296278209],[-71.0317713205394,42.3857683321809],[-71.0319527809168,42.3857690705065],[-71.0320879932219,42.3859719390746],[-71.032269435718,42.3859726768256],[-71.0322711828861,42.3857364766876],[-71.0329071527457,42.3857390603022],[-71.0357640885935,42.3863915769841],[-71.035763347432,42.3864925278722],[-71.0362617298079,42.3866632277323],[-71.0369881032702,42.3867336701773],[-71.0372141972637,42.3868697098204],[-71.0374426999009,42.386701870192],[-71.0374882165891,42.386668164549],[-71.0376240192243,42.3867699928506],[-71.0379872012637,42.3868050117825],[-71.0380784321126,42.3867380526919],[-71.0382593248025,42.3868399380204],[-71.0384418591723,42.3867395111702],[-71.0391223709192,42.386843398296],[-71.0393421294674,42.3868584499596],[-71.0395685020253,42.3868834272542],[-71.0400572167516,42.3864498687075],[-71.0401219803053,42.3864741987711],[-71.0390137902039,42.3874862034486],[-71.0392077029167,42.3875353142617],[-71.0402165464024,42.3867892136843],[-71.0404115041754,42.3867172450333],[-71.0406059416433,42.3866939503497],[-71.040671298709,42.3865730748892],[-71.040833533416,42.3865255800721],[-71.0408323042081,42.3866948539338],[-71.0411239474524,42.3866718230294],[-71.0411918531603,42.3862606518106],[-71.0414503227564,42.3862859450931],[-71.041350753214,42.3866727273614],[-71.0417074189724,42.3865772066015],[-71.0420960797884,42.3865063488019],[-71.0421302291761,42.3863127239872],[-71.0422594597129,42.3863132381895],[-71.0422610349737,42.3860956316233],[-71.042422456022,42.386144676234],[-71.0424229819456,42.3860719992258],[-71.0429114253003,42.3857109696792],[-71.0431716501425,42.3855186532276],[-71.0433658996004,42.3854951614524],[-71.0433040266753,42.3851319447907],[-71.0438874807243,42.3850373172738],[-71.0438867814849,42.3851342564952],[-71.0440476178247,42.3852798414339],[-71.044241689596,42.3852806103604],[-71.0444672689919,42.3854510563356],[-71.0448233833728,42.3854281891611],[-71.0457561798789,42.3862787623232],[-71.0460305410054,42.3863650253846],[-71.0459830579549,42.3866346734754],[-71.0460273933031,42.3868034561964],[-71.0464796583633,42.3871087720907],[-71.0473405374305,42.3874156944471],[-71.0480652829426,42.3876547503423],[-71.0486547992106,42.3878257405375],[-71.0491100092144,42.3876926144813],[-71.0491140986505,42.3871191260027],[-71.0493411831748,42.3871200156693],[-71.0493387777941,42.3874575092373],[-71.0494746599824,42.3875254214804],[-71.0502476394716,42.3874270947254],[-71.0509299280374,42.3872949036541],[-71.0515203303292,42.3872634547988],[-71.052064820544,42.3874004866492],[-71.0525173970144,42.3876382491482],[-71.0527876435194,42.3879767342758],[-71.0530587560927,42.3881800374827],[-71.0532390133944,42.3883494136433],[-71.053418596275,42.3886536428758],[-71.0532347241706,42.3889564611377],[-71.0530063310738,42.3891917808546],[-71.0529130910321,42.389494950629],[-71.0527300761179,42.3896628469611],[-71.0524110616531,42.3898302962038],[-71.0521370231928,42.3900654366054],[-71.0519538383314,42.3902333310335],[-71.0515896539997,42.3903332631305],[-71.051179962302,42.3904665217571],[-71.0509967547804,42.3906344830337],[-71.0506318684748,42.3908352398169],[-71.0502674993452,42.3910361206952],[-71.0500845445341,42.3911705900193],[-71.0499474000605,42.3913047726967],[-71.0497651484754,42.3913376881237],[-71.0493089678358,42.3916397765135],[-71.0491260318413,42.3918073387838],[-71.0488968372474,42.392076535702],[-71.0487994398592,42.3930205832585],[-71.0488891365129,42.3931558455835],[-71.0491612376984,42.3932581394723],[-71.0492513966865,42.3933258863807],[-71.049384221475,42.393798614342],[-71.0496111828017,42.3938331312833],[-71.049747132674,42.3938675655453],[-71.0496551442363,42.3940694414159],[-71.0495627843128,42.3942715211367],[-71.0495163095935,42.3944398234205],[-71.0496063763372,42.3945078435096],[-71.0498342462767,42.3944410676426],[-71.0499709185851,42.3943742085466],[-71.0499721186997,42.3942056057967],[-71.0501101384842,42.3939363105846],[-71.0502025326435,42.3937680506285],[-71.0502947774967,42.3935661753167],[-71.0503408824967,42.3934650595618],[-71.050251183938,42.3933297983847],[-71.0502068513067,42.393161003928],[-71.0503454413038,42.3928240567492],[-71.0504837884065,42.3925210654439],[-71.0507124037879,42.3923196539426],[-71.051122958675,42.3921186780249],[-71.0515779339605,42.3919858014766],[-71.0522171299522,42.3915158774359],[-71.05253474041,42.3915846299335],[-71.0531296417147,42.3910136433635],[-71.0532197084326,42.3910815237592],[-71.0543176851185,42.3899725392981],[-71.054364203473,42.3898717657915],[-71.0552787494793,42.3889983366238],[-71.0558689911918,42.3890679417157],[-71.0561423003935,42.3889340856304],[-71.0563700485904,42.3888676386776],[-71.0567338844784,42.3888015102388],[-71.0567803386253,42.3886330131373],[-71.0575521632945,42.3887369373372],[-71.0574585611405,42.3891078317001],[-71.0582305135817,42.3891444265337],[-71.0582312189039,42.3890434755665],[-71.0582321624231,42.3889084315658],[-71.0584143102467,42.3888755023553],[-71.0585048511075,42.3888758497995],[-71.058594911938,42.3890111060288],[-71.0586846450444,42.3891801399438],[-71.0595919128358,42.3893522236939],[-71.0595942621313,42.3890149354422],[-71.0598234670929,42.3887122121105],[-71.0605506135398,42.3886811030173],[-71.0610495275634,42.3887842897053],[-71.0614584893433,42.388751892121],[-71.0620937887855,42.3888556624674],[-71.0628659960977,42.3888925010223],[-71.0643187820293,42.3890329218277],[-71.0646362746253,42.38906788889],[-71.0647263487507,42.3892031540057],[-71.0660883726568,42.3893095121842],[-71.0663612935726,42.3892428872219],[-71.0670869641526,42.3894142272558],[-71.0684028977814,42.3896553773321],[-71.0684033586371,42.3895878621467],[-71.0696749449079,42.3896265133274],[-71.0696733386634,42.3898625221098],[-71.0703078843413,42.3900671977456],[-71.0705835503396,42.3895960193136],[-71.0711728245517,42.3898004527673],[-71.0706228689337,42.3905407180026],[-71.0708493709735,42.3906428451785],[-71.0707572228949,42.3908108486797],[-71.0711188599072,42.3910821003962],[-71.071298123861,42.391419928345],[-71.0713419168228,42.3916900631375],[-71.0712490983449,42.3919596204878],[-71.0707469174264,42.3923288102855],[-71.0704730736614,42.3925300240653],[-71.0699735443725,42.3924945984453],[-71.0698366689604,42.3925950403646],[-71.069333662972,42.3930318746857],[-71.0692407267049,42.3933686866282],[-71.0691028355122,42.3936041712547],[-71.0694649209138,42.3938081729489],[-71.069235901575,42.3940768902958],[-71.0693710176725,42.3942462086534],[-71.0702316630575,42.3946202826997],[-71.0706892773016,42.3941498386047],[-71.071053890757,42.3939825910985],[-71.0711916839337,42.3937468299672],[-71.0712839449157,42.3935110359549],[-71.0716031842424,42.3933438777974],[-71.0717406099998,42.3931756451562],[-71.0721515554732,42.3928398087051],[-71.0728309618037,42.3931796980031],[-71.0729207200438,42.3933487753487],[-71.0731928307212,42.3934171785653],[-71.0733749785417,42.3933165582362],[-71.0735572235326,42.3932836054307],[-71.0736006774011,42.3935536010256],[-71.0734181181155,42.3936877800587],[-71.073325607767,42.3939235063576],[-71.0720932698087,42.3947621307283],[-71.0720470819882,42.3948970199853],[-71.0720000682796,42.395099149116],[-71.0719991553736,42.3952340013453],[-71.0720893883177,42.3953356189815],[-71.0719522811762,42.3954700331343],[-71.0720873339764,42.3956391425888],[-71.0723615076977,42.3954040241361],[-71.0725900823651,42.3952025556881],[-71.0729535569357,42.395203905147],[-71.073315819201,42.3953739382833],[-71.0736765845093,42.3957799517425],[-71.0732643975404,42.3962844096693],[-71.0734450527065,42.3964199213378],[-71.073672491018,42.3963869989287],[-71.0736288081114,42.3961506310181],[-71.0737200396801,42.3960500840543],[-71.0738562359537,42.3960505884955],[-71.0741275928963,42.3962876074353],[-71.0743071141122,42.3965918028097],[-71.0743638452228,42.3979169762103],[-71.074096136731,42.3979159857342]]],[[[-71.0746223536843,42.3592303553049],[-71.074183241785,42.3597367193381],[-71.0739663085762,42.3598742094365],[-71.0739353939418,42.3598042635423],[-71.074122944998,42.3596433875772],[-71.0744674332376,42.3592065050679],[-71.0747174597365,42.3588144572417],[-71.0748725357432,42.3588150305949],[-71.0746223536843,42.3592303553049]]],[[[-71.0446638790158,42.3715620667916],[-71.0448572405247,42.3716354018283],[-71.0447599997539,42.371804802953],[-71.0453397436893,42.3720727286666],[-71.0452745935149,42.3721450409214],[-71.0444684273056,42.3717790023185],[-71.0439181649716,42.3717768218995],[-71.0439167728021,42.3719698794082],[-71.0450784428554,42.3724591908079],[-71.0450131146855,42.3725561485457],[-71.0441423260707,42.3721884828425],[-71.0438815407867,42.3725023745487],[-71.044847840415,42.3729416206701],[-71.0446856231213,42.3731586880073],[-71.0440085280347,42.3728178034543],[-71.0438797930079,42.3727447232943],[-71.0437481647374,42.3728167710669],[-71.0435227079826,42.3728405229535],[-71.0426522706526,42.3724249239252],[-71.0425204633795,42.3725216159321],[-71.0429092124048,42.3726436545573],[-71.0428752719984,42.3727407358093],[-71.0425199384729,42.3725941836305],[-71.0423894521313,42.3727634505228],[-71.0440029405735,42.3735927716631],[-71.0439693567539,42.3736405619579],[-71.0423575357465,42.3728358933336],[-71.0418344500481,42.3734143693378],[-71.0432861499358,42.3741458397901],[-71.0431894252503,42.3742426718169],[-71.0417043173617,42.373534344168],[-71.0411494703373,42.3741619831422],[-71.041278205094,42.3742350663341],[-71.0414394838646,42.3744041259683],[-71.0415359439403,42.3745989426275],[-71.0414697345555,42.3748163880012],[-71.041887862894,42.3749631933978],[-71.0419525856453,42.3752058066975],[-71.0418847089595,42.3753985993106],[-71.0417226537832,42.3755910167326],[-71.0423031131967,42.3757631134652],[-71.0422370737104,42.3759572828097],[-71.0426903075106,42.3761028556618],[-71.0426251501552,42.3761751663497],[-71.0412666251984,42.3758315546731],[-71.0411013977168,42.3764607461917],[-71.0413265207245,42.3764849210891],[-71.0413258156681,42.3765821343255],[-71.0430410147204,42.3766368836569],[-71.0430406585627,42.3766861748792],[-71.041325289357,42.3766547019512],[-71.0413226577834,42.3770175400619],[-71.0432985955184,42.3770254014107],[-71.0432643072605,42.3771704046976],[-71.042067661795,42.3771656475027],[-71.0420645089886,42.3776010532013],[-71.0421605367483,42.3776014354135],[-71.042158435294,42.3778917058569],[-71.042838019515,42.3778944084643],[-71.0428956569869,42.3788626897463],[-71.0415362891162,42.3788819267953],[-71.0415024428408,42.3792199940154],[-71.0432165591447,42.379178889359],[-71.0432155108173,42.3793240245403],[-71.0415013905788,42.3793651291796],[-71.0415291024412,42.3798732273339],[-71.0431806248666,42.3798072273849],[-71.0431485277873,42.3799043158918],[-71.0417871221919,42.3799468249598],[-71.0417836101566,42.3804315215494],[-71.0431448580318,42.3804122889183],[-71.0431443337762,42.3804848564887],[-71.0418475428189,42.3805289921258],[-71.0419750715575,42.3807704859397],[-71.0421061929541,42.3807710078878],[-71.0420710175023,42.3810378694221],[-71.0421354865534,42.3810614030711],[-71.042127773674,42.3821266398879],[-71.0412856238706,42.3821232852141],[-71.0412852762459,42.3821712071702],[-71.0406702848615,42.3821687534792],[-71.0406378346132,42.3823137631855],[-71.040441977644,42.3825799824857],[-71.0404411020013,42.3827004719553],[-71.0402785803993,42.3826998226596],[-71.0401114782861,42.3833290043851],[-71.0401008132996,42.3847954154856],[-71.0401005743027,42.3848282762328],[-71.039971291408,42.3848277593839],[-71.0399813219275,42.3834489769936],[-71.039756184607,42.3834234303042],[-71.0397217053651,42.383593077889],[-71.0396570651818,42.3835928192698],[-71.0396558291935,42.3837625998369],[-71.0395911888371,42.3837623411807],[-71.0395622645783,42.3834226543956],[-71.039464381137,42.3834222626224],[-71.0394601530696,42.3840028026144],[-71.0393953329482,42.3840271894122],[-71.0391881037894,42.3840783906387],[-71.037280280594,42.3840707335477],[-71.0372735275823,42.3849935727608],[-71.0372716439177,42.385250981883],[-71.037089050365,42.3852160164376],[-71.037090593976,42.3850051600309],[-71.0370964575991,42.384204179431],[-71.0367803903873,42.3842371382832],[-71.0365950808154,42.3845732246083],[-71.0361869179923,42.3845715799117],[-71.0361424732751,42.3843358917866],[-71.0360527193639,42.3842342062707],[-71.0358727199754,42.3840979257074],[-71.0355552985487,42.3840637830591],[-71.0352817194592,42.3840955400659],[-71.0351897329736,42.3842978157368],[-71.0352784893944,42.3845350524762],[-71.0350495903883,42.3847696366363],[-71.0334157258474,42.3844261897192],[-71.0333803625296,42.3832115317459],[-71.0327021125328,42.3827706224972],[-71.0311581565001,42.3827643410639],[-71.0308830775189,42.3829987288695],[-71.0305644140836,42.3831329837423],[-71.0300203470196,42.3830294388382],[-71.0298381040766,42.3831971106366],[-71.0298351009101,42.3836010238549],[-71.0288807734439,42.3835300272728],[-71.0287910323539,42.3834283360735],[-71.0287932871772,42.383125743471],[-71.02865737569,42.3830238630479],[-71.0285676356776,42.3829221716624],[-71.0283876561557,42.3827858793481],[-71.0271151852408,42.3827806562086],[-71.0271539602228,42.3835229432606],[-71.0245583993166,42.3845912070745],[-71.0227339294239,42.3855284282012],[-71.0223682975901,42.385763789255],[-71.0210001650084,42.3864317671057],[-71.0209104324743,42.3863300698281],[-71.019547640496,42.3862915254279],[-71.018848808149,42.3871074099826],[-71.0182181815027,42.3879386374519],[-71.0176222573001,42.3885769442534],[-71.0163850174703,42.3899875430248],[-71.0165671003844,42.390089631796],[-71.0164737113198,42.390224793952],[-71.0162467856561,42.3901896091803],[-71.0145506833655,42.392173337735],[-71.0150019740872,42.3925791658109],[-71.0153199727664,42.3927831528188],[-71.0156796814399,42.3930886380427],[-71.0156763251406,42.3935267797802],[-71.0154460196592,42.3939311043451],[-71.0150339215697,42.3944346166908],[-71.0146223319832,42.3948710370776],[-71.0139821994785,42.3952393983414],[-71.0129815673137,42.3954035838713],[-71.0118444902221,42.3955343203006],[-71.0105610825764,42.3971473064053],[-71.0101991615602,42.3976044606791],[-70.9811380758471,42.3974675143483],[-70.9812974406219,42.3879485586656],[-70.9811326892755,42.3879323865591],[-70.9812762856738,42.3704285505082],[-70.9813955176108,42.3703586266563],[-70.9817572296095,42.3700952970884],[-70.9821844215421,42.3698321346429],[-70.9824801034251,42.3696405076876],[-70.9829064228505,42.3695461531834],[-70.9832341410907,42.369451340474],[-70.9836277019633,42.3692844987751],[-70.9842168438427,42.3692148047046],[-70.9842854547204,42.3688055429871],[-70.984841344554,42.3688322970645],[-70.9851686554461,42.3687613599687],[-70.9855618043852,42.368666706996],[-70.985889323236,42.3685957655279],[-70.9861185098677,42.3685729236882],[-70.9864129704929,42.3685499620889],[-70.9870675857718,42.3684566113273],[-70.9872635399463,42.3685056309859],[-70.9877534320771,42.3685559395165],[-70.9883742327175,42.3686068452548],[-70.9888967096792,42.3687056452124],[-70.9895495736967,42.3688290243922],[-70.9900705004081,42.3691205610288],[-70.9906559458543,42.3695083925716],[-70.9911437230742,42.3697999006944],[-70.9917631761622,42.3700433255621],[-70.9922854960761,42.3701661122164],[-70.9927755579839,42.3702406800031],[-70.9934284280174,42.3703639034191],[-70.9941135595859,42.3705356097974],[-70.9947328185002,42.3708033458989],[-70.9956452226653,42.3712170558435],[-70.9964242441231,42.3718949319481],[-70.9965835896436,42.3724256780385],[-70.9965461479781,42.3730279033206],[-70.9964774218848,42.3734610337025],[-70.9963096512876,42.3739902791922],[-70.9963069633867,42.3743277759918],[-70.9961063559637,42.3748569423793],[-70.9959715770642,42.3753864002085],[-70.9957411967899,42.3755539993445],[-70.9956098728194,42.3756496951967],[-70.9954111839982,42.3759139917379],[-70.9952141960778,42.3760575280363],[-70.9949191351025,42.3761285838021],[-70.9945591610734,42.3761512007386],[-70.9938064020743,42.3762441590173],[-70.9935113116322,42.376339337138],[-70.9930202002,42.3764334591007],[-70.9925920734897,42.3767929322938],[-70.992326736465,42.3772254013573],[-70.9923230633569,42.3776829591992],[-70.9924819926594,42.3782861141574],[-70.9925443429273,42.3786719546039],[-70.9925735154336,42.3791058597171],[-70.9925051502158,42.379466792023],[-70.9923693627145,42.380116912239],[-70.9923991239641,42.3804540143507],[-70.9927590953786,42.3804556020431],[-70.9927575467278,42.3806486722071],[-70.9925613373655,42.380623543954],[-70.9925601785811,42.3807679529268],[-70.9924620779446,42.3807675201876],[-70.9924274925624,42.3810083817911],[-70.9922637384887,42.3810076592103],[-70.9922631586989,42.3810798705354],[-70.9921976800884,42.3811038445279],[-70.9921972935111,42.3811519854101],[-70.9922950152731,42.3811766796883],[-70.9922946287695,42.3812248205701],[-70.9923929332609,42.3812252543483],[-70.9923915798762,42.3813938569669],[-70.9922928886165,42.3814415640669],[-70.9922579358035,42.3817303611605],[-70.992356212414,42.3817550715206],[-70.9923442452866,42.3819413452883],[-70.9924359138536,42.3819587283546],[-70.9925959317858,42.381976549737],[-70.9926649220249,42.3819427598413],[-70.9928254312009,42.3819434675356],[-70.9929850396189,42.3820123730197],[-70.9932825260372,42.382047983179],[-70.9937862027857,42.3821014785986],[-70.9938053159879,42.3825977762111],[-70.9937635125927,42.3827718283842],[-70.993663989645,42.3830382146983],[-70.9936616578324,42.3833294285902],[-70.993724090407,42.3835965412685],[-70.9937876659858,42.3837667028876],[-70.9932687233755,42.3838372895075],[-70.9932035838703,42.3838854737633],[-70.9931699766781,42.3840067364224],[-70.9933643965499,42.3840075927204],[-70.9934295262715,42.3839836849945],[-70.9937537993746,42.3839851123008],[-70.9937198146829,42.3841305816515],[-70.9930393048816,42.3841516426855],[-70.992973962877,42.3842484340117],[-70.9928757676182,42.3843692886945],[-70.9927451473617,42.3844415839404],[-70.992615662511,42.3844410129841],[-70.992422368936,42.38434301267],[-70.9921958926369,42.3842450024978],[-70.991937490756,42.3841709906379],[-70.9914514121758,42.3841688431265],[-70.9909326887458,42.3841908120972],[-70.9907055935095,42.3842384151572],[-70.9900894649139,42.3842599628048],[-70.989830477538,42.3842588146871],[-70.9896996149349,42.3844038395707],[-70.9896333259132,42.384573441123],[-70.989340314123,42.384741817478],[-70.9892405357941,42.3850809466441],[-70.9893676578092,42.3853971485966],[-70.9894635075285,42.3855674558114],[-70.9894934485291,42.3858345497679],[-70.9891998460138,42.3860756709431],[-70.9886169293953,42.3860488870564],[-70.9878722777048,42.3859484272106],[-70.9873537166654,42.3859461178602],[-70.9872248187019,42.3858727956329],[-70.9870300115504,42.3858962039219],[-70.9869652160861,42.3859443861873],[-70.986512399206,42.385845355372],[-70.9862522603997,42.3859169282359],[-70.9858930960053,42.3862552382998],[-70.9854698009818,42.386495770426],[-70.985273588946,42.3866891745619],[-70.9853038735164,42.3869804108884],[-70.9852026869559,42.3874894120227],[-70.9850696514413,42.3879013966372],[-70.9849047203084,42.3882402303212],[-70.9846766193206,42.3884088853591],[-70.9843837985836,42.3885047212115],[-70.9839946860244,42.3885760532599],[-70.9838327386649,42.3885507215987],[-70.9838669762188,42.388356990572],[-70.9836749033079,42.3880648226427],[-70.9835784897317,42.3879672559382],[-70.9833203077604,42.387820477979],[-70.9831591189714,42.387722948636],[-70.9829312251768,42.3878433354004],[-70.9828975644402,42.3879888030004],[-70.9827342276475,42.3881335507599],[-70.9825728298277,42.3880841485141],[-70.9824116868368,42.3879378048595],[-70.9823140653788,42.3879861791479],[-70.982216814336,42.3880340073236],[-70.9819898981754,42.3880572489139],[-70.9818285288295,42.3879593882748],[-70.9817793569294,42.3879958625028],[-70.981329384377,42.3879516942586],[-70.9816110573937,42.3879972403866],[-70.9818929727743,42.3880806646994],[-70.9820267372306,42.3882113449355],[-70.982027628606,42.3882113684024],[-70.9820287445904,42.3882114307373],[-70.9820300751785,42.3882115303177],[-70.9820316103653,42.3882116655212],[-70.9820333401456,42.3882118347254],[-70.9820352545144,42.3882120363078],[-70.9820373434663,42.3882122686461],[-70.9820395969962,42.3882125301179],[-70.9820420050991,42.3882128191006],[-70.9820445577698,42.388213133972],[-70.9820472450031,42.3882134731095],[-70.9820500567938,42.3882138348908],[-70.9820529831369,42.3882142176935],[-70.9820560140271,42.3882146198952],[-70.9820591394594,42.3882150398733],[-70.9820623494285,42.3882154760056],[-70.9820656339294,42.3882159266696],[-70.9820689829568,42.3882163902429],[-70.9820723865057,42.3882168651031],[-70.9820758345708,42.3882173496277],[-70.982079317147,42.3882178421944],[-70.9820828242292,42.3882183411808],[-70.9820863458122,42.3882188449645],[-70.9820898718908,42.388219351923],[-70.98209339246,42.388219860434],[-70.9820968975144,42.3882203688751],[-70.9821003770491,42.3882208756238],[-70.9821038210587,42.3882213790578],[-70.9821072195383,42.3882218775546],[-70.9821105624825,42.3882223694919],[-70.9821138398863,42.3882228532472],[-70.9821170417445,42.3882233271983],[-70.9821201580519,42.3882237897226],[-70.9821231788033,42.3882242391978],[-70.9821260939937,42.3882246740015],[-70.9821288936178,42.3882250925114],[-70.9821315676705,42.3882254931049],[-70.9821341061465,42.3882258741598],[-70.9821364990409,42.3882262340536],[-70.9821387363483,42.388226571164],[-70.9821408080637,42.3882268838685],[-70.9821427041818,42.3882271705448],[-70.9821444146975,42.3882274295705],[-70.9821459296056,42.3882276593232],[-70.982147238901,42.3882278581805],[-70.9821483325785,42.38822802452],[-70.982149200633,42.3882281567194],[-70.9821498330592,42.3882282531562],[-70.9821503510064,42.3882283322525],[-70.9823777326137,42.3882047090503],[-70.9825404694255,42.38818079469],[-70.9826691649524,42.3882539432175],[-70.9828632894257,42.3882315387631],[-70.9829933736534,42.3881349071862],[-70.9830262949171,42.3879488382202],[-70.9830356641626,42.3879324494145],[-70.9831250468126,42.3878438502566],[-70.9832691112172,42.3878444973401],[-70.9836407048827,42.388255568856],[-70.9836386922353,42.3885020233232],[-70.9836055152958,42.3887195838422],[-70.983700564535,42.3888418728814],[-70.983699580681,42.3889623617179],[-70.9835052417568,42.3890107822136],[-70.9832132121711,42.3890341173088],[-70.983017103847,42.3892988691864],[-70.9827879377463,42.3895401950257],[-70.9826564611553,42.3898066060181],[-70.9826522824331,42.3903173142062],[-70.9827153497991,42.3905106607473],[-70.9827455512554,42.3906573053098],[-70.98261506932,42.3908018582217],[-70.9827427733579,42.3909968645831],[-70.9829687763512,42.3911430198556],[-70.9831951720924,42.391241253011],[-70.9831961681345,42.3911193950521],[-70.9830342188505,42.3910460977937],[-70.9828724715139,42.3909481548755],[-70.9828090112387,42.3908027301126],[-70.9827797952008,42.3905355967905],[-70.9828141742909,42.3901715331848],[-70.982880803021,42.3899294769541],[-70.9831111678347,42.3895416475105],[-70.9833409256714,42.3892277538953],[-70.9835687018349,42.3891562066531],[-70.9837960862489,42.3891325806532],[-70.9840893002817,42.3889641097994],[-70.9842173249233,42.3888934832095],[-70.9842264706248,42.388904478138],[-70.9842971148865,42.3888486558874],[-70.9843490656276,42.3888201346481],[-70.9847713661473,42.3886768868394],[-70.9852583208983,42.3885325575025],[-70.9854210463216,42.3885100082615],[-70.9856784456778,42.3886562987162],[-70.9861634954853,42.3889733913618],[-70.9863550627136,42.3892658950643],[-70.9864169503608,42.3896057431014],[-70.9863164992619,42.3899202201141],[-70.9861850367482,42.3901866351146],[-70.9861826667767,42.3904782728209],[-70.9860170421226,42.3910841067226],[-70.9859179671249,42.3912288036225],[-70.9860140814267,42.3914483114742],[-70.9860441017738,42.3916182313805],[-70.9860119109701,42.3917153036596],[-70.9860725419225,42.3919825763379],[-70.9862333177864,42.3922010035013],[-70.9863614362429,42.3923467149262],[-70.9865556511753,42.3925420137913],[-70.9866507118667,42.3926643002846],[-70.9868449286682,42.392859598647],[-70.9871350087373,42.3930786010496],[-70.987392819192,42.3931769658536],[-70.9875865687203,42.3932024751172],[-70.9877164673598,42.3931291145485],[-70.9877487284837,42.3932511205057],[-70.9878780281512,42.3932516960338],[-70.9880073278211,42.3932522714167],[-70.9880713900849,42.393325126142],[-70.9883312495968,42.3933988516299],[-70.9885562022547,42.393449144311],[-70.989010013192,42.3935237301407],[-70.989301077063,42.3936222383014],[-70.9895590920786,42.3936959528134],[-70.9902416624112,42.3935784855505],[-70.990793093967,42.3934590647659],[-70.9911499895828,42.393411350934],[-70.9915072700758,42.3933157143216],[-70.9920919344169,42.393197803417],[-70.9928053247859,42.393151657454],[-70.9933878458254,42.3933007321743],[-70.9936787290877,42.393422505511],[-70.9939685334257,42.3934484266267],[-70.994165491921,42.3933041532652],[-70.9941334155773,42.3931575036715],[-70.9941353545998,42.3929151568629],[-70.9942660116933,42.3927459455199],[-70.9943650699629,42.3926012414841],[-70.9942361549096,42.3925527515543],[-70.9939751304125,42.3926241736486],[-70.9937169282363,42.392573745269],[-70.9933275701537,42.3925241081097],[-70.9928419759393,42.3924973225829],[-70.9925507139262,42.3924234687919],[-70.99222727096,42.3924466882634],[-70.9916758619508,42.3925647467581],[-70.9911889018142,42.392707733928],[-70.9909286449366,42.3926833057512],[-70.9903770327864,42.3928260034494],[-70.9900199521433,42.3928969911316],[-70.9896965058255,42.392920203487],[-70.98934001,42.3929186219554],[-70.9887244420157,42.3927461027658],[-70.9881105249737,42.3925982339237],[-70.9876259199268,42.3924495684221],[-70.9872048962479,42.3922053374248],[-70.9870467528022,42.3918897073149],[-70.9870506961881,42.3914036445903],[-70.9872135578811,42.3911373686154],[-70.9873447002975,42.3911379529746],[-70.9875152687207,42.391287959991],[-70.987537267227,42.3913085965722],[-70.9878591312397,42.3914798153905],[-70.9882162801408,42.3916279131539],[-70.9885050992731,42.391774336836],[-70.9887008913506,42.3917752070068],[-70.9887959550382,42.3918974917497],[-70.9888924788064,42.3920677062939],[-70.9890850527449,42.3922383472643],[-70.9893452960201,42.3922641488042],[-70.9896679544532,42.3923381499808],[-70.9899904148395,42.3924367956859],[-70.9902820713007,42.3924613650879],[-70.9905430992972,42.3923899513683],[-70.9910290885073,42.392367455724],[-70.9911265048422,42.3921981008557],[-70.9911274745934,42.3920776120469],[-70.990968341838,42.3918824761352],[-70.9909052588912,42.3916877649892],[-70.9908089287647,42.391492906677],[-70.9907456481933,42.3913228408682],[-70.9905834910697,42.3912741996812],[-70.9903245134763,42.3913209762511],[-70.9901299736322,42.3913940533503],[-70.9898697336182,42.3913682535799],[-70.9896763755805,42.3912948264601],[-70.9895472788697,42.391269607512],[-70.98964548216,42.3910030412787],[-70.9897135459201,42.3908089110269],[-70.9898442104946,42.3906397046219],[-70.9897797511522,42.3906161417273],[-70.9895824041644,42.3908083293675],[-70.9895161870748,42.3910024677362],[-70.9894189672898,42.3911471758476],[-70.9893839507111,42.3913660988934],[-70.9892536815767,42.3914860138702],[-70.9890591399872,42.3915590891561],[-70.9888962087884,42.3916062889637],[-70.9887336648537,42.3916055668571],[-70.9884750722381,42.391604417578],[-70.9882488664719,42.3914815493825],[-70.9879582021883,42.3913351168277],[-70.9876359392121,42.391213189156],[-70.9874107243934,42.3909684613002],[-70.9873147947099,42.3907256783421],[-70.9876103701548,42.390265560854],[-70.987742015405,42.3899758679767],[-70.9877153303795,42.3893938218098],[-70.9877178929186,42.3890775385487],[-70.9875905657706,42.3888346159122],[-70.9872043891318,42.3883961075198],[-70.9868518524604,42.3879098243447],[-70.9865315881944,42.387544177303],[-70.9865003108257,42.3873016819392],[-70.9865349348731,42.3871320504823],[-70.986793909226,42.3870839132038],[-70.9871161384277,42.387207212543],[-70.987311128126,42.387305297724],[-70.9874410149703,42.3872319373656],[-70.9877972790465,42.3872581702431],[-70.9880230808065,42.3874289611746],[-70.9887348259247,42.3875786348687],[-70.9896084439765,42.3875825134869],[-70.989998751586,42.387510305168],[-70.9903898307571,42.3873422520523],[-70.990746201546,42.387126120546],[-70.9910392004008,42.3869809081785],[-70.9912359471353,42.3868612850825],[-70.9912369276126,42.3867394269306],[-70.9914982310909,42.3864010101859],[-70.9917566043869,42.3864267981445],[-70.9920488167577,42.3863787958796],[-70.9925339680652,42.3864548757383],[-70.9931176011856,42.3864574484154],[-70.9937678174963,42.3862179553906],[-70.9941266088391,42.3859278850502],[-70.9942560907088,42.3859038079336],[-70.9944505979464,42.3858320929588],[-70.9945848375018,42.3854438181432],[-70.9947789491243,42.3854213935711],[-70.9949072704001,42.3855424502275],[-70.9949393446757,42.3856890998651],[-70.9949047439645,42.3858587339069],[-70.9947408581074,42.3860278002592],[-70.9945457705216,42.3861720829635],[-70.9943510652631,42.3862684435709],[-70.9941875711585,42.3863882181661],[-70.9941865963729,42.3865100763531],[-70.9943813978159,42.3866327950428],[-70.9944780191466,42.3865606498222],[-70.9943827554227,42.3864630150985],[-70.9944465256911,42.3863414328482],[-70.9947077206648,42.3862453641024],[-70.9948710274725,42.3861488650497],[-70.9950016686162,42.3859796526053],[-70.9950988676801,42.3858349396037],[-70.9951336646337,42.3856406600205],[-70.9950373306894,42.3854458049748],[-70.9950076718201,42.3852279653974],[-70.9950109631336,42.3848158381112],[-70.9950132921767,42.3845241998418],[-70.9948853665024,42.3843538522971],[-70.9946903741573,42.3842557798855],[-70.9945306590723,42.3841345850171],[-70.9945314361524,42.3840373722507],[-70.9946925077154,42.3839887870758],[-70.9947911684218,42.3838920041682],[-70.9946290272418,42.3838433685985],[-70.9945003268578,42.3837702333741],[-70.994565941043,42.3836486590965],[-70.9947294273478,42.3835288838878],[-70.9949560109355,42.3836024485829],[-70.9951823982991,42.3837006583239],[-70.9953763186097,42.3837015090343],[-70.9955059920698,42.3836527850048],[-70.9952485903467,42.3835065163663],[-70.9951190160226,42.3833115154433],[-70.995055732047,42.3831414516825],[-70.995121344512,42.3830198770705],[-70.9950903308663,42.3829718174889],[-70.994961445823,42.3829219590689],[-70.9948969924409,42.3828983989989],[-70.9947660639538,42.3828731777488],[-70.994507309927,42.382896687521],[-70.9944768003129,42.3827856448352],[-70.9944467505535,42.3826170959764],[-70.9944471555686,42.3825664357852],[-70.9945380659714,42.3825148040159],[-70.9945386131891,42.382446344296],[-70.9944702807251,42.3824460440615],[-70.9944712330098,42.3823269241467],[-70.9946320376474,42.3823111997041],[-70.9946330005676,42.3821907105897],[-70.9944187699256,42.3821897693541],[-70.9944039953988,42.3821897044265],[-70.994406589875,42.381865205323],[-70.994421364326,42.3818652702502],[-70.9947279341908,42.381866617061],[-70.9947290282028,42.3817296975978],[-70.9947753404725,42.3817121008289],[-70.9947981802889,42.3816273080778],[-70.9948446237152,42.3815932809442],[-70.9948459909077,42.3814221316023],[-70.9950971548265,42.3814232341472],[-70.9950967503395,42.381473894354],[-70.99527958305,42.3814746965977],[-70.9953717807648,42.3814929011931],[-70.9955087167215,42.3814592706805],[-70.9956006523714,42.3815103357678],[-70.9957607777532,42.3815794998221],[-70.9959214491985,42.3815802039122],[-70.9961957243669,42.3814622812064],[-70.9964032523306,42.3813769275184],[-70.9967016756403,42.3812413091553],[-70.9969772501033,42.3811918524074],[-70.9973200668142,42.3812796130871],[-70.9976869036519,42.3813661083747],[-70.9980293201545,42.381504527153],[-70.9983721508817,42.3815909154965],[-70.9986463686558,42.3817126041335],[-70.9987819468048,42.3818501191035],[-70.9988957761143,42.3819355079749],[-70.9991022065982,42.3819884381217],[-70.9995807520985,42.3821959069361],[-70.9998545849698,42.3823668836936],[-71.0001502998488,42.3825735551481],[-71.0005165965015,42.3827298703253],[-71.0008807887578,42.3829190369954],[-71.001314882507,42.3831441057859],[-71.0017032180617,42.3833169435613],[-71.0020678269459,42.3834540770474],[-71.0023200377117,42.3835578614255],[-71.002822883994,42.3837311906652],[-71.0032558209809,42.3838699848415],[-71.0036915416779,42.3838896654037],[-71.0040570924272,42.3839076726204],[-71.0042173619486,42.3839603945283],[-71.0044242112582,42.3839612856975],[-71.0044260890986,42.3837216765897],[-71.0045168535432,42.383687836484],[-71.0045438129132,42.3833114112493],[-71.0046343085586,42.3833118009248],[-71.0046312302068,42.3837047598973],[-71.004675921683,42.3838939075866],[-71.0049289424561,42.3838949966182],[-71.0049285458299,42.3839456568303],[-71.0051113858106,42.3839464434491],[-71.0051799878007,42.3839125074897],[-71.0052719241145,42.3839649340145],[-71.0053395942048,42.3840501179193],[-71.0054758665137,42.3841013656483],[-71.0056142428338,42.3841197604734],[-71.0058888920676,42.3841894023707],[-71.0060936279128,42.3842245124798],[-71.0063222344333,42.3842775247825],[-71.0065968851322,42.3843471649873],[-71.0068492457088,42.3844331398813],[-71.007192371129,42.38448527201],[-71.0077866629681,42.3845398471513],[-71.0082688386933,42.3845241088273],[-71.0086586592711,42.3845093433529],[-71.0089565394519,42.3844421530572],[-71.0092546846506,42.3843407321096],[-71.0094846324946,42.3842212195319],[-71.0098537529997,42.3840174065684],[-71.0102216817703,42.3837286944304],[-71.0104303854883,42.3834899655867],[-71.0105577944864,42.38325499827],[-71.0107892681133,42.3826987017501],[-71.0109224751666,42.3821912796948],[-71.0109260226426,42.3817325990024],[-71.0109949700832,42.3811756108847],[-71.0109335092366,42.3807645772029],[-71.0110958618825,42.3805475578564],[-71.0113885930958,42.3804269389913],[-71.0116800015874,42.3804774689606],[-71.0119372493373,42.3806469772794],[-71.0120655832039,42.3807693841267],[-71.0124203325501,42.3809885975124],[-71.012711944916,42.3810131101272],[-71.0129706739169,42.3809909285993],[-71.01329516769,42.3808225159151],[-71.0134617820439,42.3802905857836],[-71.0132699164062,42.3800241413608],[-71.0131421404,42.3798291683971],[-71.0131757696973,42.3795390314842],[-71.0135327489087,42.3794679717287],[-71.0139539842596,42.3794464750589],[-71.0143093046214,42.3793507595405],[-71.0146775930676,42.3792496206686],[-71.0149061887988,42.3793026159759],[-71.0150881020753,42.3794225069039],[-71.0153147363963,42.3797315412775],[-71.0154737038816,42.3799540280031],[-71.0156330605131,42.380125854205],[-71.0157003419918,42.3802630615793],[-71.0160435778208,42.3802987369962],[-71.0162952612852,42.3802313334086],[-71.0165027476068,42.38014731264],[-71.0168947672404,42.3798408802359],[-71.0175867196163,42.3791933942569],[-71.0183021436261,42.3786144644359],[-71.0186015387737,42.3783432385945],[-71.0188566210023,42.3780704574026],[-71.0189485465188,42.3778818864854],[-71.0190175198063,42.3777972818975],[-71.0192247447078,42.3777461169289],[-71.0192938527759,42.377643712596],[-71.0193636057938,42.3774564179265],[-71.019343266754,42.3772167156338],[-71.0192058071632,42.3770792170339],[-71.0190919591753,42.3769938481645],[-71.0189779865235,42.3769249095617],[-71.0188417291558,42.3768723085427],[-71.01877404856,42.37678713244],[-71.0185461049431,42.3766492544839],[-71.0184085232004,42.3765281852956],[-71.0181581502897,42.3764258129532],[-71.0178624053154,42.3762191874976],[-71.0174499375106,42.3760627336714],[-71.0171313783362,42.3759422728751],[-71.0170390465236,42.3759418852759],[-71.0168349904284,42.3758205350688],[-71.0166048102071,42.3757346750266],[-71.0164686829983,42.3756656407996],[-71.0161940591327,42.375596024022],[-71.016080228357,42.3755092829446],[-71.0160349743346,42.3753899684535],[-71.0160132130664,42.3753378456772],[-71.0158765633004,42.3753372706758],[-71.0154887520009,42.3750973896917],[-71.0155339936654,42.374977086861],[-71.0155810712746,42.3748581609841],[-71.0156973956166,42.3746190332573],[-71.0157447452327,42.3744645081329],[-71.015952737334,42.374312028299],[-71.0160217107358,42.3742274254384],[-71.0151329492462,42.3735732922127],[-71.014950538165,42.3735204919523],[-71.0148591236521,42.3734009822789],[-71.0147235286611,42.3732634859915],[-71.0146555947926,42.3732125373756],[-71.0144960059799,42.3730735703294],[-71.0143361339875,42.3729715714367],[-71.0141542512092,42.3728503099437],[-71.0138126356813,42.3726092489406],[-71.0135170491315,42.372386181742],[-71.0133335759353,42.372232050341],[-71.0131975968381,42.3721452125961],[-71.0130839028756,42.3720420380927],[-71.0128311930445,42.3720067370078],[-71.0125808576126,42.3719029832223],[-71.0121456075001,42.3718326758946],[-71.0117803884706,42.3717804643435],[-71.0113661134767,42.3718635984366],[-71.0109995716433,42.3719825343178],[-71.0107917023502,42.3721185748866],[-71.010539123437,42.372305086881],[-71.0101928908354,42.3726623550908],[-71.0099843492503,42.3728846537095],[-71.0101215251475,42.3730550242303],[-71.0103929492043,42.3732971667328],[-71.0103908398883,42.3735696372781],[-71.0101623866836,42.3737398201706],[-71.0097236770418,42.374114493239],[-71.0093317962542,42.3744031020297],[-71.0091228526943,42.3746760593335],[-71.0089392421221,42.3747779689517],[-71.008823285386,42.374966429506],[-71.0088678556303,42.3751720063223],[-71.0089357869409,42.3752229583333],[-71.0089113736008,42.3755131337094],[-71.0087718133983,42.3756494621766],[-71.0086737613535,42.3756723205707],[-71.0084131581868,42.3759382096698],[-71.0083468335204,42.3761556358968],[-71.0080514855478,42.3766144389385],[-71.008243883128,42.3768083248067],[-71.0081132963627,42.376977552642],[-71.0076907537989,42.3771688084073],[-71.0072982380241,42.3777723333197],[-71.0070667623925,42.3783272542481],[-71.0065789517306,42.3788345212717],[-71.0061887379883,42.3789040475842],[-71.0058319355965,42.3789518082189],[-71.0057340118758,42.3791937434676],[-71.0055057292434,42.379337902161],[-71.0051491274556,42.3793596459415],[-71.0046979965345,42.379189287722],[-71.0044067927007,42.3791140945179],[-71.0042128863366,42.3791132590274],[-71.0039550963182,42.3790163007865],[-71.0034715041374,42.3787472122659],[-71.0029540941995,42.3785519146901],[-71.002567620422,42.3783804581291],[-71.0019868570161,42.3782574520929],[-71.0014374897409,42.3781345791794],[-71.0009531478832,42.3779626929692],[-71.0001463957859,42.3776935572352],[-70.9998213791836,42.3776921445719],[-70.9995294187251,42.3777141519418],[-70.9994326215967,42.3778109470852],[-70.9991742803718,42.3777851763128],[-70.9987846292495,42.3777834793202],[-70.9984317918334,42.3775642317819],[-70.9980128569583,42.3772967712044],[-70.9978518934828,42.3771016360886],[-70.9978545787746,42.3767634445636],[-70.9979547559531,42.3764736020661],[-71.0016033227197,42.3692776546483],[-71.001603894543,42.3692050870904],[-71.0015404130172,42.3690596719357],[-71.0013152016934,42.3688177084519],[-71.0010922273146,42.3685264613452],[-71.0007372088577,42.3683551343878],[-71.0002225069165,42.3680626189163],[-70.9997390143627,42.3677935140354],[-70.9994513037273,42.3672842718294],[-70.9994727796454,42.3669037146704],[-70.999702812538,42.3667677907707],[-71.0001169396319,42.3667011289853],[-71.0004823792137,42.36672051683],[-71.0007328147853,42.366806497467],[-71.0009848165529,42.3669280847641],[-71.0013741310197,42.3669640043063],[-71.0016497798665,42.3668967366067],[-71.001968803037,42.3669487805224],[-71.0021985613341,42.3668470816326],[-71.0023827888936,42.3668999101813],[-71.0023598633128,42.3667628863325],[-71.0023394628767,42.3665396108575],[-71.002156163198,42.3663690310241],[-71.0023641722059,42.3662152062813],[-71.0025016098277,42.3661131073168],[-71.0024809290923,42.3659254310425],[-71.002550729738,42.3657367768722],[-71.002414370112,42.3657019558685],[-71.0021622303882,42.3655981712749],[-71.0019342231492,42.3654780596616],[-71.001798673239,42.365340547894],[-71.0016396611301,42.3651344719423],[-71.0014779610042,42.3648010441053],[-71.0013856434746,42.3640982199881],[-71.0016146356562,42.3638582249119],[-71.001518314921,42.3636633743257],[-71.0011980778436,42.3632991352906],[-71.0008124583794,42.3630318281652],[-71.0006182792282,42.3628379212479],[-71.0003939989948,42.3627150841372],[-71.0000395886014,42.3624711871405],[-70.9992362897106,42.361791283691],[-70.9990411649904,42.3617178637734],[-70.9987828896486,42.3616920920282],[-70.9984934133625,42.361642906428],[-70.9982667196979,42.3615926247537],[-70.99797694107,42.3613490032147],[-70.9978186253639,42.3610580313108],[-70.9975273065313,42.3610088352108],[-70.9972352263936,42.3610554824655],[-70.9970406025398,42.3611518481752],[-70.9967161664022,42.3613202157616],[-70.9964537367882,42.3615847013483],[-70.9961306492502,42.3615832863358],[-70.9959697206552,42.3613895170936],[-70.9957450616599,42.3613159621182],[-70.9953885581139,42.3613376757325],[-70.9951291165269,42.3614584002913],[-70.9948358735109,42.3616501767494],[-70.9943825765175,42.3617700479904],[-70.9940274170204,42.3616233456792],[-70.9938001462702,42.3616456228456],[-70.9935074684384,42.3617661974691],[-70.9932499739286,42.3616432000448],[-70.9930570868753,42.3615218560795],[-70.9927343840266,42.361472509499],[-70.992473497068,42.3615425594936],[-70.9917298584,42.3614913517892],[-70.9910190671182,42.3614882083694],[-70.9907263847139,42.3616087759199],[-70.9902725065093,42.3617998293877],[-70.989558108891,42.3620143716192],[-70.9889427293115,42.3620842090249],[-70.9881994859437,42.3619836872918],[-70.9879417902821,42.3618866927934],[-70.9876514623131,42.3617156128691],[-70.9872004340727,42.3613261050872],[-70.9869139114843,42.3609140522473],[-70.9861468853116,42.3596522868735],[-70.9864729082302,42.3592908917281],[-70.9860003548031,42.3576908650886],[-70.9869772882054,42.3569695242343],[-70.9885412729797,42.355790719012],[-70.9892889428534,42.3553339733719],[-70.9899729626803,42.3547564464665],[-70.9901685486267,42.3545396027499],[-70.9907225498775,42.354058711722],[-70.9910801925346,42.3538905078264],[-70.9914042093102,42.353771447168],[-70.9917918663576,42.3537731610099],[-70.9920523482643,42.3537496653442],[-70.9922450118916,42.3538956568591],[-70.9925676757107,42.3539450048961],[-70.9932804147452,42.3539248704321],[-70.9941859244869,42.3538069935195],[-70.9949276479991,42.354318245822],[-70.9959876889362,42.3551951095116],[-70.9962139871503,42.3552919486513],[-70.9965039992543,42.3552699415021],[-70.9968610562508,42.3551742874355],[-70.9970890754693,42.355054790767],[-70.9973172896565,42.3549106479857],[-70.9974798184272,42.3546690009308],[-70.9976738454702,42.3546452021149],[-70.9982220349361,42.3548899527468],[-70.9986092445269,42.35518192275],[-70.9985742905104,42.3553994811795],[-70.9982826170948,42.3553982090418],[-70.9980239767498,42.3554217268691],[-70.9978626001074,42.3555182391299],[-70.9981854720771,42.3555429257316],[-70.9983791106986,42.3555684170416],[-70.9984095380448,42.3556890437978],[-70.9989583141393,42.355861223104],[-70.9997015134948,42.3559603062443],[-71.0003175213168,42.3560355547351],[-71.0010612863773,42.3560634305218],[-71.0015137638207,42.3560407462378],[-71.001837200536,42.3559942240149],[-71.0022272885238,42.3559233428997],[-71.0028743528966,42.3558056478658],[-71.0031665981916,42.3557343405727],[-71.0034250444494,42.3557354568446],[-71.0037820936075,42.3556397812995],[-71.0039118856002,42.3555677710252],[-71.0040414840851,42.355520406269],[-71.0043339198451,42.3554244503388],[-71.0045611752579,42.3554007831226],[-71.0047873347157,42.3552812632437],[-71.0049503533609,42.3552093948766],[-71.0051779825982,42.355137804306],[-71.0053721901699,42.3550907160381],[-71.0053079646897,42.355041146778],[-71.0051787429613,42.3550405908303],[-71.0049180677479,42.3550887618912],[-71.0047574634835,42.3550880703612],[-71.004658873665,42.3551834932418],[-71.0044336581573,42.3551825229393],[-71.0039137860117,42.3553254219781],[-71.0036219194556,42.3553488090487],[-71.003072747937,42.3552259433089],[-71.0027519742432,42.3549342757126],[-71.0025294297792,42.3545937391493],[-71.0028547627875,42.3543048649705],[-71.0031461014505,42.3541130597781],[-71.0034387255057,42.3539924604219],[-71.0036043959335,42.3535824005228],[-71.0042956577876,42.3520614063006],[-71.0044337858484,42.3509241539662],[-71.0047685655209,42.3494248966125],[-71.004879275395,42.3477795325147],[-71.0047221385505,42.3471024451394],[-71.0060188723655,42.3467451714499],[-71.0065377295515,42.3467227528013],[-71.0075413107785,42.3465572680992],[-71.0140766232631,42.3507475956017],[-71.0140439388781,42.3509172445349],[-71.0149131574726,42.3514289064345],[-71.0150757873802,42.35140494586],[-71.0166518251296,42.3524275646456],[-71.0191994549938,42.3536240146329],[-71.0263893277175,42.3571385867915],[-71.0262894857371,42.3574051788116],[-71.0263209110944,42.3576462957756],[-71.0269670472801,42.3576489552765],[-71.0273547290175,42.3576505492346],[-71.0281936623915,42.3580414909545],[-71.0281277819363,42.3582110072826],[-71.027998737424,42.358185831287],[-71.0274065412803,42.359611523667],[-71.0276002143442,42.3596355965455],[-71.0274346733873,42.3600470596498],[-71.027142977979,42.3600458607112],[-71.0261880876514,42.3623162486271],[-71.0261476346729,42.3635264951297],[-71.0261750316518,42.3640592444563],[-71.0263355161516,42.3643255390648],[-71.0264636705123,42.3644712067536],[-71.026623571315,42.3645690813777],[-71.0268185627121,42.3646657308993],[-71.027076319045,42.3647640074234],[-71.0271068055386,42.364884626332],[-71.0276886154175,42.3651047269113],[-71.0285054179712,42.3640195284248],[-71.0281832160372,42.3638977135643],[-71.0284783586074,42.3634388575283],[-71.0288981865142,42.363343361506],[-71.0291893570382,42.3634171237791],[-71.0293839286849,42.3633220729262],[-71.0295146136615,42.3631281747622],[-71.0298400954508,42.3630569357456],[-71.0298363197994,42.3635649102846],[-71.0303530942412,42.3635916680366],[-71.0303547106071,42.3633739646639],[-71.0305823404632,42.3633023239422],[-71.030585215966,42.3629148392845],[-71.031264638785,42.3629176102678],[-71.0312678651969,42.3624822034203],[-71.0313971023503,42.3624827300516],[-71.0313599239673,42.3630152149695],[-71.0314570658489,42.3631114579076],[-71.0314179097516,42.3639109374728],[-71.0316136161498,42.363911734631],[-71.0316505585535,42.3631615388187],[-71.0318776491404,42.3631624633328],[-71.0319149425904,42.3623643451669],[-71.0320460257502,42.362364878583],[-71.0320436960646,42.3626797955137],[-71.0323335574602,42.3626809745148],[-71.0324417923962,42.3612765687986],[-71.0325710270963,42.361277094111],[-71.0324976466333,42.3624625623853],[-71.0327561208825,42.362463612739],[-71.0327543307573,42.3627059618628],[-71.0334981884869,42.3627336278237],[-71.0335019346827,42.3622256530702],[-71.033600320341,42.3621534820909],[-71.0336772528753,42.3604833145529],[-71.0338397173313,42.360483973177],[-71.0336231459184,42.363314694458],[-71.0339143218197,42.3633884447698],[-71.0355799881186,42.3613385766937],[-71.0356773047005,42.3614115396236],[-71.035643369273,42.3615072497829],[-71.0341078274015,42.36343715234],[-71.0341046204893,42.3638725591736],[-71.034330645205,42.364018614446],[-71.0345905463057,42.3638266029386],[-71.0344304536562,42.3637533850443],[-71.0354086419401,42.362546928119],[-71.0355376982976,42.3625720957756],[-71.0347863597655,42.3635617616687],[-71.0347849399063,42.363754819424],[-71.0350113180499,42.3638529512271],[-71.035010432322,42.3639734411684],[-71.0353012507554,42.3640964792961],[-71.0355604455063,42.3640003098729],[-71.0357866549099,42.3641217166103],[-71.0361407918316,42.3641710689466],[-71.0371868318223,42.3627718072454],[-71.0374776489643,42.3628948399032],[-71.0371513679408,42.3633289471055],[-71.0372802563172,42.3633773892743],[-71.0364636025665,42.364464019431],[-71.0373654673226,42.3648537774179],[-71.0374642030847,42.3647336810421],[-71.0373997624263,42.3647087754843],[-71.0374323912962,42.3645391204404],[-71.0376930706676,42.3644922449873],[-71.0388356164021,42.3630207864218],[-71.0397082735796,42.3633638547666],[-71.0384983955266,42.364955545151],[-71.0391428411612,42.3652004853171],[-71.0393701186535,42.3651767493681],[-71.0405783978229,42.3638027533978],[-71.04180399679,42.3643635554902],[-71.0405639877049,42.3657867301263],[-71.0414350247382,42.366105132115],[-71.0415987341453,42.3659359985081],[-71.0417590191642,42.3659845607197],[-71.0416617787832,42.3661539594417],[-71.0423708715001,42.366399138949],[-71.0416540597438,42.3672191998441],[-71.0420091925272,42.3673890313342],[-71.0424000843453,42.3669551678637],[-71.0428547227285,42.3666420498108],[-71.0432411621645,42.3670790043121],[-71.0421300348131,42.3685506302482],[-71.0424190417131,42.3686736429013],[-71.0425825769024,42.3685291536479],[-71.042809162377,42.3686026243417],[-71.0432339936623,42.368071676823],[-71.0433298290196,42.3680967037195],[-71.0428075887448,42.3688203276306],[-71.0430653868471,42.3689185682293],[-71.043489516463,42.3684848332308],[-71.0436498093926,42.3685333927796],[-71.0433890367346,42.3688472836294],[-71.0430293613995,42.3693045514329],[-71.0440313799182,42.3696480999055],[-71.0444858520871,42.3693596212496],[-71.0446147583695,42.3694080551333],[-71.0438327916834,42.3703004409226],[-71.0444126855664,42.3705450949558],[-71.0446077886123,42.3703760815581],[-71.0449632918265,42.3704979817128],[-71.0447018177829,42.3709090887832],[-71.0448307273887,42.3709575224078],[-71.0449901509481,42.3711279390857],[-71.0449248338695,42.3712235276002],[-71.0455399913634,42.3714450382497],[-71.0454075016606,42.3716375777553],[-71.0447943567918,42.3713927972731],[-71.0446638790158,42.3715620667916]]],[[[-71.0995899608152,42.3546262334477],[-71.0996063123111,42.3514592321777],[-71.0996247542906,42.3514620348757],[-71.0996269592679,42.3546140390863],[-71.0995899608152,42.3546262334477]]],[[[-71.0784986593294,42.3554586705669],[-71.0806143659157,42.354888584925],[-71.0808014227117,42.3547975276275],[-71.0808335672009,42.3546826283383],[-71.0809586292607,42.3544749590907],[-71.0813933582919,42.3543382487716],[-71.0814873509752,42.3543618680201],[-71.0816731917653,42.3544542835226],[-71.081983322531,42.3544554112626],[-71.0826360322556,42.3542962112658],[-71.0842857070773,42.353840751576],[-71.0844415264487,42.353726298298],[-71.0845049017723,42.3536334187325],[-71.0845665747749,42.353518625083],[-71.0847536308187,42.353426192118],[-71.0850031354234,42.3533819077578],[-71.0852820318195,42.3533596367565],[-71.0852197588243,42.3535661679449],[-71.0850645429279,42.3535888851335],[-71.0849687266613,42.3538432186652],[-71.0846572325112,42.3540502190538],[-71.0842834308063,42.3541871619558],[-71.0782472889991,42.3557808904276],[-71.0781542193368,42.3558955655154],[-71.0778434602781,42.3559875337222],[-71.077439026652,42.3560079562715],[-71.0760386128973,42.3564423292057],[-71.0753515400328,42.3570395228184],[-71.0750700052811,42.3571767764786],[-71.0745420220798,42.3571748243976],[-71.0745426390437,42.3570830873766],[-71.0746369462635,42.357060159094],[-71.075042325674,42.3569000870493],[-71.0751040190312,42.3567852985584],[-71.0751364875248,42.356623847791],[-71.0751065019933,42.3564156120002],[-71.0752329634853,42.3562777855691],[-71.0758555651823,42.3559336648975],[-71.0776607101507,42.3554323190946],[-71.077847471297,42.3553864505448],[-71.0780628373827,42.355480349493],[-71.0784986593294,42.3554586705669]]],[[[-71.0750676784266,42.3575231864172],[-71.075063953567,42.3580777161052],[-71.0749682345408,42.3585853515177],[-71.0748445434123,42.3585848943202],[-71.0748754802076,42.3583768837635],[-71.0749104342653,42.3578457466816],[-71.0748527699192,42.3573608214419],[-71.0750079987361,42.3573381180557],[-71.0750676784266,42.3575231864172]]]]},"properties":{"year":1995}}]}